// Generated table data; do not edit by hand.

pub const G_A_SFTBL_AT5: [u8; 256] = [
    0x00, 0x2a, 0xe4, 0x3c, 0x00, 0xbc, 0x0f, 0x3d, 0x00, 0x18, 0x35, 0x3d, 0x00, 0x2a, 0x64, 0x3d,
    0x00, 0xbc, 0x8f, 0x3d, 0x00, 0x18, 0xb5, 0x3d, 0x00, 0x2a, 0xe4, 0x3d, 0x00, 0xbc, 0x0f, 0x3e,
    0x00, 0x18, 0x35, 0x3e, 0x00, 0x2a, 0x64, 0x3e, 0x00, 0xbc, 0x8f, 0x3e, 0x00, 0x18, 0xb5, 0x3e,
    0x00, 0x2a, 0xe4, 0x3e, 0x00, 0xbc, 0x0f, 0x3f, 0x00, 0x18, 0x35, 0x3f, 0x00, 0x2a, 0x64, 0x3f,
    0x00, 0xbc, 0x8f, 0x3f, 0x00, 0x18, 0xb5, 0x3f, 0x00, 0x2a, 0xe4, 0x3f, 0x00, 0xbc, 0x0f, 0x40,
    0x00, 0x18, 0x35, 0x40, 0x00, 0x2a, 0x64, 0x40, 0x00, 0xbc, 0x8f, 0x40, 0x00, 0x18, 0xb5, 0x40,
    0x00, 0x2a, 0xe4, 0x40, 0x00, 0xbc, 0x0f, 0x41, 0x00, 0x18, 0x35, 0x41, 0x00, 0x2a, 0x64, 0x41,
    0x00, 0xbc, 0x8f, 0x41, 0x00, 0x18, 0xb5, 0x41, 0x00, 0x2a, 0xe4, 0x41, 0x00, 0xbc, 0x0f, 0x42,
    0x00, 0x18, 0x35, 0x42, 0x00, 0x2a, 0x64, 0x42, 0x00, 0xbc, 0x8f, 0x42, 0x00, 0x18, 0xb5, 0x42,
    0x00, 0x2a, 0xe4, 0x42, 0x00, 0xbc, 0x0f, 0x43, 0x00, 0x18, 0x35, 0x43, 0x00, 0x2a, 0x64, 0x43,
    0x00, 0xbc, 0x8f, 0x43, 0x00, 0x18, 0xb5, 0x43, 0x00, 0x2a, 0xe4, 0x43, 0x00, 0xbc, 0x0f, 0x44,
    0x00, 0x18, 0x35, 0x44, 0x00, 0x2a, 0x64, 0x44, 0x00, 0xbc, 0x8f, 0x44, 0x00, 0x18, 0xb5, 0x44,
    0x00, 0x2a, 0xe4, 0x44, 0x00, 0xbc, 0x0f, 0x45, 0x00, 0x18, 0x35, 0x45, 0x00, 0x2a, 0x64, 0x45,
    0x00, 0xbc, 0x8f, 0x45, 0x00, 0x18, 0xb5, 0x45, 0x00, 0x2a, 0xe4, 0x45, 0x00, 0xbc, 0x0f, 0x46,
    0x00, 0x18, 0x35, 0x46, 0x00, 0x2a, 0x64, 0x46, 0x00, 0xbc, 0x8f, 0x46, 0x00, 0x18, 0xb5, 0x46,
    0x00, 0x2a, 0xe4, 0x46, 0x00, 0xbc, 0x0f, 0x47, 0x00, 0x18, 0x35, 0x47, 0x00, 0x2a, 0x64, 0x47,
];

pub const G_A_SFTBL_GHA_AT5: [u8; 256] = [
    0x00, 0x38, 0x18, 0x3f, 0x00, 0x04, 0x35, 0x3f, 0x00, 0x44, 0x57, 0x3f, 0x00, 0x00, 0x80, 0x3f,
    0x00, 0x38, 0x98, 0x3f, 0x00, 0x04, 0xb5, 0x3f, 0x00, 0x44, 0xd7, 0x3f, 0x00, 0x00, 0x00, 0x40,
    0x00, 0x38, 0x18, 0x40, 0x00, 0x04, 0x35, 0x40, 0x00, 0x44, 0x57, 0x40, 0x00, 0x00, 0x80, 0x40,
    0x00, 0x38, 0x98, 0x40, 0x00, 0x04, 0xb5, 0x40, 0x00, 0x44, 0xd7, 0x40, 0x00, 0x00, 0x00, 0x41,
    0x00, 0x38, 0x18, 0x41, 0x00, 0x04, 0x35, 0x41, 0x00, 0x44, 0x57, 0x41, 0x00, 0x00, 0x80, 0x41,
    0x00, 0x38, 0x98, 0x41, 0x00, 0x04, 0xb5, 0x41, 0x00, 0x44, 0xd7, 0x41, 0x00, 0x00, 0x00, 0x42,
    0x00, 0x38, 0x18, 0x42, 0x00, 0x04, 0x35, 0x42, 0x00, 0x44, 0x57, 0x42, 0x00, 0x00, 0x80, 0x42,
    0x00, 0x38, 0x98, 0x42, 0x00, 0x04, 0xb5, 0x42, 0x00, 0x44, 0xd7, 0x42, 0x00, 0x00, 0x00, 0x43,
    0x00, 0x38, 0x18, 0x43, 0x00, 0x04, 0x35, 0x43, 0x00, 0x44, 0x57, 0x43, 0x00, 0x00, 0x80, 0x43,
    0x00, 0x38, 0x98, 0x43, 0x00, 0x04, 0xb5, 0x43, 0x00, 0x44, 0xd7, 0x43, 0x00, 0x00, 0x00, 0x44,
    0x00, 0x38, 0x18, 0x44, 0x00, 0x04, 0x35, 0x44, 0x00, 0x44, 0x57, 0x44, 0x00, 0x00, 0x80, 0x44,
    0x00, 0x38, 0x98, 0x44, 0x00, 0x04, 0xb5, 0x44, 0x00, 0x44, 0xd7, 0x44, 0x00, 0x00, 0x00, 0x45,
    0x00, 0x38, 0x18, 0x45, 0x00, 0x04, 0x35, 0x45, 0x00, 0x44, 0x57, 0x45, 0x00, 0x00, 0x80, 0x45,
    0x00, 0x38, 0x98, 0x45, 0x00, 0x04, 0xb5, 0x45, 0x00, 0x44, 0xd7, 0x45, 0x00, 0x00, 0x00, 0x46,
    0x00, 0x38, 0x18, 0x46, 0x00, 0x04, 0x35, 0x46, 0x00, 0x44, 0x57, 0x46, 0x00, 0x00, 0x80, 0x46,
    0x00, 0x38, 0x98, 0x46, 0x00, 0x04, 0xb5, 0x46, 0x00, 0x44, 0xd7, 0x46, 0x00, 0x00, 0x00, 0x47,
];

pub const G_A_ISPS_AT5: [u8; 66] = [
    0x00, 0x00, 0x10, 0x00, 0x20, 0x00, 0x30, 0x00, 0x40, 0x00, 0x50, 0x00, 0x60, 0x00, 0x70, 0x00,
    0x80, 0x00, 0xa0, 0x00, 0xc0, 0x00, 0xe0, 0x00, 0x00, 0x01, 0x20, 0x01, 0x40, 0x01, 0x60, 0x01,
    0x80, 0x01, 0xc0, 0x01, 0x00, 0x02, 0x40, 0x02, 0x80, 0x02, 0xc0, 0x02, 0x00, 0x03, 0x80, 0x03,
    0x00, 0x04, 0x80, 0x04, 0x00, 0x05, 0x80, 0x05, 0x00, 0x06, 0x80, 0x06, 0x00, 0x07, 0x80, 0x07,
    0x00, 0x08,
];

pub const G_A_NSPS_AT5: [u8; 32] = [
    0x10, 0x10, 0x10, 0x10, 0x10, 0x10, 0x10, 0x10, 0x20, 0x20, 0x20, 0x20, 0x20, 0x20, 0x20, 0x20,
    0x40, 0x40, 0x40, 0x40, 0x40, 0x40, 0x80, 0x80, 0x80, 0x80, 0x80, 0x80, 0x80, 0x80, 0x80, 0x80,
];

pub const G_A_NSTEPS_AT5: [u8; 8] = [0x00, 0x01, 0x02, 0x03, 0x05, 0x07, 0x0f, 0x1f];

pub const G_A_IFQF_AT5: [u8; 32] = [
    0x00, 0x00, 0x00, 0x00, 0x00, 0x7e, 0x3f, 0x3f, 0x00, 0xcc, 0xe5, 0x3e, 0x00, 0x24, 0xa4, 0x3e,
    0x00, 0xe6, 0x50, 0x3e, 0x00, 0x32, 0x19, 0x3e, 0x00, 0x42, 0x94, 0x3d, 0x00, 0xe6, 0x11, 0x3d,
];

pub const G_A_SPCLEV_AT5: [u8; 64] = [
    0x00, 0x00, 0x7e, 0x40, 0x00, 0x00, 0x4a, 0x40, 0x00, 0x00, 0x20, 0x40, 0x00, 0x00, 0x00, 0x40,
    0x00, 0x00, 0xcc, 0x3f, 0x00, 0x00, 0xa0, 0x3f, 0x00, 0x00, 0x80, 0x3f, 0x00, 0x00, 0x48, 0x3f,
    0x00, 0x00, 0x20, 0x3f, 0x00, 0x00, 0x00, 0x3f, 0x00, 0x00, 0xd0, 0x3e, 0x00, 0x00, 0xa0, 0x3e,
    0x00, 0x00, 0x80, 0x3e, 0x00, 0x00, 0x40, 0x3e, 0x00, 0x00, 0x20, 0x3e, 0x00, 0x00, 0x00, 0x00,
];

pub const G_A_RNDTBL_AT5: [u8; 2048] = [
    0x43, 0xfe, 0xd7, 0xf8, 0x2c, 0x02, 0xf7, 0xec, 0x31, 0xde, 0x56, 0xf3, 0xed, 0x20, 0x92, 0x02,
    0x8a, 0xa3, 0x3b, 0xc7, 0x94, 0xe2, 0x8c, 0x15, 0x09, 0x3c, 0x93, 0x07, 0x92, 0xec, 0xdd, 0x34,
    0x5a, 0xfe, 0x1a, 0x11, 0xc1, 0x37, 0xcd, 0xf3, 0x38, 0xb5, 0x43, 0x32, 0x52, 0xf5, 0x3a, 0xdf,
    0x3f, 0x1d, 0x4c, 0x21, 0x0c, 0xac, 0x21, 0x16, 0xe6, 0xf4, 0x57, 0xf9, 0x58, 0x09, 0x4f, 0xdb,
    0x2b, 0xd2, 0x63, 0x08, 0xfc, 0xf3, 0x02, 0x1b, 0xb7, 0xdb, 0x53, 0xa3, 0x77, 0x06, 0x63, 0xf2,
    0xde, 0xe7, 0x0c, 0x26, 0x80, 0x1a, 0xde, 0xd9, 0xd4, 0xcf, 0x67, 0x3d, 0x3b, 0xf3, 0xc8, 0x29,
    0x90, 0xda, 0xdb, 0xdb, 0x51, 0x21, 0xb8, 0xd1, 0x37, 0x1c, 0xe0, 0xfb, 0x4c, 0xd0, 0x30, 0xfb,
    0xaf, 0x0c, 0xce, 0x1d, 0xbb, 0x18, 0x80, 0x12, 0x43, 0xfd, 0xc8, 0xe6, 0x5d, 0x28, 0x92, 0xea,
    0xd7, 0x2c, 0x5c, 0xd2, 0x5b, 0xab, 0x1a, 0xff, 0xc0, 0x1a, 0x5a, 0x22, 0xdb, 0xd4, 0x27, 0xfa,
    0x21, 0x10, 0x2a, 0x0d, 0x5f, 0x09, 0x9a, 0xe8, 0xc5, 0x30, 0x44, 0x1b, 0xd0, 0x05, 0x7b, 0x01,
    0x38, 0xde, 0xff, 0xfc, 0xae, 0xe3, 0x18, 0x26, 0x9f, 0xd1, 0xeb, 0xd7, 0x1f, 0xee, 0x91, 0xf1,
    0x20, 0xe7, 0x26, 0x2c, 0x00, 0x03, 0x1d, 0x1c, 0x72, 0xfc, 0x5f, 0xa9, 0x7b, 0xf4, 0x38, 0x12,
    0x8c, 0xdc, 0xd2, 0x41, 0x8a, 0xf9, 0xdc, 0x3d, 0x93, 0x2f, 0x2b, 0xb2, 0xf9, 0x17, 0x8e, 0xec,
    0xd1, 0x00, 0xa0, 0x03, 0x02, 0xec, 0xa0, 0x4d, 0xf0, 0x1b, 0x2c, 0x08, 0x37, 0xd7, 0x49, 0x0b,
    0xc6, 0x13, 0x05, 0xf7, 0x90, 0xf5, 0x90, 0xcb, 0x13, 0xcd, 0x03, 0xf1, 0x3a, 0x1c, 0xa3, 0x17,
    0xe9, 0xe9, 0xd0, 0x04, 0x12, 0xf8, 0x8e, 0x00, 0x96, 0x0f, 0x89, 0x2b, 0xc8, 0x20, 0x39, 0xf9,
    0x86, 0x34, 0x93, 0x15, 0x7b, 0x9e, 0xb9, 0x11, 0x25, 0xe7, 0x73, 0xe4, 0x27, 0xc7, 0x8e, 0xf5,
    0xe9, 0xdb, 0x9a, 0xfd, 0xdf, 0x13, 0x14, 0xd0, 0x94, 0xc6, 0x2a, 0x37, 0x53, 0xe0, 0xd1, 0x3f,
    0x05, 0x13, 0xd8, 0x30, 0x4b, 0x1a, 0xdb, 0xcd, 0xb6, 0xab, 0x0b, 0xc8, 0xb0, 0x10, 0x75, 0xf9,
    0x25, 0x33, 0x74, 0x1b, 0xc7, 0xf9, 0x14, 0x2b, 0x8e, 0x0d, 0x40, 0x8f, 0x8c, 0xd8, 0x61, 0x31,
    0x76, 0x26, 0xb6, 0x31, 0xac, 0x0b, 0x4f, 0xd1, 0xe6, 0xfd, 0x85, 0xe2, 0x5b, 0x21, 0x24, 0x18,
    0x02, 0xe4, 0x23, 0xe9, 0xea, 0xd9, 0x84, 0x0c, 0xd5, 0x0d, 0xf2, 0xbd, 0x19, 0x00, 0xf9, 0x10,
    0x32, 0x0e, 0x2c, 0xe1, 0xf2, 0x1f, 0xc4, 0x01, 0xb3, 0xfa, 0xae, 0xf9, 0x77, 0x49, 0x16, 0x23,
    0x50, 0x23, 0x9e, 0x39, 0x48, 0xd6, 0x49, 0x0e, 0xc2, 0xfe, 0x3d, 0x25, 0x4c, 0x04, 0x37, 0xa5,
    0x40, 0x06, 0xae, 0x37, 0xe2, 0x09, 0xbb, 0xdc, 0xc5, 0xfd, 0x3b, 0xf5, 0xd8, 0xfa, 0x5a, 0xbc,
    0x9e, 0xf6, 0xa2, 0x06, 0x58, 0x1b, 0xfb, 0xe7, 0x09, 0x09, 0x26, 0xfc, 0xcf, 0x29, 0x97, 0x22,
    0x28, 0xdc, 0x7d, 0x16, 0x46, 0x04, 0xb6, 0x26, 0xfb, 0xfa, 0x2f, 0x29, 0x9f, 0xe1, 0xfa, 0x0a,
    0x04, 0xcf, 0xc5, 0x0b, 0xbc, 0xf6, 0xf7, 0x16, 0x5d, 0xbe, 0xd0, 0xdf, 0x55, 0x19, 0x6e, 0xe7,
    0x2f, 0x15, 0x58, 0x36, 0x16, 0x32, 0x54, 0xfc, 0x04, 0x17, 0xe0, 0x1f, 0xf9, 0x9d, 0x2c, 0xe5,
    0x19, 0x4e, 0x60, 0x2f, 0x2e, 0x2f, 0x42, 0xfa, 0xab, 0x0d, 0x87, 0xeb, 0x2e, 0xf9, 0x6f, 0x24,
    0xc8, 0xf7, 0xa8, 0xd0, 0x26, 0xdc, 0xf1, 0xf0, 0x85, 0x05, 0xb6, 0xf5, 0x41, 0x06, 0x13, 0xfc,
    0xf2, 0xff, 0xe4, 0x2b, 0xbc, 0xfe, 0x98, 0x2c, 0x9f, 0x29, 0x2c, 0xeb, 0xfc, 0x30, 0x26, 0x04,
    0xe5, 0x0f, 0xa8, 0xed, 0x53, 0xd3, 0x8b, 0xe8, 0xa9, 0x25, 0xaf, 0x38, 0x38, 0x60, 0xed, 0xa9,
    0x6a, 0xf0, 0xbb, 0x23, 0xd9, 0xd9, 0x6d, 0x19, 0x83, 0x26, 0x08, 0x1d, 0x1c, 0xd1, 0x5b, 0xd6,
    0x55, 0xb6, 0xb3, 0xea, 0x14, 0x38, 0xaa, 0x0a, 0x68, 0x14, 0xf1, 0x21, 0xf9, 0xe0, 0xf2, 0xf0,
    0x76, 0xea, 0xbf, 0xed, 0x52, 0x3b, 0x1c, 0x0f, 0xf1, 0xb8, 0xc6, 0xfc, 0xaf, 0xed, 0x93, 0x00,
    0x85, 0x03, 0xe7, 0xd8, 0xd6, 0x5a, 0xbd, 0x39, 0x0b, 0x55, 0xa2, 0xa8, 0x01, 0xf0, 0xb5, 0x0b,
    0xfb, 0xe4, 0x8c, 0xe1, 0x54, 0x66, 0xf0, 0xd2, 0x0c, 0xe0, 0xf6, 0x17, 0x94, 0xe7, 0x8c, 0x09,
    0xc2, 0x09, 0x29, 0xdb, 0x7c, 0xd0, 0xf0, 0xe6, 0xbb, 0xfd, 0x9a, 0xea, 0xb1, 0x10, 0xc8, 0x12,
    0x3f, 0x36, 0x96, 0x04, 0xa2, 0x0e, 0x96, 0x06, 0x38, 0x39, 0x79, 0x0b, 0xc0, 0x01, 0x37, 0xba,
    0xc1, 0xef, 0x1b, 0x1b, 0x4e, 0x06, 0x42, 0x27, 0xe2, 0xf1, 0x08, 0x19, 0x7e, 0xdc, 0x7f, 0x1d,
    0xe9, 0x13, 0x4c, 0xe7, 0x11, 0xdf, 0xc9, 0x16, 0x6b, 0xfb, 0x84, 0xf9, 0x20, 0xf7, 0xd7, 0xf3,
    0xfd, 0xf5, 0x94, 0x1e, 0x2b, 0xd7, 0xef, 0x03, 0x78, 0xff, 0x7c, 0x4e, 0x96, 0x2f, 0xcb, 0xee,
    0x1d, 0xec, 0x67, 0xe7, 0x7d, 0xcf, 0x97, 0x19, 0x5e, 0x03, 0xe8, 0xef, 0x30, 0x21, 0xde, 0xfc,
    0xed, 0x25, 0xdd, 0xcb, 0xd0, 0xe9, 0x1e, 0x1f, 0x6c, 0xf2, 0xfb, 0x12, 0x41, 0x0b, 0x02, 0xe8,
    0xde, 0xf8, 0xd0, 0xf9, 0x68, 0x0d, 0xd8, 0xda, 0x5c, 0xa9, 0xf1, 0xdb, 0xa4, 0xca, 0xee, 0x06,
    0x32, 0xe2, 0x3b, 0x0c, 0x85, 0xf4, 0xa8, 0xec, 0x4e, 0x10, 0x10, 0x2e, 0x0e, 0x25, 0x49, 0x27,
    0xaa, 0x1e, 0xed, 0x08, 0x11, 0xd8, 0x62, 0xe8, 0x85, 0x1c, 0x5a, 0xe4, 0x1c, 0x1e, 0xd8, 0xb0,
    0x58, 0xef, 0xcf, 0x21, 0x92, 0x3c, 0x28, 0xde, 0x9c, 0x31, 0x36, 0x16, 0x96, 0xde, 0xe4, 0xde,
    0x4a, 0xf0, 0xf1, 0xd9, 0xd7, 0x09, 0xcb, 0x17, 0xa2, 0xf4, 0xeb, 0x27, 0xcd, 0x06, 0x11, 0xf2,
    0xed, 0xec, 0x6d, 0xe3, 0x12, 0xf5, 0x5c, 0x19, 0x42, 0x19, 0xc6, 0xe7, 0x32, 0x25, 0xb6, 0x20,
    0xcb, 0xc1, 0x06, 0x18, 0xb9, 0x01, 0xa8, 0x2c, 0x8f, 0x1b, 0x6b, 0x19, 0xe3, 0x17, 0x37, 0xfe,
    0x66, 0xf4, 0x5c, 0xce, 0xc4, 0x22, 0xea, 0xe5, 0xe3, 0xd6, 0x6c, 0xe1, 0xaf, 0x22, 0xf0, 0x1f,
    0x24, 0x0a, 0x93, 0x09, 0xca, 0xbe, 0x15, 0x0d, 0xb5, 0x4a, 0x09, 0xe7, 0x3e, 0xe8, 0x82, 0xfe,
    0x69, 0x3c, 0xb6, 0x1c, 0x8c, 0xce, 0x39, 0xfb, 0x40, 0xf4, 0xf3, 0x08, 0x56, 0x13, 0x60, 0x1a,
    0x5c, 0xf8, 0x78, 0xca, 0xa8, 0x0f, 0x05, 0xfa, 0x73, 0xf9, 0x40, 0xf1, 0xa2, 0xbd, 0xc8, 0xfa,
    0xaf, 0x38, 0xf8, 0xad, 0xc9, 0x15, 0xdd, 0x02, 0x3f, 0x1d, 0x49, 0xe2, 0x96, 0xd6, 0xfe, 0xed,
    0xff, 0xd9, 0x8a, 0xe6, 0x8d, 0x03, 0x2a, 0xe5, 0x32, 0xbd, 0x4c, 0xe7, 0xab, 0xf6, 0xca, 0x3e,
    0x74, 0xe3, 0x39, 0x07, 0xcc, 0x10, 0x5a, 0xe5, 0x01, 0x95, 0x87, 0xf5, 0x4d, 0x22, 0xe2, 0xff,
    0xe5, 0xf3, 0xe0, 0x15, 0x6a, 0xdd, 0xbf, 0x26, 0x09, 0x07, 0x3e, 0x0c, 0x01, 0xf5, 0xba, 0x02,
    0xfe, 0x2d, 0xd0, 0x1b, 0x4b, 0xec, 0x88, 0xf9, 0x7b, 0x03, 0xde, 0x14, 0x50, 0x37, 0x18, 0x0d,
    0xc0, 0xcb, 0xb5, 0x1b, 0xcc, 0x0a, 0xbc, 0xf1, 0xd9, 0xcc, 0xcf, 0xf8, 0xea, 0xf2, 0x20, 0xb2,
    0x2b, 0x2b, 0xe2, 0xf7, 0x5e, 0xc3, 0xf3, 0xd5, 0xb6, 0x06, 0x22, 0x19, 0x81, 0xe7, 0x16, 0xa9,
    0xb6, 0x14, 0x92, 0x06, 0x7a, 0xe3, 0x59, 0x0c, 0x17, 0x1f, 0x64, 0xc6, 0x45, 0x0b, 0xfd, 0x11,
    0xf4, 0x1c, 0xb8, 0xfe, 0x89, 0x2e, 0x93, 0xe6, 0x22, 0xd9, 0x21, 0xe1, 0x73, 0xb6, 0xeb, 0x21,
    0x90, 0x05, 0x76, 0xf3, 0xed, 0xc2, 0x9d, 0xe1, 0xfc, 0x17, 0x6d, 0x0b, 0x6c, 0xfc, 0x64, 0x00,
    0xdd, 0xf4, 0x73, 0xce, 0x20, 0x04, 0x01, 0x0e, 0x5c, 0xca, 0xed, 0xfd, 0xc3, 0xc3, 0x9f, 0x30,
    0x52, 0xe4, 0x69, 0x3d, 0x57, 0xe6, 0xf5, 0xaf, 0x8f, 0xdd, 0x51, 0xfc, 0xdc, 0x00, 0xca, 0xda,
    0x67, 0xe0, 0xe0, 0xeb, 0xa6, 0xde, 0x5c, 0x26, 0x21, 0x24, 0x7e, 0xf4, 0x90, 0xea, 0x26, 0xc4,
    0xea, 0xdf, 0xc4, 0xdf, 0x35, 0xc5, 0x76, 0x07, 0x21, 0x25, 0x84, 0x1e, 0xfe, 0xe8, 0x79, 0x22,
    0xb1, 0x0d, 0x3c, 0xf7, 0x14, 0xea, 0x88, 0xf2, 0x1b, 0xb9, 0xd9, 0xc9, 0x43, 0xf6, 0x35, 0x1f,
    0x64, 0x31, 0x9c, 0x15, 0x3e, 0x22, 0x26, 0x16, 0xd6, 0x2d, 0xb8, 0xe3, 0xb3, 0xd8, 0x86, 0xdb,
    0x78, 0xfa, 0x7b, 0x13, 0x26, 0xea, 0xa7, 0xcd, 0x67, 0x04, 0x2a, 0xf2, 0xd8, 0xd8, 0xdb, 0x21,
    0x83, 0xf6, 0x75, 0x11, 0xa4, 0xfe, 0xd6, 0x23, 0xa1, 0x05, 0xe3, 0xf8, 0x20, 0xb7, 0x4e, 0x04,
    0xc9, 0xfe, 0x62, 0x43, 0x42, 0xc7, 0x3c, 0x24, 0xf6, 0xf8, 0x29, 0xe2, 0xc4, 0xd9, 0x71, 0xf9,
    0x58, 0x22, 0xe5, 0xd2, 0x54, 0xd8, 0x59, 0x2c, 0xb0, 0xe6, 0x15, 0x39, 0xa0, 0x11, 0x0f, 0x3a,
    0x8d, 0x19, 0xa2, 0x36, 0x20, 0x14, 0x2a, 0x00, 0x69, 0x1e, 0x77, 0x34, 0x36, 0x20, 0x10, 0xff,
    0x1f, 0xf0, 0x6c, 0xc8, 0x7c, 0xff, 0xd5, 0x2b, 0x6b, 0x2e, 0x13, 0x18, 0x18, 0xf4, 0xd2, 0xf2,
    0x15, 0x07, 0x7c, 0xd7, 0x5a, 0x12, 0xda, 0x2c, 0xa7, 0x29, 0x55, 0x07, 0x9a, 0xf0, 0xcb, 0xde,
    0x00, 0xe6, 0xe4, 0xea, 0x0e, 0xc5, 0xc1, 0xf5, 0xfd, 0x40, 0xb2, 0x14, 0x67, 0x24, 0x60, 0x0a,
    0x8c, 0xe7, 0x65, 0x31, 0x02, 0xeb, 0x6b, 0xdf, 0xf6, 0x19, 0x77, 0xe5, 0xec, 0xf7, 0x29, 0x2a,
    0x3e, 0x13, 0x2a, 0xf9, 0x06, 0x27, 0x17, 0xf1, 0xa7, 0x30, 0x52, 0xe6, 0xa3, 0x37, 0x79, 0x01,
    0xc4, 0x2d, 0x2c, 0xef, 0x63, 0x56, 0xac, 0x06, 0xbb, 0x23, 0x87, 0xcd, 0x65, 0x60, 0xe4, 0xee,
    0x4d, 0x1f, 0x14, 0x36, 0xa4, 0xab, 0x4d, 0xff, 0x88, 0xfb, 0x84, 0xee, 0x62, 0xf5, 0x8c, 0xc5,
    0xcd, 0x22, 0x4c, 0x10, 0x45, 0x4e, 0x60, 0x0d, 0x17, 0xdb, 0x1e, 0x00, 0x83, 0x1f, 0xcb, 0x10,
    0x47, 0x07, 0x37, 0x16, 0xce, 0x35, 0xe6, 0x0a, 0x68, 0x1f, 0x42, 0x18, 0x8b, 0xe7, 0xc1, 0xec,
    0xfd, 0x02, 0x62, 0x46, 0x5f, 0x29, 0x63, 0xeb, 0x17, 0xfc, 0xcd, 0x37, 0x28, 0x16, 0x26, 0x4e,
    0xa8, 0x1f, 0xab, 0x2a, 0x82, 0x13, 0xf4, 0x13, 0xa0, 0x2e, 0x14, 0xd9, 0xf9, 0xee, 0x8c, 0x00,
    0x57, 0x05, 0x88, 0xd5, 0xcc, 0x2b, 0x0c, 0xf0, 0x76, 0xfc, 0x8f, 0x07, 0xc3, 0xd7, 0x29, 0x15,
    0x37, 0x2c, 0xc9, 0xfb, 0x09, 0x10, 0x3d, 0xf0, 0x24, 0xef, 0x17, 0x06, 0x47, 0xc6, 0x92, 0xe7,
    0x3d, 0x2d, 0x41, 0xe2, 0xfc, 0xd3, 0x6b, 0x0e, 0xda, 0xeb, 0xc0, 0x06, 0xed, 0x5f, 0x87, 0x1b,
    0xe6, 0x0a, 0xbd, 0xc9, 0x00, 0xe7, 0x2d, 0x2d, 0x64, 0x20, 0x23, 0x14, 0xfc, 0xa5, 0x5d, 0xe4,
    0x93, 0x2d, 0x17, 0x12, 0x02, 0x0f, 0x4b, 0x14, 0x84, 0xe0, 0xfc, 0x08, 0xb9, 0x02, 0x34, 0x10,
    0x2e, 0x08, 0x44, 0xf0, 0xc4, 0x13, 0x05, 0xc3, 0xee, 0x07, 0x7f, 0x4b, 0x9b, 0xec, 0x63, 0xfb,
    0x53, 0xc6, 0xdc, 0xfd, 0xd8, 0xc3, 0xf6, 0x20, 0x26, 0x17, 0x87, 0x08, 0xf7, 0x10, 0xd2, 0x56,
    0x8e, 0x0e, 0x7f, 0x0e, 0x19, 0xfa, 0x07, 0xf6, 0x39, 0xd1, 0x5d, 0xf7, 0x8f, 0xd7, 0xa6, 0x14,
    0xbd, 0x35, 0x2c, 0x0e, 0xc8, 0xd0, 0xa2, 0x27, 0x85, 0xcf, 0xe4, 0x4a, 0x81, 0x00, 0xcb, 0x0f,
    0x62, 0x04, 0x30, 0xe4, 0x91, 0xef, 0xdd, 0xc3, 0x83, 0x07, 0xfb, 0xdf, 0x15, 0x23, 0x82, 0x53,
    0xee, 0xd3, 0x92, 0xec, 0xfe, 0x11, 0xe3, 0x2a, 0xe6, 0x24, 0xb3, 0x0c, 0x05, 0x2c, 0x7b, 0x11,
    0xc8, 0xe1, 0x1b, 0x01, 0x5d, 0x03, 0x87, 0xe7, 0x50, 0x19, 0xc4, 0xf6, 0xff, 0x09, 0x6c, 0x04,
    0xa0, 0xfb, 0x0b, 0x00, 0x70, 0xe2, 0xe7, 0x17, 0x6c, 0x07, 0xe2, 0x04, 0x79, 0xfa, 0x06, 0x07,
    0x0d, 0x0b, 0x9e, 0x47, 0xe0, 0xf7, 0x3a, 0x0d, 0x64, 0x20, 0x7e, 0x07, 0xad, 0x0f, 0x4e, 0xdf,
    0x25, 0xd4, 0x5c, 0xd1, 0xbb, 0xe4, 0x7b, 0xf9, 0x8e, 0x03, 0xc1, 0x09, 0xd8, 0xe4, 0x10, 0xf4,
    0x59, 0x18, 0x0f, 0xcc, 0x79, 0xfe, 0x67, 0x19, 0xc5, 0xd2, 0x88, 0xf6, 0xbc, 0x19, 0x07, 0x0b,
    0x33, 0xc7, 0x9e, 0x0e, 0x4d, 0x1f, 0xcf, 0xea, 0x7f, 0xf9, 0x33, 0xfe, 0xb4, 0x23, 0x13, 0xe8,
    0x91, 0x09, 0x6b, 0x04, 0x24, 0xcd, 0x95, 0x1b, 0x28, 0xe3, 0x3f, 0xcd, 0x9d, 0xf9, 0x31, 0xb6,
    0x2e, 0x08, 0x63, 0x4f, 0xc2, 0xee, 0x90, 0x05, 0x04, 0xe4, 0x6e, 0xfc, 0x2c, 0x42, 0xb0, 0xdc,
    0xed, 0x31, 0x9e, 0x0c, 0x0e, 0xff, 0x16, 0x28, 0x10, 0x00, 0x63, 0xc4, 0xcd, 0x25, 0x30, 0xf3,
    0x58, 0xdc, 0x9a, 0x04, 0x10, 0x20, 0x88, 0xa0, 0x8d, 0xdf, 0xc6, 0xfb, 0xec, 0x27, 0x03, 0x02,
    0xca, 0x3b, 0xa3, 0x1b, 0x4b, 0x09, 0x12, 0xca, 0x02, 0xbb, 0x7f, 0xee, 0xca, 0xea, 0xe6, 0xd3,
    0xd2, 0x0f, 0xaf, 0xf1, 0x3d, 0x01, 0x42, 0x2c, 0xa0, 0xf8, 0x9b, 0x2c, 0x96, 0x16, 0x93, 0xcd,
    0x3c, 0x0d, 0x51, 0x17, 0x7e, 0x1a, 0xa9, 0x4b, 0x34, 0xf1, 0x8c, 0xf6, 0x4f, 0x0d, 0x5c, 0x2d,
    0xbc, 0xe2, 0x4c, 0x02, 0x7a, 0x16, 0x9b, 0xe9, 0x8b, 0x0f, 0xfd, 0x0d, 0x00, 0x80, 0x3c, 0xfe,
    0x2f, 0x1b, 0x65, 0xdd, 0xf8, 0x22, 0x8e, 0xd0, 0xef, 0x34, 0xbb, 0xcc, 0xe2, 0x00, 0xb1, 0x21,
    0x43, 0x32, 0x95, 0x53, 0x48, 0x35, 0x32, 0xee, 0x52, 0x64, 0x65, 0xd8, 0xd1, 0x19, 0x9c, 0xcd,
    0x59, 0x78, 0x32, 0xe1, 0x1d, 0x07, 0x99, 0xe0, 0x08, 0xf9, 0xc1, 0x9d, 0x33, 0xe7, 0xde, 0xf1,
    0x8f, 0xe9, 0x7d, 0x14, 0xcd, 0x02, 0x5b, 0x16, 0x71, 0xfa, 0x53, 0xb7, 0x89, 0xcb, 0x29, 0x22,
    0xfa, 0x0e, 0x8f, 0xff, 0x18, 0xf9, 0xe8, 0x2f, 0xe1, 0xcb, 0xc2, 0xec, 0xe0, 0xfd, 0x5f, 0x05,
    0x2a, 0xfa, 0x66, 0xef, 0x60, 0x0f, 0xc7, 0x0a, 0xaa, 0xf1, 0x06, 0x2d, 0x27, 0x0d, 0x1f, 0xdf,
    0x03, 0x3e, 0x21, 0x04, 0x5d, 0x24, 0x10, 0xe8, 0x71, 0x2e, 0xcd, 0xfb, 0x59, 0x29, 0x0f, 0x16,
    0xc9, 0x3d, 0xd3, 0x27, 0xab, 0xf9, 0x5a, 0x10, 0x70, 0x43, 0x12, 0x0d, 0x9f, 0x07, 0xae, 0x07,
    0xc9, 0x19, 0xf4, 0x00, 0xf7, 0x22, 0x34, 0x1f, 0xc8, 0x32, 0x2e, 0x02, 0x8b, 0xd2, 0x8c, 0x0e,
    0xa6, 0xee, 0x91, 0x3e, 0x44, 0xec, 0x4a, 0xf4, 0xa7, 0xfc, 0x32, 0x3b, 0x85, 0xa3, 0x96, 0x1c,
    0x87, 0x1e, 0x1f, 0xdf, 0x1a, 0xf5, 0x5c, 0xfd, 0xd9, 0xd3, 0x0f, 0xfd, 0x1b, 0x99, 0xaa, 0xf5,
    0xc2, 0xef, 0x2c, 0xf7, 0xd9, 0x1e, 0x5e, 0xd2, 0xc4, 0xf3, 0x72, 0x25, 0x9c, 0x1d, 0x97, 0xea,
    0x00, 0x00, 0xfa, 0xe0, 0x8d, 0x27, 0xc4, 0x25, 0x40, 0xe5, 0xd6, 0x15, 0x2e, 0xf6, 0x93, 0xed,
    0x22, 0x07, 0x5f, 0x1a, 0x04, 0xbe, 0xf2, 0xfb, 0x7c, 0xc1, 0xdb, 0xe5, 0x1b, 0x12, 0x50, 0x09,
    0xdd, 0x9d, 0x37, 0xe3, 0x6f, 0x1a, 0x2c, 0x04, 0x1c, 0x00, 0xe4, 0x03, 0xdf, 0x3c, 0x17, 0x31,
];

pub const G_HC_GC_NGC_A: [u8; 24] = [
    0x00, 0x00, 0x00, 0x00, 0x00, 0x00, 0x00, 0x00, 0x00, 0x00, 0x00, 0x00, 0x08, 0x00, 0x80, 0x00,
    0x07, 0x00, 0x00, 0x00, 0x00, 0x00, 0x00, 0x00,
];

pub const G_A_NGC_PACK_A: [u8; 32] = [
    0x00, 0x00, 0x01, 0x00, 0x02, 0x00, 0x02, 0x00, 0x06, 0x00, 0x03, 0x00, 0x0e, 0x00, 0x04, 0x00,
    0x1e, 0x00, 0x05, 0x00, 0x3e, 0x00, 0x06, 0x00, 0x7e, 0x00, 0x07, 0x00, 0x7f, 0x00, 0x07, 0x00,
];

pub const G_HC_GC_NGC_B: [u8; 24] = [
    0x00, 0x00, 0x00, 0x00, 0x00, 0x00, 0x00, 0x00, 0x00, 0x00, 0x00, 0x00, 0x08, 0x00, 0x80, 0x00,
    0x07, 0x00, 0x00, 0x00, 0x00, 0x00, 0x00, 0x00,
];

pub const G_A_NGC_PACK_B: [u8; 32] = [
    0x00, 0x00, 0x01, 0x00, 0x02, 0x00, 0x02, 0x00, 0x0e, 0x00, 0x04, 0x00, 0x3e, 0x00, 0x06, 0x00,
    0x7e, 0x00, 0x07, 0x00, 0x7f, 0x00, 0x07, 0x00, 0x1e, 0x00, 0x05, 0x00, 0x06, 0x00, 0x03, 0x00,
];

pub const G_HC_GC_IDLEV_A: [u8; 24] = [
    0x00, 0x00, 0x00, 0x00, 0x00, 0x00, 0x00, 0x00, 0x00, 0x00, 0x00, 0x00, 0x10, 0x00, 0x80, 0x00,
    0x07, 0x00, 0x00, 0x00, 0x00, 0x00, 0x00, 0x00,
];

pub const G_A_IDLEV_PACK_A: [u8; 64] = [
    0x78, 0x00, 0x07, 0x00, 0x79, 0x00, 0x07, 0x00, 0x7a, 0x00, 0x07, 0x00, 0x7b, 0x00, 0x07, 0x00,
    0x1c, 0x00, 0x05, 0x00, 0x04, 0x00, 0x03, 0x00, 0x0c, 0x00, 0x04, 0x00, 0x00, 0x00, 0x01, 0x00,
    0x05, 0x00, 0x03, 0x00, 0x0d, 0x00, 0x04, 0x00, 0x3a, 0x00, 0x06, 0x00, 0x3b, 0x00, 0x06, 0x00,
    0x7c, 0x00, 0x07, 0x00, 0x7d, 0x00, 0x07, 0x00, 0x7e, 0x00, 0x07, 0x00, 0x7f, 0x00, 0x07, 0x00,
];

pub const G_HC_GC_IDLEV_B: [u8; 24] = [
    0x00, 0x00, 0x00, 0x00, 0x00, 0x00, 0x00, 0x00, 0x00, 0x00, 0x00, 0x00, 0x10, 0x00, 0x00, 0x02,
    0x09, 0x00, 0x00, 0x00, 0x00, 0x00, 0x00, 0x00,
];

pub const G_A_IDLEV_PACK_B: [u8; 64] = [
    0x00, 0x00, 0x00, 0x00, 0x06, 0x00, 0x03, 0x00, 0x1e, 0x00, 0x05, 0x00, 0x7c, 0x00, 0x07, 0x00,
    0xf8, 0x01, 0x09, 0x00, 0xf9, 0x01, 0x09, 0x00, 0xfa, 0x01, 0x09, 0x00, 0xfb, 0x01, 0x09, 0x00,
    0xfc, 0x01, 0x09, 0x00, 0xfd, 0x01, 0x09, 0x00, 0xfe, 0x01, 0x09, 0x00, 0xff, 0x01, 0x09, 0x00,
    0x7d, 0x00, 0x07, 0x00, 0x0e, 0x00, 0x04, 0x00, 0x02, 0x00, 0x02, 0x00, 0x00, 0x00, 0x01, 0x00,
];

pub const G_HC_GC_IDLEV_C: [u8; 24] = [
    0x00, 0x00, 0x00, 0x00, 0x00, 0x00, 0x00, 0x00, 0x00, 0x00, 0x00, 0x00, 0x10, 0x00, 0x00, 0x02,
    0x09, 0x00, 0x00, 0x00, 0x00, 0x00, 0x00, 0x00,
];

pub const G_A_IDLEV_PACK_C: [u8; 64] = [
    0x00, 0x00, 0x01, 0x00, 0x04, 0x00, 0x03, 0x00, 0x0e, 0x00, 0x04, 0x00, 0x7c, 0x00, 0x07, 0x00,
    0xf8, 0x01, 0x09, 0x00, 0xf9, 0x01, 0x09, 0x00, 0xfa, 0x01, 0x09, 0x00, 0xfb, 0x01, 0x09, 0x00,
    0xfc, 0x01, 0x09, 0x00, 0xfd, 0x01, 0x09, 0x00, 0xfe, 0x01, 0x09, 0x00, 0xff, 0x01, 0x09, 0x00,
    0x7d, 0x00, 0x07, 0x00, 0x1e, 0x00, 0x05, 0x00, 0x05, 0x00, 0x03, 0x00, 0x06, 0x00, 0x03, 0x00,
];

pub const G_HC_GC_IDLEV_D: [u8; 24] = [
    0x00, 0x00, 0x00, 0x00, 0x00, 0x00, 0x00, 0x00, 0x00, 0x00, 0x00, 0x00, 0x10, 0x00, 0x00, 0x02,
    0x09, 0x00, 0x00, 0x00, 0x00, 0x00, 0x00, 0x00,
];

pub const G_A_IDLEV_PACK_D: [u8; 64] = [
    0x00, 0x00, 0x01, 0x00, 0x02, 0x00, 0x02, 0x00, 0x1e, 0x00, 0x05, 0x00, 0xfa, 0x00, 0x08, 0x00,
    0xf8, 0x01, 0x09, 0x00, 0xf9, 0x01, 0x09, 0x00, 0xfa, 0x01, 0x09, 0x00, 0xfb, 0x01, 0x09, 0x00,
    0xfc, 0x01, 0x09, 0x00, 0xfd, 0x01, 0x09, 0x00, 0xfe, 0x01, 0x09, 0x00, 0xff, 0x01, 0x09, 0x00,
    0xfb, 0x00, 0x08, 0x00, 0x7c, 0x00, 0x07, 0x00, 0x0e, 0x00, 0x04, 0x00, 0x06, 0x00, 0x03, 0x00,
];

pub const G_HC_GC_IDLOC_A_ATK: [u8; 24] = [
    0x00, 0x00, 0x00, 0x00, 0x00, 0x00, 0x00, 0x00, 0x00, 0x00, 0x00, 0x00, 0x20, 0x00, 0x00, 0x01,
    0x08, 0x00, 0x00, 0x00, 0x00, 0x00, 0x00, 0x00,
];

pub const G_A_IDLOC_PACK_A_ATK: [u8; 128] = [
    0x00, 0x00, 0x00, 0x00, 0x00, 0x00, 0x02, 0x00, 0x02, 0x00, 0x03, 0x00, 0x03, 0x00, 0x03, 0x00,
    0x08, 0x00, 0x04, 0x00, 0x09, 0x00, 0x04, 0x00, 0x0a, 0x00, 0x04, 0x00, 0x0b, 0x00, 0x04, 0x00,
    0x18, 0x00, 0x05, 0x00, 0x19, 0x00, 0x05, 0x00, 0x1a, 0x00, 0x05, 0x00, 0x1b, 0x00, 0x05, 0x00,
    0x38, 0x00, 0x06, 0x00, 0x39, 0x00, 0x06, 0x00, 0x3a, 0x00, 0x06, 0x00, 0x3b, 0x00, 0x06, 0x00,
    0xf0, 0x00, 0x08, 0x00, 0xf1, 0x00, 0x08, 0x00, 0xf2, 0x00, 0x08, 0x00, 0xf3, 0x00, 0x08, 0x00,
    0xf4, 0x00, 0x08, 0x00, 0xf5, 0x00, 0x08, 0x00, 0xf6, 0x00, 0x08, 0x00, 0xf7, 0x00, 0x08, 0x00,
    0xf8, 0x00, 0x08, 0x00, 0xf9, 0x00, 0x08, 0x00, 0xfa, 0x00, 0x08, 0x00, 0xfb, 0x00, 0x08, 0x00,
    0xfc, 0x00, 0x08, 0x00, 0xfd, 0x00, 0x08, 0x00, 0xfe, 0x00, 0x08, 0x00, 0xff, 0x00, 0x08, 0x00,
];

pub const G_HC_GC_IDLOC_A_REL: [u8; 24] = [
    0x00, 0x00, 0x00, 0x00, 0x00, 0x00, 0x00, 0x00, 0x00, 0x00, 0x00, 0x00, 0x20, 0x00, 0x00, 0x01,
    0x08, 0x00, 0x00, 0x00, 0x00, 0x00, 0x00, 0x00,
];

pub const G_A_IDLOC_PACK_A_REL: [u8; 128] = [
    0x00, 0x00, 0x00, 0x00, 0x0a, 0x00, 0x04, 0x00, 0x00, 0x00, 0x03, 0x00, 0x01, 0x00, 0x03, 0x00,
    0x02, 0x00, 0x03, 0x00, 0x03, 0x00, 0x03, 0x00, 0x04, 0x00, 0x03, 0x00, 0x0b, 0x00, 0x04, 0x00,
    0x0c, 0x00, 0x04, 0x00, 0x1a, 0x00, 0x05, 0x00, 0x1b, 0x00, 0x05, 0x00, 0x38, 0x00, 0x06, 0x00,
    0x39, 0x00, 0x06, 0x00, 0x3a, 0x00, 0x06, 0x00, 0x76, 0x00, 0x07, 0x00, 0x77, 0x00, 0x07, 0x00,
    0xf0, 0x00, 0x08, 0x00, 0xf1, 0x00, 0x08, 0x00, 0xf2, 0x00, 0x08, 0x00, 0xf3, 0x00, 0x08, 0x00,
    0xf4, 0x00, 0x08, 0x00, 0xf5, 0x00, 0x08, 0x00, 0xf6, 0x00, 0x08, 0x00, 0xf7, 0x00, 0x08, 0x00,
    0xf8, 0x00, 0x08, 0x00, 0xf9, 0x00, 0x08, 0x00, 0xfa, 0x00, 0x08, 0x00, 0xfb, 0x00, 0x08, 0x00,
    0xfc, 0x00, 0x08, 0x00, 0xfd, 0x00, 0x08, 0x00, 0xfe, 0x00, 0x08, 0x00, 0xff, 0x00, 0x08, 0x00,
];

pub const G_HC_GC_IDLOC_B_ATK: [u8; 24] = [
    0x00, 0x00, 0x00, 0x00, 0x00, 0x00, 0x00, 0x00, 0x00, 0x00, 0x00, 0x00, 0x20, 0x00, 0x40, 0x00,
    0x06, 0x00, 0x00, 0x00, 0x00, 0x00, 0x00, 0x00,
];

pub const G_A_IDLOC_PACK_B_ATK: [u8; 128] = [
    0x00, 0x00, 0x02, 0x00, 0x04, 0x00, 0x04, 0x00, 0x0c, 0x00, 0x05, 0x00, 0x0d, 0x00, 0x05, 0x00,
    0x0e, 0x00, 0x05, 0x00, 0x0f, 0x00, 0x05, 0x00, 0x10, 0x00, 0x05, 0x00, 0x11, 0x00, 0x05, 0x00,
    0x2e, 0x00, 0x06, 0x00, 0x2f, 0x00, 0x06, 0x00, 0x30, 0x00, 0x06, 0x00, 0x31, 0x00, 0x06, 0x00,
    0x32, 0x00, 0x06, 0x00, 0x33, 0x00, 0x06, 0x00, 0x34, 0x00, 0x06, 0x00, 0x35, 0x00, 0x06, 0x00,
    0x36, 0x00, 0x06, 0x00, 0x37, 0x00, 0x06, 0x00, 0x38, 0x00, 0x06, 0x00, 0x39, 0x00, 0x06, 0x00,
    0x3a, 0x00, 0x06, 0x00, 0x3b, 0x00, 0x06, 0x00, 0x3c, 0x00, 0x06, 0x00, 0x3d, 0x00, 0x06, 0x00,
    0x3e, 0x00, 0x06, 0x00, 0x3f, 0x00, 0x06, 0x00, 0x12, 0x00, 0x05, 0x00, 0x13, 0x00, 0x05, 0x00,
    0x14, 0x00, 0x05, 0x00, 0x15, 0x00, 0x05, 0x00, 0x16, 0x00, 0x05, 0x00, 0x05, 0x00, 0x04, 0x00,
];

pub const G_HC_GC_IDLOC_B_REL: [u8; 24] = [
    0x00, 0x00, 0x00, 0x00, 0x00, 0x00, 0x00, 0x00, 0x00, 0x00, 0x00, 0x00, 0x20, 0x00, 0x40, 0x00,
    0x06, 0x00, 0x00, 0x00, 0x00, 0x00, 0x00, 0x00,
];

pub const G_A_IDLOC_PACK_B_REL: [u8; 128] = [
    0x00, 0x00, 0x04, 0x00, 0x06, 0x00, 0x05, 0x00, 0x07, 0x00, 0x05, 0x00, 0x08, 0x00, 0x05, 0x00,
    0x09, 0x00, 0x05, 0x00, 0x3a, 0x00, 0x06, 0x00, 0x3b, 0x00, 0x06, 0x00, 0x3c, 0x00, 0x06, 0x00,
    0x3d, 0x00, 0x06, 0x00, 0x3e, 0x00, 0x06, 0x00, 0x3f, 0x00, 0x06, 0x00, 0x0a, 0x00, 0x05, 0x00,
    0x0b, 0x00, 0x05, 0x00, 0x0c, 0x00, 0x05, 0x00, 0x0d, 0x00, 0x05, 0x00, 0x0e, 0x00, 0x05, 0x00,
    0x0f, 0x00, 0x05, 0x00, 0x10, 0x00, 0x05, 0x00, 0x11, 0x00, 0x05, 0x00, 0x12, 0x00, 0x05, 0x00,
    0x13, 0x00, 0x05, 0x00, 0x14, 0x00, 0x05, 0x00, 0x15, 0x00, 0x05, 0x00, 0x16, 0x00, 0x05, 0x00,
    0x17, 0x00, 0x05, 0x00, 0x18, 0x00, 0x05, 0x00, 0x19, 0x00, 0x05, 0x00, 0x1a, 0x00, 0x05, 0x00,
    0x01, 0x00, 0x04, 0x00, 0x02, 0x00, 0x04, 0x00, 0x1b, 0x00, 0x05, 0x00, 0x1c, 0x00, 0x05, 0x00,
];

pub const G_HC_GC_IDLOC_C_ATK: [u8; 24] = [
    0x00, 0x00, 0x00, 0x00, 0x00, 0x00, 0x00, 0x00, 0x00, 0x00, 0x00, 0x00, 0x20, 0x00, 0x80, 0x00,
    0x07, 0x00, 0x00, 0x00, 0x00, 0x00, 0x00, 0x00,
];

pub const G_A_IDLOC_PACK_C_ATK: [u8; 128] = [
    0x00, 0x00, 0x01, 0x00, 0x08, 0x00, 0x04, 0x00, 0x09, 0x00, 0x04, 0x00, 0x16, 0x00, 0x05, 0x00,
    0x17, 0x00, 0x05, 0x00, 0x30, 0x00, 0x06, 0x00, 0x31, 0x00, 0x06, 0x00, 0x32, 0x00, 0x06, 0x00,
    0x33, 0x00, 0x06, 0x00, 0x6c, 0x00, 0x07, 0x00, 0x6d, 0x00, 0x07, 0x00, 0x6e, 0x00, 0x07, 0x00,
    0x6f, 0x00, 0x07, 0x00, 0x70, 0x00, 0x07, 0x00, 0x71, 0x00, 0x07, 0x00, 0x72, 0x00, 0x07, 0x00,
    0x73, 0x00, 0x07, 0x00, 0x74, 0x00, 0x07, 0x00, 0x75, 0x00, 0x07, 0x00, 0x76, 0x00, 0x07, 0x00,
    0x77, 0x00, 0x07, 0x00, 0x78, 0x00, 0x07, 0x00, 0x79, 0x00, 0x07, 0x00, 0x7a, 0x00, 0x07, 0x00,
    0x7b, 0x00, 0x07, 0x00, 0x7c, 0x00, 0x07, 0x00, 0x7d, 0x00, 0x07, 0x00, 0x7e, 0x00, 0x07, 0x00,
    0x7f, 0x00, 0x07, 0x00, 0x34, 0x00, 0x06, 0x00, 0x35, 0x00, 0x06, 0x00, 0x0a, 0x00, 0x04, 0x00,
];

pub const G_HC_GHPC_NWAVS_B: [u8; 24] = [
    0x00, 0x00, 0x00, 0x00, 0x00, 0x00, 0x00, 0x00, 0x00, 0x00, 0x00, 0x00, 0x08, 0x00, 0x40, 0x00,
    0x06, 0x00, 0x00, 0x00, 0x00, 0x00, 0x00, 0x00,
];

pub const G_A_NWAVS_PACK_B: [u8; 32] = [
    0x00, 0x00, 0x01, 0x00, 0x02, 0x00, 0x02, 0x00, 0x0e, 0x00, 0x04, 0x00, 0x3c, 0x00, 0x06, 0x00,
    0x3d, 0x00, 0x06, 0x00, 0x3e, 0x00, 0x06, 0x00, 0x3f, 0x00, 0x06, 0x00, 0x06, 0x00, 0x03, 0x00,
];

pub const G_HC_GHPC_NWAVS_A: [u8; 24] = [
    0x00, 0x00, 0x00, 0x00, 0x00, 0x00, 0x00, 0x00, 0x00, 0x00, 0x00, 0x00, 0x08, 0x00, 0x80, 0x00,
    0x07, 0x00, 0x00, 0x00, 0x00, 0x00, 0x00, 0x00,
];

pub const G_A_NWAVS_PACK_A: [u8; 32] = [
    0x00, 0x00, 0x01, 0x00, 0x02, 0x00, 0x02, 0x00, 0x06, 0x00, 0x03, 0x00, 0x0e, 0x00, 0x04, 0x00,
    0x1e, 0x00, 0x05, 0x00, 0x3e, 0x00, 0x06, 0x00, 0x7e, 0x00, 0x07, 0x00, 0x7f, 0x00, 0x07, 0x00,
];

pub const G_HC_GHPC_FREQ_A: [u8; 24] = [
    0x00, 0x00, 0x00, 0x00, 0x00, 0x00, 0x00, 0x00, 0x00, 0x00, 0x00, 0x00, 0x00, 0x01, 0x00, 0x08,
    0x0b, 0x00, 0x00, 0x00, 0x00, 0x00, 0x00, 0x00,
];

pub const G_A_FREQ_PACK_A: [u8; 1024] = [
    0x00, 0x00, 0x01, 0x00, 0x08, 0x00, 0x04, 0x00, 0x14, 0x00, 0x05, 0x00, 0x58, 0x00, 0x07, 0x00,
    0x59, 0x00, 0x07, 0x00, 0x5a, 0x00, 0x07, 0x00, 0x5b, 0x00, 0x07, 0x00, 0x5c, 0x00, 0x07, 0x00,
    0x5d, 0x00, 0x07, 0x00, 0xc2, 0x00, 0x08, 0x00, 0xc3, 0x00, 0x08, 0x00, 0xc4, 0x00, 0x08, 0x00,
    0xc5, 0x00, 0x08, 0x00, 0x96, 0x01, 0x09, 0x00, 0x97, 0x01, 0x09, 0x00, 0x98, 0x01, 0x09, 0x00,
    0x99, 0x01, 0x09, 0x00, 0x9a, 0x01, 0x09, 0x00, 0x9b, 0x01, 0x09, 0x00, 0x9c, 0x01, 0x09, 0x00,
    0x9d, 0x01, 0x09, 0x00, 0x9e, 0x01, 0x09, 0x00, 0x9f, 0x01, 0x09, 0x00, 0xa0, 0x01, 0x09, 0x00,
    0xa1, 0x01, 0x09, 0x00, 0xa2, 0x01, 0x09, 0x00, 0xa3, 0x01, 0x09, 0x00, 0xa4, 0x01, 0x09, 0x00,
    0xa5, 0x01, 0x09, 0x00, 0xa6, 0x01, 0x09, 0x00, 0xa7, 0x01, 0x09, 0x00, 0xa8, 0x01, 0x09, 0x00,
    0xa9, 0x01, 0x09, 0x00, 0xaa, 0x01, 0x09, 0x00, 0xab, 0x01, 0x09, 0x00, 0xac, 0x01, 0x09, 0x00,
    0xad, 0x01, 0x09, 0x00, 0xae, 0x01, 0x09, 0x00, 0xaf, 0x01, 0x09, 0x00, 0x66, 0x03, 0x0a, 0x00,
    0x67, 0x03, 0x0a, 0x00, 0x68, 0x03, 0x0a, 0x00, 0x69, 0x03, 0x0a, 0x00, 0x6a, 0x03, 0x0a, 0x00,
    0x6b, 0x03, 0x0a, 0x00, 0x6c, 0x03, 0x0a, 0x00, 0x6d, 0x03, 0x0a, 0x00, 0x6e, 0x03, 0x0a, 0x00,
    0x6f, 0x03, 0x0a, 0x00, 0x70, 0x03, 0x0a, 0x00, 0x71, 0x03, 0x0a, 0x00, 0x72, 0x03, 0x0a, 0x00,
    0x73, 0x03, 0x0a, 0x00, 0x74, 0x03, 0x0a, 0x00, 0x75, 0x03, 0x0a, 0x00, 0x76, 0x03, 0x0a, 0x00,
    0x77, 0x03, 0x0a, 0x00, 0x78, 0x03, 0x0a, 0x00, 0x79, 0x03, 0x0a, 0x00, 0x7a, 0x03, 0x0a, 0x00,
    0x7b, 0x03, 0x0a, 0x00, 0x7c, 0x03, 0x0a, 0x00, 0x7d, 0x03, 0x0a, 0x00, 0x7e, 0x03, 0x0a, 0x00,
    0x7f, 0x03, 0x0a, 0x00, 0x80, 0x03, 0x0a, 0x00, 0x81, 0x03, 0x0a, 0x00, 0x82, 0x03, 0x0a, 0x00,
    0x83, 0x03, 0x0a, 0x00, 0x84, 0x03, 0x0a, 0x00, 0x85, 0x03, 0x0a, 0x00, 0x86, 0x03, 0x0a, 0x00,
    0x87, 0x03, 0x0a, 0x00, 0x88, 0x03, 0x0a, 0x00, 0x89, 0x03, 0x0a, 0x00, 0x8a, 0x03, 0x0a, 0x00,
    0x8b, 0x03, 0x0a, 0x00, 0x8c, 0x03, 0x0a, 0x00, 0x8d, 0x03, 0x0a, 0x00, 0x8e, 0x03, 0x0a, 0x00,
    0x8f, 0x03, 0x0a, 0x00, 0x90, 0x03, 0x0a, 0x00, 0x91, 0x03, 0x0a, 0x00, 0x92, 0x03, 0x0a, 0x00,
    0x93, 0x03, 0x0a, 0x00, 0x94, 0x03, 0x0a, 0x00, 0x95, 0x03, 0x0a, 0x00, 0x96, 0x03, 0x0a, 0x00,
    0x97, 0x03, 0x0a, 0x00, 0x98, 0x03, 0x0a, 0x00, 0x99, 0x03, 0x0a, 0x00, 0x9a, 0x03, 0x0a, 0x00,
    0x9b, 0x03, 0x0a, 0x00, 0x9c, 0x03, 0x0a, 0x00, 0x9c, 0x07, 0x0b, 0x00, 0x9d, 0x07, 0x0b, 0x00,
    0x9e, 0x07, 0x0b, 0x00, 0x9f, 0x07, 0x0b, 0x00, 0xa0, 0x07, 0x0b, 0x00, 0xa1, 0x07, 0x0b, 0x00,
    0xa2, 0x07, 0x0b, 0x00, 0xa3, 0x07, 0x0b, 0x00, 0xa4, 0x07, 0x0b, 0x00, 0xa5, 0x07, 0x0b, 0x00,
    0xa6, 0x07, 0x0b, 0x00, 0xa7, 0x07, 0x0b, 0x00, 0xa8, 0x07, 0x0b, 0x00, 0xa9, 0x07, 0x0b, 0x00,
    0xaa, 0x07, 0x0b, 0x00, 0xab, 0x07, 0x0b, 0x00, 0xac, 0x07, 0x0b, 0x00, 0xad, 0x07, 0x0b, 0x00,
    0xae, 0x07, 0x0b, 0x00, 0xaf, 0x07, 0x0b, 0x00, 0xb0, 0x07, 0x0b, 0x00, 0xb1, 0x07, 0x0b, 0x00,
    0xb2, 0x07, 0x0b, 0x00, 0xb3, 0x07, 0x0b, 0x00, 0xb4, 0x07, 0x0b, 0x00, 0xb5, 0x07, 0x0b, 0x00,
    0xb6, 0x07, 0x0b, 0x00, 0xb7, 0x07, 0x0b, 0x00, 0xb8, 0x07, 0x0b, 0x00, 0xb9, 0x07, 0x0b, 0x00,
    0xba, 0x07, 0x0b, 0x00, 0xbb, 0x07, 0x0b, 0x00, 0xbc, 0x07, 0x0b, 0x00, 0xbd, 0x07, 0x0b, 0x00,
    0xbe, 0x07, 0x0b, 0x00, 0xbf, 0x07, 0x0b, 0x00, 0xc0, 0x07, 0x0b, 0x00, 0xc1, 0x07, 0x0b, 0x00,
    0xc2, 0x07, 0x0b, 0x00, 0xc3, 0x07, 0x0b, 0x00, 0xc4, 0x07, 0x0b, 0x00, 0xc5, 0x07, 0x0b, 0x00,
    0xc6, 0x07, 0x0b, 0x00, 0xc7, 0x07, 0x0b, 0x00, 0xc8, 0x07, 0x0b, 0x00, 0xc9, 0x07, 0x0b, 0x00,
    0xca, 0x07, 0x0b, 0x00, 0xcb, 0x07, 0x0b, 0x00, 0xcc, 0x07, 0x0b, 0x00, 0xcd, 0x07, 0x0b, 0x00,
    0xce, 0x07, 0x0b, 0x00, 0xcf, 0x07, 0x0b, 0x00, 0xd0, 0x07, 0x0b, 0x00, 0xd1, 0x07, 0x0b, 0x00,
    0xd2, 0x07, 0x0b, 0x00, 0xd3, 0x07, 0x0b, 0x00, 0xd4, 0x07, 0x0b, 0x00, 0xd5, 0x07, 0x0b, 0x00,
    0xd6, 0x07, 0x0b, 0x00, 0xd7, 0x07, 0x0b, 0x00, 0xd8, 0x07, 0x0b, 0x00, 0xd9, 0x07, 0x0b, 0x00,
    0xda, 0x07, 0x0b, 0x00, 0xdb, 0x07, 0x0b, 0x00, 0xdc, 0x07, 0x0b, 0x00, 0xdd, 0x07, 0x0b, 0x00,
    0xde, 0x07, 0x0b, 0x00, 0xdf, 0x07, 0x0b, 0x00, 0xe0, 0x07, 0x0b, 0x00, 0xe1, 0x07, 0x0b, 0x00,
    0xe2, 0x07, 0x0b, 0x00, 0xe3, 0x07, 0x0b, 0x00, 0xe4, 0x07, 0x0b, 0x00, 0xe5, 0x07, 0x0b, 0x00,
    0xe6, 0x07, 0x0b, 0x00, 0xe7, 0x07, 0x0b, 0x00, 0xe8, 0x07, 0x0b, 0x00, 0xe9, 0x07, 0x0b, 0x00,
    0xea, 0x07, 0x0b, 0x00, 0xeb, 0x07, 0x0b, 0x00, 0xec, 0x07, 0x0b, 0x00, 0xed, 0x07, 0x0b, 0x00,
    0xee, 0x07, 0x0b, 0x00, 0xef, 0x07, 0x0b, 0x00, 0xf0, 0x07, 0x0b, 0x00, 0xf1, 0x07, 0x0b, 0x00,
    0xf2, 0x07, 0x0b, 0x00, 0xf3, 0x07, 0x0b, 0x00, 0xf4, 0x07, 0x0b, 0x00, 0xf5, 0x07, 0x0b, 0x00,
    0xf6, 0x07, 0x0b, 0x00, 0xf7, 0x07, 0x0b, 0x00, 0xf8, 0x07, 0x0b, 0x00, 0xf9, 0x07, 0x0b, 0x00,
    0xfa, 0x07, 0x0b, 0x00, 0xfb, 0x07, 0x0b, 0x00, 0xfc, 0x07, 0x0b, 0x00, 0xfd, 0x07, 0x0b, 0x00,
    0xfe, 0x07, 0x0b, 0x00, 0xff, 0x07, 0x0b, 0x00, 0x9d, 0x03, 0x0a, 0x00, 0x9e, 0x03, 0x0a, 0x00,
    0x9f, 0x03, 0x0a, 0x00, 0xa0, 0x03, 0x0a, 0x00, 0xa1, 0x03, 0x0a, 0x00, 0xa2, 0x03, 0x0a, 0x00,
    0xa3, 0x03, 0x0a, 0x00, 0xa4, 0x03, 0x0a, 0x00, 0xa5, 0x03, 0x0a, 0x00, 0xa6, 0x03, 0x0a, 0x00,
    0xa7, 0x03, 0x0a, 0x00, 0xa8, 0x03, 0x0a, 0x00, 0xa9, 0x03, 0x0a, 0x00, 0xaa, 0x03, 0x0a, 0x00,
    0xab, 0x03, 0x0a, 0x00, 0xac, 0x03, 0x0a, 0x00, 0xad, 0x03, 0x0a, 0x00, 0xae, 0x03, 0x0a, 0x00,
    0xaf, 0x03, 0x0a, 0x00, 0xb0, 0x03, 0x0a, 0x00, 0xb1, 0x03, 0x0a, 0x00, 0xb2, 0x03, 0x0a, 0x00,
    0xb3, 0x03, 0x0a, 0x00, 0xb4, 0x03, 0x0a, 0x00, 0xb5, 0x03, 0x0a, 0x00, 0xb6, 0x03, 0x0a, 0x00,
    0xb7, 0x03, 0x0a, 0x00, 0xb8, 0x03, 0x0a, 0x00, 0xb9, 0x03, 0x0a, 0x00, 0xba, 0x03, 0x0a, 0x00,
    0xbb, 0x03, 0x0a, 0x00, 0xbc, 0x03, 0x0a, 0x00, 0xbd, 0x03, 0x0a, 0x00, 0xbe, 0x03, 0x0a, 0x00,
    0xbf, 0x03, 0x0a, 0x00, 0xc0, 0x03, 0x0a, 0x00, 0xc1, 0x03, 0x0a, 0x00, 0xc2, 0x03, 0x0a, 0x00,
    0xc3, 0x03, 0x0a, 0x00, 0xc4, 0x03, 0x0a, 0x00, 0xc5, 0x03, 0x0a, 0x00, 0xc6, 0x03, 0x0a, 0x00,
    0xc7, 0x03, 0x0a, 0x00, 0xc8, 0x03, 0x0a, 0x00, 0xc9, 0x03, 0x0a, 0x00, 0xca, 0x03, 0x0a, 0x00,
    0xcb, 0x03, 0x0a, 0x00, 0xcc, 0x03, 0x0a, 0x00, 0xcd, 0x03, 0x0a, 0x00, 0xb0, 0x01, 0x09, 0x00,
    0xb1, 0x01, 0x09, 0x00, 0xb2, 0x01, 0x09, 0x00, 0xc6, 0x00, 0x08, 0x00, 0xc7, 0x00, 0x08, 0x00,
    0xc8, 0x00, 0x08, 0x00, 0xc9, 0x00, 0x08, 0x00, 0xca, 0x00, 0x08, 0x00, 0x5e, 0x00, 0x07, 0x00,
    0x5f, 0x00, 0x07, 0x00, 0x60, 0x00, 0x07, 0x00, 0x15, 0x00, 0x05, 0x00, 0x09, 0x00, 0x04, 0x00,
];

pub const G_HC_GHPC_IDSF_AA: [u8; 24] = [
    0x00, 0x00, 0x00, 0x00, 0x00, 0x00, 0x00, 0x00, 0x00, 0x00, 0x00, 0x00, 0x20, 0x00, 0x00, 0x01,
    0x08, 0x00, 0x00, 0x00, 0x00, 0x00, 0x00, 0x00,
];

pub const G_A_IDSF_PACK_AA: [u8; 128] = [
    0xfc, 0x00, 0x08, 0x00, 0xfd, 0x00, 0x08, 0x00, 0xfe, 0x00, 0x08, 0x00, 0xff, 0x00, 0x08, 0x00,
    0x78, 0x00, 0x07, 0x00, 0x79, 0x00, 0x07, 0x00, 0x7a, 0x00, 0x07, 0x00, 0x7b, 0x00, 0x07, 0x00,
    0x7c, 0x00, 0x07, 0x00, 0x36, 0x00, 0x06, 0x00, 0x37, 0x00, 0x06, 0x00, 0x38, 0x00, 0x06, 0x00,
    0x39, 0x00, 0x06, 0x00, 0x3a, 0x00, 0x06, 0x00, 0x16, 0x00, 0x05, 0x00, 0x17, 0x00, 0x05, 0x00,
    0x18, 0x00, 0x05, 0x00, 0x19, 0x00, 0x05, 0x00, 0x00, 0x00, 0x04, 0x00, 0x01, 0x00, 0x04, 0x00,
    0x02, 0x00, 0x04, 0x00, 0x03, 0x00, 0x04, 0x00, 0x04, 0x00, 0x04, 0x00, 0x05, 0x00, 0x04, 0x00,
    0x06, 0x00, 0x04, 0x00, 0x07, 0x00, 0x04, 0x00, 0x08, 0x00, 0x04, 0x00, 0x09, 0x00, 0x04, 0x00,
    0x0a, 0x00, 0x04, 0x00, 0x1a, 0x00, 0x05, 0x00, 0x3b, 0x00, 0x06, 0x00, 0x7d, 0x00, 0x07, 0x00,
];

pub const G_HC_GHPC_IDSF_AB: [u8; 24] = [
    0x00, 0x00, 0x00, 0x00, 0x00, 0x00, 0x00, 0x00, 0x00, 0x00, 0x00, 0x00, 0x20, 0x00, 0x00, 0x01,
    0x08, 0x00, 0x00, 0x00, 0x00, 0x00, 0x00, 0x00,
];

pub const G_A_IDSF_PACK_AB: [u8; 128] = [
    0xf8, 0x00, 0x08, 0x00, 0xf9, 0x00, 0x08, 0x00, 0xfa, 0x00, 0x08, 0x00, 0xfb, 0x00, 0x08, 0x00,
    0x38, 0x00, 0x06, 0x00, 0x14, 0x00, 0x05, 0x00, 0x15, 0x00, 0x05, 0x00, 0x16, 0x00, 0x05, 0x00,
    0x00, 0x00, 0x04, 0x00, 0x01, 0x00, 0x04, 0x00, 0x02, 0x00, 0x04, 0x00, 0x03, 0x00, 0x04, 0x00,
    0x04, 0x00, 0x04, 0x00, 0x05, 0x00, 0x04, 0x00, 0x06, 0x00, 0x04, 0x00, 0x07, 0x00, 0x04, 0x00,
    0x08, 0x00, 0x04, 0x00, 0x09, 0x00, 0x04, 0x00, 0x17, 0x00, 0x05, 0x00, 0x18, 0x00, 0x05, 0x00,
    0x19, 0x00, 0x05, 0x00, 0x1a, 0x00, 0x05, 0x00, 0x1b, 0x00, 0x05, 0x00, 0x39, 0x00, 0x06, 0x00,
    0x3a, 0x00, 0x06, 0x00, 0x3b, 0x00, 0x06, 0x00, 0x3c, 0x00, 0x06, 0x00, 0x3d, 0x00, 0x06, 0x00,
    0xfc, 0x00, 0x08, 0x00, 0xfd, 0x00, 0x08, 0x00, 0xfe, 0x00, 0x08, 0x00, 0xff, 0x00, 0x08, 0x00,
];

pub const G_HC_GHPC_IDSF_B: [u8; 24] = [
    0x00, 0x00, 0x00, 0x00, 0x00, 0x00, 0x00, 0x00, 0x00, 0x00, 0x00, 0x00, 0x20, 0x00, 0x00, 0x01,
    0x08, 0x00, 0x00, 0x00, 0x00, 0x00, 0x00, 0x00,
];

pub const G_A_IDSF_PACK_B: [u8; 128] = [
    0x00, 0x00, 0x02, 0x00, 0x02, 0x00, 0x03, 0x00, 0x03, 0x00, 0x03, 0x00, 0x0a, 0x00, 0x04, 0x00,
    0x1a, 0x00, 0x05, 0x00, 0x36, 0x00, 0x06, 0x00, 0x37, 0x00, 0x06, 0x00, 0x74, 0x00, 0x07, 0x00,
    0xf0, 0x00, 0x08, 0x00, 0xf1, 0x00, 0x08, 0x00, 0xf2, 0x00, 0x08, 0x00, 0xf3, 0x00, 0x08, 0x00,
    0xf4, 0x00, 0x08, 0x00, 0xf5, 0x00, 0x08, 0x00, 0xf6, 0x00, 0x08, 0x00, 0xf7, 0x00, 0x08, 0x00,
    0xf8, 0x00, 0x08, 0x00, 0xf9, 0x00, 0x08, 0x00, 0xfa, 0x00, 0x08, 0x00, 0xfb, 0x00, 0x08, 0x00,
    0xfc, 0x00, 0x08, 0x00, 0xfd, 0x00, 0x08, 0x00, 0xfe, 0x00, 0x08, 0x00, 0xff, 0x00, 0x08, 0x00,
    0x75, 0x00, 0x07, 0x00, 0x76, 0x00, 0x07, 0x00, 0x77, 0x00, 0x07, 0x00, 0x38, 0x00, 0x06, 0x00,
    0x39, 0x00, 0x06, 0x00, 0x0b, 0x00, 0x04, 0x00, 0x0c, 0x00, 0x04, 0x00, 0x04, 0x00, 0x03, 0x00,
];

pub const G_HC_GHPC_IDAM_AA: [u8; 24] = [
    0x00, 0x00, 0x00, 0x00, 0x00, 0x00, 0x00, 0x00, 0x00, 0x00, 0x00, 0x00, 0x10, 0x00, 0x80, 0x00,
    0x07, 0x00, 0x00, 0x00, 0x00, 0x00, 0x00, 0x00,
];

pub const G_A_IDAM_PACK_AA: [u8; 64] = [
    0x76, 0x00, 0x07, 0x00, 0x77, 0x00, 0x07, 0x00, 0x78, 0x00, 0x07, 0x00, 0x79, 0x00, 0x07, 0x00,
    0x7a, 0x00, 0x07, 0x00, 0x38, 0x00, 0x06, 0x00, 0x39, 0x00, 0x06, 0x00, 0x3a, 0x00, 0x06, 0x00,
    0x7b, 0x00, 0x07, 0x00, 0x7c, 0x00, 0x07, 0x00, 0x7d, 0x00, 0x07, 0x00, 0x7e, 0x00, 0x07, 0x00,
    0x7f, 0x00, 0x07, 0x00, 0x06, 0x00, 0x03, 0x00, 0x00, 0x00, 0x01, 0x00, 0x02, 0x00, 0x02, 0x00,
];

pub const G_HC_GHPC_IDAM_AB: [u8; 24] = [
    0x00, 0x00, 0x00, 0x00, 0x00, 0x00, 0x00, 0x00, 0x00, 0x00, 0x00, 0x00, 0x10, 0x00, 0x80, 0x00,
    0x07, 0x00, 0x00, 0x00, 0x00, 0x00, 0x00, 0x00,
];

pub const G_A_IDAM_PACK_AB: [u8; 64] = [
    0x7e, 0x00, 0x07, 0x00, 0x7f, 0x00, 0x07, 0x00, 0x3e, 0x00, 0x06, 0x00, 0x1e, 0x00, 0x05, 0x00,
    0x06, 0x00, 0x04, 0x00, 0x07, 0x00, 0x04, 0x00, 0x08, 0x00, 0x04, 0x00, 0x09, 0x00, 0x04, 0x00,
    0x0a, 0x00, 0x04, 0x00, 0x0b, 0x00, 0x04, 0x00, 0x0c, 0x00, 0x04, 0x00, 0x0d, 0x00, 0x04, 0x00,
    0x0e, 0x00, 0x04, 0x00, 0x00, 0x00, 0x03, 0x00, 0x01, 0x00, 0x03, 0x00, 0x02, 0x00, 0x03, 0x00,
];

pub const G_HC_GHPC_IDAM_C: [u8; 24] = [
    0x00, 0x00, 0x00, 0x00, 0x00, 0x00, 0x00, 0x00, 0x00, 0x00, 0x00, 0x00, 0x08, 0x00, 0x20, 0x00,
    0x05, 0x00, 0x00, 0x00, 0x00, 0x00, 0x00, 0x00,
];

pub const G_A_IDAM_PACK_C: [u8; 32] = [
    0x00, 0x00, 0x02, 0x00, 0x01, 0x00, 0x02, 0x00, 0x0c, 0x00, 0x04, 0x00, 0x0d, 0x00, 0x04, 0x00,
    0x1e, 0x00, 0x05, 0x00, 0x1f, 0x00, 0x05, 0x00, 0x0e, 0x00, 0x04, 0x00, 0x02, 0x00, 0x02, 0x00,
];

pub const G_A_MASK_Q_AT5: [u8; 28] = [
    0x00, 0x00, 0x00, 0x00, 0x01, 0x01, 0x01, 0x01, 0x03, 0x03, 0x03, 0x03, 0x07, 0x07, 0x07, 0x07,
    0x0f, 0x0f, 0x0f, 0x0f, 0x1f, 0x1f, 0x1f, 0x1f, 0x3f, 0x3f, 0x3f, 0x3f,
];

pub const G_A_IDCT_FIXBITS_AT5: [u8; 2] = [0x02, 0x03];

pub const G_A_IDSPCQUS_AT5: [u8; 32] = [
    0x00, 0x00, 0x00, 0x00, 0x00, 0x00, 0x00, 0x00, 0x01, 0x01, 0x01, 0x01, 0x01, 0x01, 0x01, 0x01,
    0x02, 0x02, 0x02, 0x02, 0x02, 0x02, 0x03, 0x03, 0x03, 0x03, 0x03, 0x04, 0x04, 0x04, 0x04, 0x04,
];

pub const G_A_N2_UNDER128_AT5: [u8; 256] = [
    0x00, 0x00, 0x01, 0x00, 0x04, 0x00, 0x09, 0x00, 0x10, 0x00, 0x19, 0x00, 0x24, 0x00, 0x31, 0x00,
    0x40, 0x00, 0x51, 0x00, 0x64, 0x00, 0x79, 0x00, 0x90, 0x00, 0xa9, 0x00, 0xc4, 0x00, 0xe1, 0x00,
    0x00, 0x01, 0x21, 0x01, 0x44, 0x01, 0x69, 0x01, 0x90, 0x01, 0xb9, 0x01, 0xe4, 0x01, 0x11, 0x02,
    0x40, 0x02, 0x71, 0x02, 0xa4, 0x02, 0xd9, 0x02, 0x10, 0x03, 0x49, 0x03, 0x84, 0x03, 0xc1, 0x03,
    0x00, 0x04, 0x41, 0x04, 0x84, 0x04, 0xc9, 0x04, 0x10, 0x05, 0x59, 0x05, 0xa4, 0x05, 0xf1, 0x05,
    0x40, 0x06, 0x91, 0x06, 0xe4, 0x06, 0x39, 0x07, 0x90, 0x07, 0xe9, 0x07, 0x44, 0x08, 0xa1, 0x08,
    0x00, 0x09, 0x61, 0x09, 0xc4, 0x09, 0x29, 0x0a, 0x90, 0x0a, 0xf9, 0x0a, 0x64, 0x0b, 0xd1, 0x0b,
    0x40, 0x0c, 0xb1, 0x0c, 0x24, 0x0d, 0x99, 0x0d, 0x10, 0x0e, 0x89, 0x0e, 0x04, 0x0f, 0x81, 0x0f,
    0x00, 0x10, 0x81, 0x10, 0x04, 0x11, 0x89, 0x11, 0x10, 0x12, 0x99, 0x12, 0x24, 0x13, 0xb1, 0x13,
    0x40, 0x14, 0xd1, 0x14, 0x64, 0x15, 0xf9, 0x15, 0x90, 0x16, 0x29, 0x17, 0xc4, 0x17, 0x61, 0x18,
    0x00, 0x19, 0xa1, 0x19, 0x44, 0x1a, 0xe9, 0x1a, 0x90, 0x1b, 0x39, 0x1c, 0xe4, 0x1c, 0x91, 0x1d,
    0x40, 0x1e, 0xf1, 0x1e, 0xa4, 0x1f, 0x59, 0x20, 0x10, 0x21, 0xc9, 0x21, 0x84, 0x22, 0x41, 0x23,
    0x00, 0x24, 0xc1, 0x24, 0x84, 0x25, 0x49, 0x26, 0x10, 0x27, 0xd9, 0x27, 0xa4, 0x28, 0x71, 0x29,
    0x40, 0x2a, 0x11, 0x2b, 0xe4, 0x2b, 0xb9, 0x2c, 0x90, 0x2d, 0x69, 0x2e, 0x44, 0x2f, 0x21, 0x30,
    0x00, 0x31, 0xe1, 0x31, 0xc4, 0x32, 0xa9, 0x33, 0x90, 0x34, 0x79, 0x35, 0x64, 0x36, 0x51, 0x37,
    0x40, 0x38, 0x31, 0x39, 0x24, 0x3a, 0x19, 0x3b, 0x10, 0x3c, 0x09, 0x3d, 0x04, 0x3e, 0x01, 0x3f,
];

pub const G_A_COEF_C_AT5: [u8; 512] = [
    0xf3, 0x04, 0x35, 0x3f, 0x5e, 0x83, 0x6c, 0x3f, 0x15, 0xef, 0xc3, 0xbe, 0xbe, 0x14, 0x7b, 0x3f,
    0xda, 0x39, 0x0e, 0x3f, 0xc2, 0xc5, 0x47, 0xbe, 0x31, 0xdb, 0x54, 0xbf, 0x6d, 0xc4, 0x7e, 0x3f,
    0x98, 0xc5, 0x61, 0x3f, 0x99, 0x67, 0x22, 0x3f, 0x31, 0xa0, 0x94, 0x3e, 0x36, 0xbd, 0xc8, 0xbd,
    0xea, 0x5a, 0xf1, 0xbe, 0x03, 0xe4, 0x45, 0xbf, 0x0b, 0xfa, 0x74, 0xbf, 0x0f, 0xb1, 0x7f, 0x3f,
    0xf8, 0x53, 0x78, 0x3f, 0xd8, 0x6b, 0x67, 0x3f, 0x02, 0x9f, 0x4d, 0x3f, 0x4a, 0xeb, 0x2b, 0x3f,
    0x3d, 0x9c, 0x03, 0x3f, 0xd4, 0x7c, 0xac, 0x3e, 0x83, 0x40, 0x16, 0x3e, 0x30, 0xfb, 0x48, 0xbd,
    0xcc, 0xcf, 0x78, 0xbe, 0x80, 0xe8, 0xda, 0xbe, 0xc0, 0x7f, 0x18, 0xbf, 0xf9, 0xae, 0x3d, 0xbf,
    0x1a, 0x94, 0x5b, 0xbf, 0x08, 0x09, 0x71, 0xbf, 0xac, 0x3a, 0x7d, 0xbf, 0x43, 0xec, 0x7f, 0x3f,
    0x24, 0x13, 0x7e, 0x3f, 0x9d, 0xc7, 0x79, 0x3f, 0x47, 0x14, 0x73, 0x3f, 0xa7, 0x09, 0x6a, 0x3f,
    0x05, 0xbe, 0x5e, 0x3f, 0x3d, 0x4d, 0x51, 0x3f, 0x70, 0xd8, 0x41, 0x3f, 0xbb, 0x85, 0x30, 0x3f,
    0xd1, 0x7f, 0x1d, 0x3f, 0x9b, 0xf5, 0x08, 0x3f, 0x75, 0x33, 0xe6, 0x3e, 0x2a, 0x44, 0xb8, 0x3e,
    0x93, 0x8e, 0x88, 0x3e, 0xa2, 0x10, 0x2f, 0x3e, 0x05, 0xa9, 0x96, 0x3d, 0xb0, 0x0a, 0xc9, 0xbc,
    0x73, 0xb2, 0xfa, 0xbd, 0x13, 0x5c, 0x60, 0xbe, 0xe5, 0x9a, 0xa0, 0xbe, 0xca, 0x7b, 0xcf, 0xbe,
    0x27, 0x5d, 0xfc, 0xbe, 0x2a, 0x68, 0x13, 0xbf, 0x56, 0x36, 0x27, 0xbf, 0x42, 0x68, 0x39, 0xbf,
    0x12, 0xd1, 0x49, 0xbf, 0x53, 0x48, 0x58, 0xbf, 0x59, 0xaa, 0x64, 0xbf, 0x9e, 0xd8, 0x6e, 0xbf,
    0x07, 0xba, 0x76, 0xbf, 0x28, 0x3b, 0x7c, 0xbf, 0x6d, 0x4e, 0x7f, 0xbf, 0xc4, 0xfe, 0x7f, 0x3f,
    0x29, 0xe1, 0x7f, 0x3f, 0x18, 0x9c, 0x7f, 0x3f, 0x9d, 0x2f, 0x7f, 0x3f, 0xc9, 0x9b, 0x7e, 0x3f,
    0xb1, 0xe0, 0x7d, 0x3f, 0x73, 0xfe, 0x7c, 0x3f, 0x31, 0xf5, 0x7b, 0x3f, 0x16, 0xc5, 0x7a, 0x3f,
    0x4e, 0x6e, 0x79, 0x3f, 0x10, 0xf1, 0x77, 0x3f, 0x97, 0x4d, 0x76, 0x3f, 0x22, 0x84, 0x74, 0x3f,
    0xf8, 0x94, 0x72, 0x3f, 0x66, 0x80, 0x70, 0x3f, 0xbe, 0x46, 0x6e, 0x3f, 0x58, 0xe8, 0x6b, 0x3f,
    0x91, 0x65, 0x69, 0x3f, 0xcc, 0xbe, 0x66, 0x3f, 0x73, 0xf4, 0x63, 0x3f, 0xf2, 0x06, 0x61, 0x3f,
    0xbe, 0xf6, 0x5d, 0x3f, 0x50, 0xc4, 0x5a, 0x3f, 0x26, 0x70, 0x57, 0x3f, 0xc3, 0xfa, 0x53, 0x3f,
    0xaf, 0x64, 0x50, 0x3f, 0x79, 0xae, 0x4c, 0x3f, 0xb3, 0xd8, 0x48, 0x3f, 0xf5, 0xe3, 0x44, 0x3f,
    0xda, 0xd0, 0x40, 0x3f, 0x03, 0xa0, 0x3c, 0x3f, 0x16, 0x52, 0x38, 0x3f, 0xbc, 0xe7, 0x33, 0x3f,
    0xa5, 0x61, 0x2f, 0x3f, 0x82, 0xc0, 0x2a, 0x3f, 0x0a, 0x05, 0x26, 0x3f, 0xf9, 0x2f, 0x21, 0x3f,
    0x0c, 0x42, 0x1c, 0x3f, 0x07, 0x3c, 0x17, 0x3f, 0xb0, 0x1e, 0x12, 0x3f, 0xd0, 0xea, 0x0c, 0x3f,
    0x36, 0xa1, 0x07, 0x3f, 0xb1, 0x42, 0x02, 0x3f, 0x2d, 0xa0, 0xf9, 0x3e, 0x79, 0x94, 0xee, 0x3e,
    0xfa, 0x63, 0xe3, 0x3e, 0x6b, 0x10, 0xd8, 0x3e, 0x8b, 0x9b, 0xcc, 0x3e, 0x1e, 0x07, 0xc1, 0x3e,
    0xec, 0x54, 0xb5, 0x3e, 0xc4, 0x86, 0xa9, 0x3e, 0x78, 0x9e, 0x9d, 0x3e, 0xdd, 0x9d, 0x91, 0x3e,
    0xce, 0x86, 0x85, 0x3e, 0x51, 0xb6, 0x72, 0x3e, 0x97, 0x39, 0x5a, 0x3e, 0x37, 0x9b, 0x41, 0x3e,
    0xfc, 0xde, 0x28, 0x3e, 0xb7, 0x08, 0x10, 0x3e, 0x76, 0x38, 0xee, 0x3d, 0xc3, 0x3a, 0xbc, 0x3d,
    0x0a, 0x20, 0x8a, 0x3d, 0x07, 0xe0, 0x2f, 0x3d, 0xb6, 0xc9, 0x96, 0x3c, 0x00, 0x00, 0x00, 0x00,
];

pub const G_A_COEF_S_AT5: [u8; 512] = [
    0xf3, 0x04, 0x35, 0x3f, 0x15, 0xef, 0xc3, 0x3e, 0x5e, 0x83, 0x6c, 0x3f, 0xc2, 0xc5, 0x47, 0x3e,
    0x31, 0xdb, 0x54, 0x3f, 0xbe, 0x14, 0x7b, 0x3f, 0xda, 0x39, 0x0e, 0x3f, 0x36, 0xbd, 0xc8, 0x3d,
    0xea, 0x5a, 0xf1, 0x3e, 0x03, 0xe4, 0x45, 0x3f, 0x0b, 0xfa, 0x74, 0x3f, 0x6d, 0xc4, 0x7e, 0x3f,
    0x98, 0xc5, 0x61, 0x3f, 0x99, 0x67, 0x22, 0x3f, 0x31, 0xa0, 0x94, 0x3e, 0x30, 0xfb, 0x48, 0x3d,
    0xcc, 0xcf, 0x78, 0x3e, 0x80, 0xe8, 0xda, 0x3e, 0xc0, 0x7f, 0x18, 0x3f, 0xf9, 0xae, 0x3d, 0x3f,
    0x1a, 0x94, 0x5b, 0x3f, 0x08, 0x09, 0x71, 0x3f, 0xac, 0x3a, 0x7d, 0x3f, 0x0f, 0xb1, 0x7f, 0x3f,
    0xf8, 0x53, 0x78, 0x3f, 0xd8, 0x6b, 0x67, 0x3f, 0x02, 0x9f, 0x4d, 0x3f, 0x4a, 0xeb, 0x2b, 0x3f,
    0x3d, 0x9c, 0x03, 0x3f, 0xd4, 0x7c, 0xac, 0x3e, 0x83, 0x40, 0x16, 0x3e, 0xb0, 0x0a, 0xc9, 0x3c,
    0x73, 0xb2, 0xfa, 0x3d, 0x13, 0x5c, 0x60, 0x3e, 0xe5, 0x9a, 0xa0, 0x3e, 0xca, 0x7b, 0xcf, 0x3e,
    0x27, 0x5d, 0xfc, 0x3e, 0x2a, 0x68, 0x13, 0x3f, 0x56, 0x36, 0x27, 0x3f, 0x42, 0x68, 0x39, 0x3f,
    0x12, 0xd1, 0x49, 0x3f, 0x53, 0x48, 0x58, 0x3f, 0x59, 0xaa, 0x64, 0x3f, 0x9e, 0xd8, 0x6e, 0x3f,
    0x07, 0xba, 0x76, 0x3f, 0x28, 0x3b, 0x7c, 0x3f, 0x6d, 0x4e, 0x7f, 0x3f, 0x43, 0xec, 0x7f, 0x3f,
    0x24, 0x13, 0x7e, 0x3f, 0x9d, 0xc7, 0x79, 0x3f, 0x47, 0x14, 0x73, 0x3f, 0xa7, 0x09, 0x6a, 0x3f,
    0x05, 0xbe, 0x5e, 0x3f, 0x3d, 0x4d, 0x51, 0x3f, 0x70, 0xd8, 0x41, 0x3f, 0xbb, 0x85, 0x30, 0x3f,
    0xd1, 0x7f, 0x1d, 0x3f, 0x9b, 0xf5, 0x08, 0x3f, 0x75, 0x33, 0xe6, 0x3e, 0x2a, 0x44, 0xb8, 0x3e,
    0x93, 0x8e, 0x88, 0x3e, 0xa2, 0x10, 0x2f, 0x3e, 0x05, 0xa9, 0x96, 0x3d, 0x88, 0x0f, 0xc9, 0x3b,
    0xba, 0x49, 0xfb, 0x3c, 0x69, 0x14, 0x62, 0x3d, 0x8c, 0x30, 0xa3, 0x3d, 0xb9, 0x3d, 0xd5, 0x3d,
    0x02, 0x95, 0x03, 0x3e, 0xde, 0x76, 0x1c, 0x3e, 0x98, 0x40, 0x35, 0x3e, 0x60, 0xee, 0x4d, 0x3e,
    0x66, 0x7c, 0x66, 0x3e, 0xe1, 0xe6, 0x7e, 0x3e, 0x07, 0x95, 0x8b, 0x3e, 0x17, 0xa1, 0x97, 0x3e,
    0xc5, 0x95, 0xa3, 0x3e, 0x3a, 0x71, 0xaf, 0x3e, 0xa0, 0x31, 0xbb, 0x3e, 0x29, 0xd5, 0xc6, 0x3e,
    0x09, 0x5a, 0xd2, 0x3e, 0x79, 0xbe, 0xdd, 0x3e, 0xb7, 0x00, 0xe9, 0x3e, 0x07, 0x1f, 0xf4, 0x3e,
    0xb2, 0x17, 0xff, 0x3e, 0x84, 0xf4, 0x04, 0x3f, 0xad, 0x48, 0x0a, 0x3f, 0x84, 0x87, 0x0f, 0x3f,
    0x39, 0xb0, 0x14, 0x3f, 0x00, 0xc2, 0x19, 0x3f, 0x12, 0xbc, 0x1e, 0x3f, 0xa9, 0x9d, 0x23, 0x3f,
    0x05, 0x66, 0x28, 0x3f, 0x69, 0x14, 0x2d, 0x3f, 0x1d, 0xa8, 0x31, 0x3f, 0x6c, 0x20, 0x36, 0x3f,
    0xa4, 0x7c, 0x3a, 0x3f, 0x1b, 0xbc, 0x3e, 0x3f, 0x29, 0xde, 0x42, 0x3f, 0x2a, 0xe2, 0x46, 0x3f,
    0x7f, 0xc7, 0x4a, 0x3f, 0x90, 0x8d, 0x4e, 0x3f, 0xc6, 0x33, 0x52, 0x3f, 0x93, 0xb9, 0x55, 0x3f,
    0x6a, 0x1e, 0x59, 0x3f, 0xc7, 0x61, 0x5c, 0x3f, 0x27, 0x83, 0x5f, 0x3f, 0x10, 0x82, 0x62, 0x3f,
    0x0b, 0x5e, 0x65, 0x3f, 0xa8, 0x16, 0x68, 0x3f, 0x7b, 0xab, 0x6a, 0x3f, 0x1d, 0x1c, 0x6d, 0x3f,
    0x30, 0x68, 0x6f, 0x3f, 0x57, 0x8f, 0x71, 0x3f, 0x3f, 0x91, 0x73, 0x3f, 0x97, 0x6d, 0x75, 0x3f,
    0x17, 0x24, 0x77, 0x3f, 0x7b, 0xb4, 0x78, 0x3f, 0x84, 0x1e, 0x7a, 0x3f, 0xfc, 0x61, 0x7b, 0x3f,
    0xb0, 0x7e, 0x7c, 0x3f, 0x74, 0x74, 0x7d, 0x3f, 0x23, 0x43, 0x7e, 0x3f, 0x9d, 0xea, 0x7e, 0x3f,
    0xc7, 0x6a, 0x7f, 0x3f, 0x8f, 0xc3, 0x7f, 0x3f, 0xe6, 0xf4, 0x7f, 0x3f, 0x00, 0x00, 0x00, 0x00,
];

pub const G_A_MATRIX_AT5: [u8; 256] = [
    0x00, 0x00, 0x40, 0x00, 0x60, 0x00, 0x20, 0x00, 0x30, 0x00, 0x70, 0x00, 0x50, 0x00, 0x10, 0x00,
    0x18, 0x00, 0x58, 0x00, 0x78, 0x00, 0x38, 0x00, 0x28, 0x00, 0x68, 0x00, 0x48, 0x00, 0x08, 0x00,
    0x0c, 0x00, 0x4c, 0x00, 0x6c, 0x00, 0x2c, 0x00, 0x3c, 0x00, 0x7c, 0x00, 0x5c, 0x00, 0x1c, 0x00,
    0x14, 0x00, 0x54, 0x00, 0x74, 0x00, 0x34, 0x00, 0x24, 0x00, 0x64, 0x00, 0x44, 0x00, 0x04, 0x00,
    0x06, 0x00, 0x46, 0x00, 0x66, 0x00, 0x26, 0x00, 0x36, 0x00, 0x76, 0x00, 0x56, 0x00, 0x16, 0x00,
    0x1e, 0x00, 0x5e, 0x00, 0x7e, 0x00, 0x3e, 0x00, 0x2e, 0x00, 0x6e, 0x00, 0x4e, 0x00, 0x0e, 0x00,
    0x0a, 0x00, 0x4a, 0x00, 0x6a, 0x00, 0x2a, 0x00, 0x3a, 0x00, 0x7a, 0x00, 0x5a, 0x00, 0x1a, 0x00,
    0x12, 0x00, 0x52, 0x00, 0x72, 0x00, 0x32, 0x00, 0x22, 0x00, 0x62, 0x00, 0x42, 0x00, 0x02, 0x00,
    0x03, 0x00, 0x43, 0x00, 0x63, 0x00, 0x23, 0x00, 0x33, 0x00, 0x73, 0x00, 0x53, 0x00, 0x13, 0x00,
    0x1b, 0x00, 0x5b, 0x00, 0x7b, 0x00, 0x3b, 0x00, 0x2b, 0x00, 0x6b, 0x00, 0x4b, 0x00, 0x0b, 0x00,
    0x0f, 0x00, 0x4f, 0x00, 0x6f, 0x00, 0x2f, 0x00, 0x3f, 0x00, 0x7f, 0x00, 0x5f, 0x00, 0x1f, 0x00,
    0x17, 0x00, 0x57, 0x00, 0x77, 0x00, 0x37, 0x00, 0x27, 0x00, 0x67, 0x00, 0x47, 0x00, 0x07, 0x00,
    0x05, 0x00, 0x45, 0x00, 0x65, 0x00, 0x25, 0x00, 0x35, 0x00, 0x75, 0x00, 0x55, 0x00, 0x15, 0x00,
    0x1d, 0x00, 0x5d, 0x00, 0x7d, 0x00, 0x3d, 0x00, 0x2d, 0x00, 0x6d, 0x00, 0x4d, 0x00, 0x0d, 0x00,
    0x09, 0x00, 0x49, 0x00, 0x69, 0x00, 0x29, 0x00, 0x39, 0x00, 0x79, 0x00, 0x59, 0x00, 0x19, 0x00,
    0x11, 0x00, 0x51, 0x00, 0x71, 0x00, 0x31, 0x00, 0x21, 0x00, 0x61, 0x00, 0x41, 0x00, 0x01, 0x00,
];

pub const G_A_WIND3_AT5: [u8; 1024] = [
    0x00, 0x00, 0x00, 0x00, 0x00, 0x00, 0x00, 0x00, 0x00, 0x00, 0x00, 0x00, 0x00, 0x00, 0x00, 0x00,
    0x00, 0x00, 0x00, 0x00, 0x00, 0x00, 0x00, 0x00, 0x00, 0x00, 0x00, 0x00, 0x00, 0x00, 0x00, 0x00,
    0x00, 0x00, 0x00, 0x00, 0x00, 0x00, 0x00, 0x00, 0x00, 0x00, 0x00, 0x00, 0x00, 0x00, 0x00, 0x00,
    0x00, 0x00, 0x00, 0x00, 0x00, 0x00, 0x00, 0x00, 0x00, 0x00, 0x00, 0x00, 0x00, 0x00, 0x00, 0x00,
    0x00, 0x00, 0x00, 0x00, 0x00, 0x00, 0x00, 0x00, 0x00, 0x00, 0x00, 0x00, 0x00, 0x00, 0x00, 0x00,
    0x00, 0x00, 0x00, 0x00, 0x00, 0x00, 0x00, 0x00, 0x00, 0x00, 0x00, 0x00, 0x00, 0x00, 0x00, 0x00,
    0x00, 0x00, 0x00, 0x00, 0x00, 0x00, 0x00, 0x00, 0x00, 0x00, 0x00, 0x00, 0x00, 0x00, 0x00, 0x00,
    0x00, 0x00, 0x00, 0x00, 0x00, 0x00, 0x00, 0x00, 0x00, 0x00, 0x00, 0x00, 0x00, 0x00, 0x00, 0x00,
    0x90, 0x0e, 0x49, 0x3c, 0x2c, 0xc3, 0x16, 0x3d, 0x74, 0x2b, 0x7b, 0x3d, 0x80, 0xb6, 0xaf, 0x3d,
    0x2e, 0xbc, 0xe1, 0x3d, 0x86, 0xcf, 0x09, 0x3e, 0xb6, 0xab, 0x22, 0x3e, 0xcf, 0x6e, 0x3b, 0x3e,
    0x01, 0x15, 0x54, 0x3e, 0x7f, 0x9a, 0x6c, 0x3e, 0xc0, 0x7d, 0x82, 0x3e, 0x22, 0x9a, 0x8e, 0x3e,
    0x86, 0xa0, 0x9a, 0x3e, 0x12, 0x8f, 0xa6, 0x3e, 0xef, 0x63, 0xb2, 0x3e, 0x4a, 0x1d, 0xbe, 0x3e,
    0x53, 0xb9, 0xc9, 0x3e, 0x41, 0x36, 0xd5, 0x3e, 0x4f, 0x92, 0xe0, 0x3e, 0xbb, 0xcb, 0xeb, 0x3e,
    0xcb, 0xe0, 0xf6, 0x3e, 0xe4, 0xe7, 0x00, 0x3f, 0x82, 0x4b, 0x06, 0x3f, 0x6b, 0x9a, 0x0b, 0x3f,
    0xcd, 0xd3, 0x10, 0x3f, 0xd9, 0xf6, 0x15, 0x3f, 0xc6, 0x02, 0x1b, 0x3f, 0xcb, 0xf6, 0x1f, 0x3f,
    0x25, 0xd2, 0x24, 0x3f, 0x15, 0x94, 0x29, 0x3f, 0xde, 0x3b, 0x2e, 0x3f, 0xc9, 0xc8, 0x32, 0x3f,
    0x23, 0x3a, 0x37, 0x3f, 0x3b, 0x8f, 0x3b, 0x3f, 0x67, 0xc7, 0x3f, 0x3f, 0x00, 0xe2, 0x43, 0x3f,
    0x65, 0xde, 0x47, 0x3f, 0xf8, 0xbb, 0x4b, 0x3f, 0x1f, 0x7a, 0x4f, 0x3f, 0x49, 0x18, 0x53, 0x3f,
    0xe5, 0x95, 0x56, 0x3f, 0x6a, 0xf2, 0x59, 0x3f, 0x53, 0x2d, 0x5d, 0x3f, 0x21, 0x46, 0x60, 0x3f,
    0x5a, 0x3c, 0x63, 0x3f, 0x88, 0x0f, 0x66, 0x3f, 0x3c, 0xbf, 0x68, 0x3f, 0x0c, 0x4b, 0x6b, 0x3f,
    0x93, 0xb2, 0x6d, 0x3f, 0x73, 0xf5, 0x6f, 0x3f, 0x52, 0x13, 0x72, 0x3f, 0xdd, 0x0b, 0x74, 0x3f,
    0xc6, 0xde, 0x75, 0x3f, 0xc5, 0x8b, 0x77, 0x3f, 0x98, 0x12, 0x79, 0x3f, 0x02, 0x73, 0x7a, 0x3f,
    0xcd, 0xac, 0x7b, 0x3f, 0xc9, 0xbf, 0x7c, 0x3f, 0xcc, 0xab, 0x7d, 0x3f, 0xb0, 0x70, 0x7e, 0x3f,
    0x58, 0x0e, 0x7f, 0x3f, 0xab, 0x84, 0x7f, 0x3f, 0x97, 0xd3, 0x7f, 0x3f, 0x11, 0xfb, 0x7f, 0x3f,
    0x00, 0x00, 0x80, 0x3f, 0x00, 0x00, 0x80, 0x3f, 0x00, 0x00, 0x80, 0x3f, 0x00, 0x00, 0x80, 0x3f,
    0x00, 0x00, 0x80, 0x3f, 0x00, 0x00, 0x80, 0x3f, 0x00, 0x00, 0x80, 0x3f, 0x00, 0x00, 0x80, 0x3f,
    0x00, 0x00, 0x80, 0x3f, 0x00, 0x00, 0x80, 0x3f, 0x00, 0x00, 0x80, 0x3f, 0x00, 0x00, 0x80, 0x3f,
    0x00, 0x00, 0x80, 0x3f, 0x00, 0x00, 0x80, 0x3f, 0x00, 0x00, 0x80, 0x3f, 0x00, 0x00, 0x80, 0x3f,
    0x00, 0x00, 0x80, 0x3f, 0x00, 0x00, 0x80, 0x3f, 0x00, 0x00, 0x80, 0x3f, 0x00, 0x00, 0x80, 0x3f,
    0x00, 0x00, 0x80, 0x3f, 0x00, 0x00, 0x80, 0x3f, 0x00, 0x00, 0x80, 0x3f, 0x00, 0x00, 0x80, 0x3f,
    0x00, 0x00, 0x80, 0x3f, 0x00, 0x00, 0x80, 0x3f, 0x00, 0x00, 0x80, 0x3f, 0x00, 0x00, 0x80, 0x3f,
    0x00, 0x00, 0x80, 0x3f, 0x00, 0x00, 0x80, 0x3f, 0x00, 0x00, 0x80, 0x3f, 0x00, 0x00, 0x80, 0x3f,
    0x00, 0x00, 0x80, 0x3f, 0x00, 0x00, 0x80, 0x3f, 0x00, 0x00, 0x80, 0x3f, 0x00, 0x00, 0x80, 0x3f,
    0x00, 0x00, 0x80, 0x3f, 0x00, 0x00, 0x80, 0x3f, 0x00, 0x00, 0x80, 0x3f, 0x00, 0x00, 0x80, 0x3f,
    0x00, 0x00, 0x80, 0x3f, 0x00, 0x00, 0x80, 0x3f, 0x00, 0x00, 0x80, 0x3f, 0x00, 0x00, 0x80, 0x3f,
    0x00, 0x00, 0x80, 0x3f, 0x00, 0x00, 0x80, 0x3f, 0x00, 0x00, 0x80, 0x3f, 0x00, 0x00, 0x80, 0x3f,
    0x00, 0x00, 0x80, 0x3f, 0x00, 0x00, 0x80, 0x3f, 0x00, 0x00, 0x80, 0x3f, 0x00, 0x00, 0x80, 0x3f,
    0x00, 0x00, 0x80, 0x3f, 0x00, 0x00, 0x80, 0x3f, 0x00, 0x00, 0x80, 0x3f, 0x00, 0x00, 0x80, 0x3f,
    0x00, 0x00, 0x80, 0x3f, 0x00, 0x00, 0x80, 0x3f, 0x00, 0x00, 0x80, 0x3f, 0x00, 0x00, 0x80, 0x3f,
    0x00, 0x00, 0x80, 0x3f, 0x00, 0x00, 0x80, 0x3f, 0x00, 0x00, 0x80, 0x3f, 0x00, 0x00, 0x80, 0x3f,
    0x11, 0xfb, 0x7f, 0x3f, 0x97, 0xd3, 0x7f, 0x3f, 0xab, 0x84, 0x7f, 0x3f, 0x58, 0x0e, 0x7f, 0x3f,
    0xb0, 0x70, 0x7e, 0x3f, 0xcc, 0xab, 0x7d, 0x3f, 0xc9, 0xbf, 0x7c, 0x3f, 0xcd, 0xac, 0x7b, 0x3f,
    0x02, 0x73, 0x7a, 0x3f, 0x98, 0x12, 0x79, 0x3f, 0xc5, 0x8b, 0x77, 0x3f, 0xc6, 0xde, 0x75, 0x3f,
    0xdd, 0x0b, 0x74, 0x3f, 0x52, 0x13, 0x72, 0x3f, 0x73, 0xf5, 0x6f, 0x3f, 0x93, 0xb2, 0x6d, 0x3f,
    0x0c, 0x4b, 0x6b, 0x3f, 0x3c, 0xbf, 0x68, 0x3f, 0x88, 0x0f, 0x66, 0x3f, 0x5a, 0x3c, 0x63, 0x3f,
    0x21, 0x46, 0x60, 0x3f, 0x53, 0x2d, 0x5d, 0x3f, 0x6a, 0xf2, 0x59, 0x3f, 0xe5, 0x95, 0x56, 0x3f,
    0x49, 0x18, 0x53, 0x3f, 0x1f, 0x7a, 0x4f, 0x3f, 0xf8, 0xbb, 0x4b, 0x3f, 0x65, 0xde, 0x47, 0x3f,
    0x00, 0xe2, 0x43, 0x3f, 0x67, 0xc7, 0x3f, 0x3f, 0x3b, 0x8f, 0x3b, 0x3f, 0x23, 0x3a, 0x37, 0x3f,
    0xc9, 0xc8, 0x32, 0x3f, 0xde, 0x3b, 0x2e, 0x3f, 0x15, 0x94, 0x29, 0x3f, 0x25, 0xd2, 0x24, 0x3f,
    0xcb, 0xf6, 0x1f, 0x3f, 0xc6, 0x02, 0x1b, 0x3f, 0xd9, 0xf6, 0x15, 0x3f, 0xcd, 0xd3, 0x10, 0x3f,
    0x6b, 0x9a, 0x0b, 0x3f, 0x82, 0x4b, 0x06, 0x3f, 0xe4, 0xe7, 0x00, 0x3f, 0xcb, 0xe0, 0xf6, 0x3e,
    0xbb, 0xcb, 0xeb, 0x3e, 0x4f, 0x92, 0xe0, 0x3e, 0x41, 0x36, 0xd5, 0x3e, 0x53, 0xb9, 0xc9, 0x3e,
    0x4a, 0x1d, 0xbe, 0x3e, 0xef, 0x63, 0xb2, 0x3e, 0x12, 0x8f, 0xa6, 0x3e, 0x86, 0xa0, 0x9a, 0x3e,
    0x22, 0x9a, 0x8e, 0x3e, 0xc0, 0x7d, 0x82, 0x3e, 0x7f, 0x9a, 0x6c, 0x3e, 0x01, 0x15, 0x54, 0x3e,
    0xcf, 0x6e, 0x3b, 0x3e, 0xb6, 0xab, 0x22, 0x3e, 0x86, 0xcf, 0x09, 0x3e, 0x2e, 0xbc, 0xe1, 0x3d,
    0x80, 0xb6, 0xaf, 0x3d, 0x74, 0x2b, 0x7b, 0x3d, 0x2c, 0xc3, 0x16, 0x3d, 0x90, 0x0e, 0x49, 0x3c,
    0x00, 0x00, 0x00, 0x00, 0x00, 0x00, 0x00, 0x00, 0x00, 0x00, 0x00, 0x00, 0x00, 0x00, 0x00, 0x00,
    0x00, 0x00, 0x00, 0x00, 0x00, 0x00, 0x00, 0x00, 0x00, 0x00, 0x00, 0x00, 0x00, 0x00, 0x00, 0x00,
    0x00, 0x00, 0x00, 0x00, 0x00, 0x00, 0x00, 0x00, 0x00, 0x00, 0x00, 0x00, 0x00, 0x00, 0x00, 0x00,
    0x00, 0x00, 0x00, 0x00, 0x00, 0x00, 0x00, 0x00, 0x00, 0x00, 0x00, 0x00, 0x00, 0x00, 0x00, 0x00,
    0x00, 0x00, 0x00, 0x00, 0x00, 0x00, 0x00, 0x00, 0x00, 0x00, 0x00, 0x00, 0x00, 0x00, 0x00, 0x00,
    0x00, 0x00, 0x00, 0x00, 0x00, 0x00, 0x00, 0x00, 0x00, 0x00, 0x00, 0x00, 0x00, 0x00, 0x00, 0x00,
    0x00, 0x00, 0x00, 0x00, 0x00, 0x00, 0x00, 0x00, 0x00, 0x00, 0x00, 0x00, 0x00, 0x00, 0x00, 0x00,
    0x00, 0x00, 0x00, 0x00, 0x00, 0x00, 0x00, 0x00, 0x00, 0x00, 0x00, 0x00, 0x00, 0x00, 0x00, 0x00,
];

pub const G_A_WIND2_AT5: [u8; 1024] = [
    0x00, 0x00, 0x00, 0x00, 0x00, 0x00, 0x00, 0x00, 0x00, 0x00, 0x00, 0x00, 0x00, 0x00, 0x00, 0x00,
    0x00, 0x00, 0x00, 0x00, 0x00, 0x00, 0x00, 0x00, 0x00, 0x00, 0x00, 0x00, 0x00, 0x00, 0x00, 0x00,
    0x00, 0x00, 0x00, 0x00, 0x00, 0x00, 0x00, 0x00, 0x00, 0x00, 0x00, 0x00, 0x00, 0x00, 0x00, 0x00,
    0x00, 0x00, 0x00, 0x00, 0x00, 0x00, 0x00, 0x00, 0x00, 0x00, 0x00, 0x00, 0x00, 0x00, 0x00, 0x00,
    0x00, 0x00, 0x00, 0x00, 0x00, 0x00, 0x00, 0x00, 0x00, 0x00, 0x00, 0x00, 0x00, 0x00, 0x00, 0x00,
    0x00, 0x00, 0x00, 0x00, 0x00, 0x00, 0x00, 0x00, 0x00, 0x00, 0x00, 0x00, 0x00, 0x00, 0x00, 0x00,
    0x00, 0x00, 0x00, 0x00, 0x00, 0x00, 0x00, 0x00, 0x00, 0x00, 0x00, 0x00, 0x00, 0x00, 0x00, 0x00,
    0x00, 0x00, 0x00, 0x00, 0x00, 0x00, 0x00, 0x00, 0x00, 0x00, 0x00, 0x00, 0x00, 0x00, 0x00, 0x00,
    0x90, 0x0e, 0x49, 0x3c, 0x2c, 0xc3, 0x16, 0x3d, 0x74, 0x2b, 0x7b, 0x3d, 0x80, 0xb6, 0xaf, 0x3d,
    0x2e, 0xbc, 0xe1, 0x3d, 0x86, 0xcf, 0x09, 0x3e, 0xb6, 0xab, 0x22, 0x3e, 0xcf, 0x6e, 0x3b, 0x3e,
    0x01, 0x15, 0x54, 0x3e, 0x7f, 0x9a, 0x6c, 0x3e, 0xc0, 0x7d, 0x82, 0x3e, 0x22, 0x9a, 0x8e, 0x3e,
    0x86, 0xa0, 0x9a, 0x3e, 0x12, 0x8f, 0xa6, 0x3e, 0xef, 0x63, 0xb2, 0x3e, 0x4a, 0x1d, 0xbe, 0x3e,
    0x53, 0xb9, 0xc9, 0x3e, 0x41, 0x36, 0xd5, 0x3e, 0x4f, 0x92, 0xe0, 0x3e, 0xbb, 0xcb, 0xeb, 0x3e,
    0xcb, 0xe0, 0xf6, 0x3e, 0xe4, 0xe7, 0x00, 0x3f, 0x82, 0x4b, 0x06, 0x3f, 0x6b, 0x9a, 0x0b, 0x3f,
    0xcd, 0xd3, 0x10, 0x3f, 0xd9, 0xf6, 0x15, 0x3f, 0xc6, 0x02, 0x1b, 0x3f, 0xcb, 0xf6, 0x1f, 0x3f,
    0x25, 0xd2, 0x24, 0x3f, 0x15, 0x94, 0x29, 0x3f, 0xde, 0x3b, 0x2e, 0x3f, 0xc9, 0xc8, 0x32, 0x3f,
    0x23, 0x3a, 0x37, 0x3f, 0x3b, 0x8f, 0x3b, 0x3f, 0x67, 0xc7, 0x3f, 0x3f, 0x00, 0xe2, 0x43, 0x3f,
    0x65, 0xde, 0x47, 0x3f, 0xf8, 0xbb, 0x4b, 0x3f, 0x1f, 0x7a, 0x4f, 0x3f, 0x49, 0x18, 0x53, 0x3f,
    0xe5, 0x95, 0x56, 0x3f, 0x6a, 0xf2, 0x59, 0x3f, 0x53, 0x2d, 0x5d, 0x3f, 0x21, 0x46, 0x60, 0x3f,
    0x5a, 0x3c, 0x63, 0x3f, 0x88, 0x0f, 0x66, 0x3f, 0x3c, 0xbf, 0x68, 0x3f, 0x0c, 0x4b, 0x6b, 0x3f,
    0x93, 0xb2, 0x6d, 0x3f, 0x73, 0xf5, 0x6f, 0x3f, 0x52, 0x13, 0x72, 0x3f, 0xdd, 0x0b, 0x74, 0x3f,
    0xc6, 0xde, 0x75, 0x3f, 0xc5, 0x8b, 0x77, 0x3f, 0x98, 0x12, 0x79, 0x3f, 0x02, 0x73, 0x7a, 0x3f,
    0xcd, 0xac, 0x7b, 0x3f, 0xc9, 0xbf, 0x7c, 0x3f, 0xcc, 0xab, 0x7d, 0x3f, 0xb0, 0x70, 0x7e, 0x3f,
    0x58, 0x0e, 0x7f, 0x3f, 0xab, 0x84, 0x7f, 0x3f, 0x97, 0xd3, 0x7f, 0x3f, 0x11, 0xfb, 0x7f, 0x3f,
    0x00, 0x00, 0x80, 0x3f, 0x00, 0x00, 0x80, 0x3f, 0x00, 0x00, 0x80, 0x3f, 0x00, 0x00, 0x80, 0x3f,
    0x00, 0x00, 0x80, 0x3f, 0x00, 0x00, 0x80, 0x3f, 0x00, 0x00, 0x80, 0x3f, 0x00, 0x00, 0x80, 0x3f,
    0x00, 0x00, 0x80, 0x3f, 0x00, 0x00, 0x80, 0x3f, 0x00, 0x00, 0x80, 0x3f, 0x00, 0x00, 0x80, 0x3f,
    0x00, 0x00, 0x80, 0x3f, 0x00, 0x00, 0x80, 0x3f, 0x00, 0x00, 0x80, 0x3f, 0x00, 0x00, 0x80, 0x3f,
    0x00, 0x00, 0x80, 0x3f, 0x00, 0x00, 0x80, 0x3f, 0x00, 0x00, 0x80, 0x3f, 0x00, 0x00, 0x80, 0x3f,
    0x00, 0x00, 0x80, 0x3f, 0x00, 0x00, 0x80, 0x3f, 0x00, 0x00, 0x80, 0x3f, 0x00, 0x00, 0x80, 0x3f,
    0x00, 0x00, 0x80, 0x3f, 0x00, 0x00, 0x80, 0x3f, 0x00, 0x00, 0x80, 0x3f, 0x00, 0x00, 0x80, 0x3f,
    0x00, 0x00, 0x80, 0x3f, 0x00, 0x00, 0x80, 0x3f, 0x00, 0x00, 0x80, 0x3f, 0x00, 0x00, 0x80, 0x3f,
    0xc4, 0xfe, 0x7f, 0x3f, 0xe6, 0xf4, 0x7f, 0x3f, 0x29, 0xe1, 0x7f, 0x3f, 0x8f, 0xc3, 0x7f, 0x3f,
    0x18, 0x9c, 0x7f, 0x3f, 0xc7, 0x6a, 0x7f, 0x3f, 0x9d, 0x2f, 0x7f, 0x3f, 0x9d, 0xea, 0x7e, 0x3f,
    0xc9, 0x9b, 0x7e, 0x3f, 0x23, 0x43, 0x7e, 0x3f, 0xb1, 0xe0, 0x7d, 0x3f, 0x74, 0x74, 0x7d, 0x3f,
    0x73, 0xfe, 0x7c, 0x3f, 0xb0, 0x7e, 0x7c, 0x3f, 0x31, 0xf5, 0x7b, 0x3f, 0xfc, 0x61, 0x7b, 0x3f,
    0x16, 0xc5, 0x7a, 0x3f, 0x84, 0x1e, 0x7a, 0x3f, 0x4e, 0x6e, 0x79, 0x3f, 0x7b, 0xb4, 0x78, 0x3f,
    0x10, 0xf1, 0x77, 0x3f, 0x17, 0x24, 0x77, 0x3f, 0x97, 0x4d, 0x76, 0x3f, 0x97, 0x6d, 0x75, 0x3f,
    0x22, 0x84, 0x74, 0x3f, 0x3f, 0x91, 0x73, 0x3f, 0xf8, 0x94, 0x72, 0x3f, 0x57, 0x8f, 0x71, 0x3f,
    0x66, 0x80, 0x70, 0x3f, 0x30, 0x68, 0x6f, 0x3f, 0xbe, 0x46, 0x6e, 0x3f, 0x1d, 0x1c, 0x6d, 0x3f,
    0x58, 0xe8, 0x6b, 0x3f, 0x7b, 0xab, 0x6a, 0x3f, 0x91, 0x65, 0x69, 0x3f, 0xa8, 0x16, 0x68, 0x3f,
    0xcc, 0xbe, 0x66, 0x3f, 0x0b, 0x5e, 0x65, 0x3f, 0x73, 0xf4, 0x63, 0x3f, 0x10, 0x82, 0x62, 0x3f,
    0xf2, 0x06, 0x61, 0x3f, 0x27, 0x83, 0x5f, 0x3f, 0xbe, 0xf6, 0x5d, 0x3f, 0xc7, 0x61, 0x5c, 0x3f,
    0x50, 0xc4, 0x5a, 0x3f, 0x6a, 0x1e, 0x59, 0x3f, 0x26, 0x70, 0x57, 0x3f, 0x93, 0xb9, 0x55, 0x3f,
    0xc3, 0xfa, 0x53, 0x3f, 0xc6, 0x33, 0x52, 0x3f, 0xaf, 0x64, 0x50, 0x3f, 0x90, 0x8d, 0x4e, 0x3f,
    0x79, 0xae, 0x4c, 0x3f, 0x7f, 0xc7, 0x4a, 0x3f, 0xb3, 0xd8, 0x48, 0x3f, 0x2a, 0xe2, 0x46, 0x3f,
    0xf5, 0xe3, 0x44, 0x3f, 0x29, 0xde, 0x42, 0x3f, 0xda, 0xd0, 0x40, 0x3f, 0x1b, 0xbc, 0x3e, 0x3f,
    0x03, 0xa0, 0x3c, 0x3f, 0xa4, 0x7c, 0x3a, 0x3f, 0x16, 0x52, 0x38, 0x3f, 0x6c, 0x20, 0x36, 0x3f,
    0xbc, 0xe7, 0x33, 0x3f, 0x1d, 0xa8, 0x31, 0x3f, 0xa5, 0x61, 0x2f, 0x3f, 0x69, 0x14, 0x2d, 0x3f,
    0x82, 0xc0, 0x2a, 0x3f, 0x05, 0x66, 0x28, 0x3f, 0x0a, 0x05, 0x26, 0x3f, 0xa9, 0x9d, 0x23, 0x3f,
    0xf9, 0x2f, 0x21, 0x3f, 0x12, 0xbc, 0x1e, 0x3f, 0x0c, 0x42, 0x1c, 0x3f, 0x00, 0xc2, 0x19, 0x3f,
    0x07, 0x3c, 0x17, 0x3f, 0x39, 0xb0, 0x14, 0x3f, 0xb0, 0x1e, 0x12, 0x3f, 0x84, 0x87, 0x0f, 0x3f,
    0xd0, 0xea, 0x0c, 0x3f, 0xad, 0x48, 0x0a, 0x3f, 0x36, 0xa1, 0x07, 0x3f, 0x84, 0xf4, 0x04, 0x3f,
    0xb1, 0x42, 0x02, 0x3f, 0xb2, 0x17, 0xff, 0x3e, 0x2d, 0xa0, 0xf9, 0x3e, 0x07, 0x1f, 0xf4, 0x3e,
    0x79, 0x94, 0xee, 0x3e, 0xb7, 0x00, 0xe9, 0x3e, 0xfa, 0x63, 0xe3, 0x3e, 0x79, 0xbe, 0xdd, 0x3e,
    0x6b, 0x10, 0xd8, 0x3e, 0x09, 0x5a, 0xd2, 0x3e, 0x8b, 0x9b, 0xcc, 0x3e, 0x29, 0xd5, 0xc6, 0x3e,
    0x1e, 0x07, 0xc1, 0x3e, 0xa0, 0x31, 0xbb, 0x3e, 0xec, 0x54, 0xb5, 0x3e, 0x3a, 0x71, 0xaf, 0x3e,
    0xc4, 0x86, 0xa9, 0x3e, 0xc5, 0x95, 0xa3, 0x3e, 0x78, 0x9e, 0x9d, 0x3e, 0x17, 0xa1, 0x97, 0x3e,
    0xdd, 0x9d, 0x91, 0x3e, 0x07, 0x95, 0x8b, 0x3e, 0xce, 0x86, 0x85, 0x3e, 0xe1, 0xe6, 0x7e, 0x3e,
    0x51, 0xb6, 0x72, 0x3e, 0x66, 0x7c, 0x66, 0x3e, 0x97, 0x39, 0x5a, 0x3e, 0x60, 0xee, 0x4d, 0x3e,
    0x37, 0x9b, 0x41, 0x3e, 0x98, 0x40, 0x35, 0x3e, 0xfc, 0xde, 0x28, 0x3e, 0xde, 0x76, 0x1c, 0x3e,
    0xb7, 0x08, 0x10, 0x3e, 0x02, 0x95, 0x03, 0x3e, 0x76, 0x38, 0xee, 0x3d, 0xb9, 0x3d, 0xd5, 0x3d,
    0xc3, 0x3a, 0xbc, 0x3d, 0x8c, 0x30, 0xa3, 0x3d, 0x0a, 0x20, 0x8a, 0x3d, 0x69, 0x14, 0x62, 0x3d,
    0x07, 0xe0, 0x2f, 0x3d, 0xba, 0x49, 0xfb, 0x3c, 0xb6, 0xc9, 0x96, 0x3c, 0x88, 0x0f, 0xc9, 0x3b,
];

pub const G_A_WIND1_AT5: [u8; 1024] = [
    0x88, 0x0f, 0xc9, 0x3b, 0xb6, 0xc9, 0x96, 0x3c, 0xba, 0x49, 0xfb, 0x3c, 0x07, 0xe0, 0x2f, 0x3d,
    0x69, 0x14, 0x62, 0x3d, 0x0a, 0x20, 0x8a, 0x3d, 0x8c, 0x30, 0xa3, 0x3d, 0xc3, 0x3a, 0xbc, 0x3d,
    0xb9, 0x3d, 0xd5, 0x3d, 0x76, 0x38, 0xee, 0x3d, 0x02, 0x95, 0x03, 0x3e, 0xb7, 0x08, 0x10, 0x3e,
    0xde, 0x76, 0x1c, 0x3e, 0xfc, 0xde, 0x28, 0x3e, 0x98, 0x40, 0x35, 0x3e, 0x37, 0x9b, 0x41, 0x3e,
    0x60, 0xee, 0x4d, 0x3e, 0x97, 0x39, 0x5a, 0x3e, 0x66, 0x7c, 0x66, 0x3e, 0x51, 0xb6, 0x72, 0x3e,
    0xe1, 0xe6, 0x7e, 0x3e, 0xce, 0x86, 0x85, 0x3e, 0x07, 0x95, 0x8b, 0x3e, 0xdd, 0x9d, 0x91, 0x3e,
    0x17, 0xa1, 0x97, 0x3e, 0x78, 0x9e, 0x9d, 0x3e, 0xc5, 0x95, 0xa3, 0x3e, 0xc4, 0x86, 0xa9, 0x3e,
    0x3a, 0x71, 0xaf, 0x3e, 0xec, 0x54, 0xb5, 0x3e, 0xa0, 0x31, 0xbb, 0x3e, 0x1e, 0x07, 0xc1, 0x3e,
    0x29, 0xd5, 0xc6, 0x3e, 0x8b, 0x9b, 0xcc, 0x3e, 0x09, 0x5a, 0xd2, 0x3e, 0x6b, 0x10, 0xd8, 0x3e,
    0x79, 0xbe, 0xdd, 0x3e, 0xfa, 0x63, 0xe3, 0x3e, 0xb7, 0x00, 0xe9, 0x3e, 0x79, 0x94, 0xee, 0x3e,
    0x07, 0x1f, 0xf4, 0x3e, 0x2d, 0xa0, 0xf9, 0x3e, 0xb2, 0x17, 0xff, 0x3e, 0xb1, 0x42, 0x02, 0x3f,
    0x84, 0xf4, 0x04, 0x3f, 0x36, 0xa1, 0x07, 0x3f, 0xad, 0x48, 0x0a, 0x3f, 0xd0, 0xea, 0x0c, 0x3f,
    0x84, 0x87, 0x0f, 0x3f, 0xb0, 0x1e, 0x12, 0x3f, 0x39, 0xb0, 0x14, 0x3f, 0x07, 0x3c, 0x17, 0x3f,
    0x00, 0xc2, 0x19, 0x3f, 0x0c, 0x42, 0x1c, 0x3f, 0x12, 0xbc, 0x1e, 0x3f, 0xf9, 0x2f, 0x21, 0x3f,
    0xa9, 0x9d, 0x23, 0x3f, 0x0a, 0x05, 0x26, 0x3f, 0x05, 0x66, 0x28, 0x3f, 0x82, 0xc0, 0x2a, 0x3f,
    0x69, 0x14, 0x2d, 0x3f, 0xa5, 0x61, 0x2f, 0x3f, 0x1d, 0xa8, 0x31, 0x3f, 0xbc, 0xe7, 0x33, 0x3f,
    0x6c, 0x20, 0x36, 0x3f, 0x16, 0x52, 0x38, 0x3f, 0xa4, 0x7c, 0x3a, 0x3f, 0x03, 0xa0, 0x3c, 0x3f,
    0x1b, 0xbc, 0x3e, 0x3f, 0xda, 0xd0, 0x40, 0x3f, 0x29, 0xde, 0x42, 0x3f, 0xf5, 0xe3, 0x44, 0x3f,
    0x2a, 0xe2, 0x46, 0x3f, 0xb3, 0xd8, 0x48, 0x3f, 0x7f, 0xc7, 0x4a, 0x3f, 0x79, 0xae, 0x4c, 0x3f,
    0x90, 0x8d, 0x4e, 0x3f, 0xaf, 0x64, 0x50, 0x3f, 0xc6, 0x33, 0x52, 0x3f, 0xc3, 0xfa, 0x53, 0x3f,
    0x93, 0xb9, 0x55, 0x3f, 0x26, 0x70, 0x57, 0x3f, 0x6a, 0x1e, 0x59, 0x3f, 0x50, 0xc4, 0x5a, 0x3f,
    0xc7, 0x61, 0x5c, 0x3f, 0xbe, 0xf6, 0x5d, 0x3f, 0x27, 0x83, 0x5f, 0x3f, 0xf2, 0x06, 0x61, 0x3f,
    0x10, 0x82, 0x62, 0x3f, 0x73, 0xf4, 0x63, 0x3f, 0x0b, 0x5e, 0x65, 0x3f, 0xcc, 0xbe, 0x66, 0x3f,
    0xa8, 0x16, 0x68, 0x3f, 0x91, 0x65, 0x69, 0x3f, 0x7b, 0xab, 0x6a, 0x3f, 0x58, 0xe8, 0x6b, 0x3f,
    0x1d, 0x1c, 0x6d, 0x3f, 0xbe, 0x46, 0x6e, 0x3f, 0x30, 0x68, 0x6f, 0x3f, 0x66, 0x80, 0x70, 0x3f,
    0x57, 0x8f, 0x71, 0x3f, 0xf8, 0x94, 0x72, 0x3f, 0x3f, 0x91, 0x73, 0x3f, 0x22, 0x84, 0x74, 0x3f,
    0x97, 0x6d, 0x75, 0x3f, 0x97, 0x4d, 0x76, 0x3f, 0x17, 0x24, 0x77, 0x3f, 0x10, 0xf1, 0x77, 0x3f,
    0x7b, 0xb4, 0x78, 0x3f, 0x4e, 0x6e, 0x79, 0x3f, 0x84, 0x1e, 0x7a, 0x3f, 0x16, 0xc5, 0x7a, 0x3f,
    0xfc, 0x61, 0x7b, 0x3f, 0x31, 0xf5, 0x7b, 0x3f, 0xb0, 0x7e, 0x7c, 0x3f, 0x73, 0xfe, 0x7c, 0x3f,
    0x74, 0x74, 0x7d, 0x3f, 0xb1, 0xe0, 0x7d, 0x3f, 0x23, 0x43, 0x7e, 0x3f, 0xc9, 0x9b, 0x7e, 0x3f,
    0x9d, 0xea, 0x7e, 0x3f, 0x9d, 0x2f, 0x7f, 0x3f, 0xc7, 0x6a, 0x7f, 0x3f, 0x18, 0x9c, 0x7f, 0x3f,
    0x8f, 0xc3, 0x7f, 0x3f, 0x29, 0xe1, 0x7f, 0x3f, 0xe6, 0xf4, 0x7f, 0x3f, 0xc4, 0xfe, 0x7f, 0x3f,
    0x00, 0x00, 0x80, 0x3f, 0x00, 0x00, 0x80, 0x3f, 0x00, 0x00, 0x80, 0x3f, 0x00, 0x00, 0x80, 0x3f,
    0x00, 0x00, 0x80, 0x3f, 0x00, 0x00, 0x80, 0x3f, 0x00, 0x00, 0x80, 0x3f, 0x00, 0x00, 0x80, 0x3f,
    0x00, 0x00, 0x80, 0x3f, 0x00, 0x00, 0x80, 0x3f, 0x00, 0x00, 0x80, 0x3f, 0x00, 0x00, 0x80, 0x3f,
    0x00, 0x00, 0x80, 0x3f, 0x00, 0x00, 0x80, 0x3f, 0x00, 0x00, 0x80, 0x3f, 0x00, 0x00, 0x80, 0x3f,
    0x00, 0x00, 0x80, 0x3f, 0x00, 0x00, 0x80, 0x3f, 0x00, 0x00, 0x80, 0x3f, 0x00, 0x00, 0x80, 0x3f,
    0x00, 0x00, 0x80, 0x3f, 0x00, 0x00, 0x80, 0x3f, 0x00, 0x00, 0x80, 0x3f, 0x00, 0x00, 0x80, 0x3f,
    0x00, 0x00, 0x80, 0x3f, 0x00, 0x00, 0x80, 0x3f, 0x00, 0x00, 0x80, 0x3f, 0x00, 0x00, 0x80, 0x3f,
    0x00, 0x00, 0x80, 0x3f, 0x00, 0x00, 0x80, 0x3f, 0x00, 0x00, 0x80, 0x3f, 0x00, 0x00, 0x80, 0x3f,
    0x11, 0xfb, 0x7f, 0x3f, 0x97, 0xd3, 0x7f, 0x3f, 0xab, 0x84, 0x7f, 0x3f, 0x58, 0x0e, 0x7f, 0x3f,
    0xb0, 0x70, 0x7e, 0x3f, 0xcc, 0xab, 0x7d, 0x3f, 0xc9, 0xbf, 0x7c, 0x3f, 0xcd, 0xac, 0x7b, 0x3f,
    0x02, 0x73, 0x7a, 0x3f, 0x98, 0x12, 0x79, 0x3f, 0xc5, 0x8b, 0x77, 0x3f, 0xc6, 0xde, 0x75, 0x3f,
    0xdd, 0x0b, 0x74, 0x3f, 0x52, 0x13, 0x72, 0x3f, 0x73, 0xf5, 0x6f, 0x3f, 0x93, 0xb2, 0x6d, 0x3f,
    0x0c, 0x4b, 0x6b, 0x3f, 0x3c, 0xbf, 0x68, 0x3f, 0x88, 0x0f, 0x66, 0x3f, 0x5a, 0x3c, 0x63, 0x3f,
    0x21, 0x46, 0x60, 0x3f, 0x53, 0x2d, 0x5d, 0x3f, 0x6a, 0xf2, 0x59, 0x3f, 0xe5, 0x95, 0x56, 0x3f,
    0x49, 0x18, 0x53, 0x3f, 0x1f, 0x7a, 0x4f, 0x3f, 0xf8, 0xbb, 0x4b, 0x3f, 0x65, 0xde, 0x47, 0x3f,
    0x00, 0xe2, 0x43, 0x3f, 0x67, 0xc7, 0x3f, 0x3f, 0x3b, 0x8f, 0x3b, 0x3f, 0x23, 0x3a, 0x37, 0x3f,
    0xc9, 0xc8, 0x32, 0x3f, 0xde, 0x3b, 0x2e, 0x3f, 0x15, 0x94, 0x29, 0x3f, 0x25, 0xd2, 0x24, 0x3f,
    0xcb, 0xf6, 0x1f, 0x3f, 0xc6, 0x02, 0x1b, 0x3f, 0xd9, 0xf6, 0x15, 0x3f, 0xcd, 0xd3, 0x10, 0x3f,
    0x6b, 0x9a, 0x0b, 0x3f, 0x82, 0x4b, 0x06, 0x3f, 0xe4, 0xe7, 0x00, 0x3f, 0xcb, 0xe0, 0xf6, 0x3e,
    0xbb, 0xcb, 0xeb, 0x3e, 0x4f, 0x92, 0xe0, 0x3e, 0x41, 0x36, 0xd5, 0x3e, 0x53, 0xb9, 0xc9, 0x3e,
    0x4a, 0x1d, 0xbe, 0x3e, 0xef, 0x63, 0xb2, 0x3e, 0x12, 0x8f, 0xa6, 0x3e, 0x86, 0xa0, 0x9a, 0x3e,
    0x22, 0x9a, 0x8e, 0x3e, 0xc0, 0x7d, 0x82, 0x3e, 0x7f, 0x9a, 0x6c, 0x3e, 0x01, 0x15, 0x54, 0x3e,
    0xcf, 0x6e, 0x3b, 0x3e, 0xb6, 0xab, 0x22, 0x3e, 0x86, 0xcf, 0x09, 0x3e, 0x2e, 0xbc, 0xe1, 0x3d,
    0x80, 0xb6, 0xaf, 0x3d, 0x74, 0x2b, 0x7b, 0x3d, 0x2c, 0xc3, 0x16, 0x3d, 0x90, 0x0e, 0x49, 0x3c,
    0x00, 0x00, 0x00, 0x00, 0x00, 0x00, 0x00, 0x00, 0x00, 0x00, 0x00, 0x00, 0x00, 0x00, 0x00, 0x00,
    0x00, 0x00, 0x00, 0x00, 0x00, 0x00, 0x00, 0x00, 0x00, 0x00, 0x00, 0x00, 0x00, 0x00, 0x00, 0x00,
    0x00, 0x00, 0x00, 0x00, 0x00, 0x00, 0x00, 0x00, 0x00, 0x00, 0x00, 0x00, 0x00, 0x00, 0x00, 0x00,
    0x00, 0x00, 0x00, 0x00, 0x00, 0x00, 0x00, 0x00, 0x00, 0x00, 0x00, 0x00, 0x00, 0x00, 0x00, 0x00,
    0x00, 0x00, 0x00, 0x00, 0x00, 0x00, 0x00, 0x00, 0x00, 0x00, 0x00, 0x00, 0x00, 0x00, 0x00, 0x00,
    0x00, 0x00, 0x00, 0x00, 0x00, 0x00, 0x00, 0x00, 0x00, 0x00, 0x00, 0x00, 0x00, 0x00, 0x00, 0x00,
    0x00, 0x00, 0x00, 0x00, 0x00, 0x00, 0x00, 0x00, 0x00, 0x00, 0x00, 0x00, 0x00, 0x00, 0x00, 0x00,
    0x00, 0x00, 0x00, 0x00, 0x00, 0x00, 0x00, 0x00, 0x00, 0x00, 0x00, 0x00, 0x00, 0x00, 0x00, 0x00,
];

pub const G_A_WIND0_AT5: [u8; 1024] = [
    0x88, 0x0f, 0xc9, 0x3b, 0xb6, 0xc9, 0x96, 0x3c, 0xba, 0x49, 0xfb, 0x3c, 0x07, 0xe0, 0x2f, 0x3d,
    0x69, 0x14, 0x62, 0x3d, 0x0a, 0x20, 0x8a, 0x3d, 0x8c, 0x30, 0xa3, 0x3d, 0xc3, 0x3a, 0xbc, 0x3d,
    0xb9, 0x3d, 0xd5, 0x3d, 0x76, 0x38, 0xee, 0x3d, 0x02, 0x95, 0x03, 0x3e, 0xb7, 0x08, 0x10, 0x3e,
    0xde, 0x76, 0x1c, 0x3e, 0xfc, 0xde, 0x28, 0x3e, 0x98, 0x40, 0x35, 0x3e, 0x37, 0x9b, 0x41, 0x3e,
    0x60, 0xee, 0x4d, 0x3e, 0x97, 0x39, 0x5a, 0x3e, 0x66, 0x7c, 0x66, 0x3e, 0x51, 0xb6, 0x72, 0x3e,
    0xe1, 0xe6, 0x7e, 0x3e, 0xce, 0x86, 0x85, 0x3e, 0x07, 0x95, 0x8b, 0x3e, 0xdd, 0x9d, 0x91, 0x3e,
    0x17, 0xa1, 0x97, 0x3e, 0x78, 0x9e, 0x9d, 0x3e, 0xc5, 0x95, 0xa3, 0x3e, 0xc4, 0x86, 0xa9, 0x3e,
    0x3a, 0x71, 0xaf, 0x3e, 0xec, 0x54, 0xb5, 0x3e, 0xa0, 0x31, 0xbb, 0x3e, 0x1e, 0x07, 0xc1, 0x3e,
    0x29, 0xd5, 0xc6, 0x3e, 0x8b, 0x9b, 0xcc, 0x3e, 0x09, 0x5a, 0xd2, 0x3e, 0x6b, 0x10, 0xd8, 0x3e,
    0x79, 0xbe, 0xdd, 0x3e, 0xfa, 0x63, 0xe3, 0x3e, 0xb7, 0x00, 0xe9, 0x3e, 0x79, 0x94, 0xee, 0x3e,
    0x07, 0x1f, 0xf4, 0x3e, 0x2d, 0xa0, 0xf9, 0x3e, 0xb2, 0x17, 0xff, 0x3e, 0xb1, 0x42, 0x02, 0x3f,
    0x84, 0xf4, 0x04, 0x3f, 0x36, 0xa1, 0x07, 0x3f, 0xad, 0x48, 0x0a, 0x3f, 0xd0, 0xea, 0x0c, 0x3f,
    0x84, 0x87, 0x0f, 0x3f, 0xb0, 0x1e, 0x12, 0x3f, 0x39, 0xb0, 0x14, 0x3f, 0x07, 0x3c, 0x17, 0x3f,
    0x00, 0xc2, 0x19, 0x3f, 0x0c, 0x42, 0x1c, 0x3f, 0x12, 0xbc, 0x1e, 0x3f, 0xf9, 0x2f, 0x21, 0x3f,
    0xa9, 0x9d, 0x23, 0x3f, 0x0a, 0x05, 0x26, 0x3f, 0x05, 0x66, 0x28, 0x3f, 0x82, 0xc0, 0x2a, 0x3f,
    0x69, 0x14, 0x2d, 0x3f, 0xa5, 0x61, 0x2f, 0x3f, 0x1d, 0xa8, 0x31, 0x3f, 0xbc, 0xe7, 0x33, 0x3f,
    0x6c, 0x20, 0x36, 0x3f, 0x16, 0x52, 0x38, 0x3f, 0xa4, 0x7c, 0x3a, 0x3f, 0x03, 0xa0, 0x3c, 0x3f,
    0x1b, 0xbc, 0x3e, 0x3f, 0xda, 0xd0, 0x40, 0x3f, 0x29, 0xde, 0x42, 0x3f, 0xf5, 0xe3, 0x44, 0x3f,
    0x2a, 0xe2, 0x46, 0x3f, 0xb3, 0xd8, 0x48, 0x3f, 0x7f, 0xc7, 0x4a, 0x3f, 0x79, 0xae, 0x4c, 0x3f,
    0x90, 0x8d, 0x4e, 0x3f, 0xaf, 0x64, 0x50, 0x3f, 0xc6, 0x33, 0x52, 0x3f, 0xc3, 0xfa, 0x53, 0x3f,
    0x93, 0xb9, 0x55, 0x3f, 0x26, 0x70, 0x57, 0x3f, 0x6a, 0x1e, 0x59, 0x3f, 0x50, 0xc4, 0x5a, 0x3f,
    0xc7, 0x61, 0x5c, 0x3f, 0xbe, 0xf6, 0x5d, 0x3f, 0x27, 0x83, 0x5f, 0x3f, 0xf2, 0x06, 0x61, 0x3f,
    0x10, 0x82, 0x62, 0x3f, 0x73, 0xf4, 0x63, 0x3f, 0x0b, 0x5e, 0x65, 0x3f, 0xcc, 0xbe, 0x66, 0x3f,
    0xa8, 0x16, 0x68, 0x3f, 0x91, 0x65, 0x69, 0x3f, 0x7b, 0xab, 0x6a, 0x3f, 0x58, 0xe8, 0x6b, 0x3f,
    0x1d, 0x1c, 0x6d, 0x3f, 0xbe, 0x46, 0x6e, 0x3f, 0x30, 0x68, 0x6f, 0x3f, 0x66, 0x80, 0x70, 0x3f,
    0x57, 0x8f, 0x71, 0x3f, 0xf8, 0x94, 0x72, 0x3f, 0x3f, 0x91, 0x73, 0x3f, 0x22, 0x84, 0x74, 0x3f,
    0x97, 0x6d, 0x75, 0x3f, 0x97, 0x4d, 0x76, 0x3f, 0x17, 0x24, 0x77, 0x3f, 0x10, 0xf1, 0x77, 0x3f,
    0x7b, 0xb4, 0x78, 0x3f, 0x4e, 0x6e, 0x79, 0x3f, 0x84, 0x1e, 0x7a, 0x3f, 0x16, 0xc5, 0x7a, 0x3f,
    0xfc, 0x61, 0x7b, 0x3f, 0x31, 0xf5, 0x7b, 0x3f, 0xb0, 0x7e, 0x7c, 0x3f, 0x73, 0xfe, 0x7c, 0x3f,
    0x74, 0x74, 0x7d, 0x3f, 0xb1, 0xe0, 0x7d, 0x3f, 0x23, 0x43, 0x7e, 0x3f, 0xc9, 0x9b, 0x7e, 0x3f,
    0x9d, 0xea, 0x7e, 0x3f, 0x9d, 0x2f, 0x7f, 0x3f, 0xc7, 0x6a, 0x7f, 0x3f, 0x18, 0x9c, 0x7f, 0x3f,
    0x8f, 0xc3, 0x7f, 0x3f, 0x29, 0xe1, 0x7f, 0x3f, 0xe6, 0xf4, 0x7f, 0x3f, 0xc4, 0xfe, 0x7f, 0x3f,
    0xc4, 0xfe, 0x7f, 0x3f, 0xe6, 0xf4, 0x7f, 0x3f, 0x29, 0xe1, 0x7f, 0x3f, 0x8f, 0xc3, 0x7f, 0x3f,
    0x18, 0x9c, 0x7f, 0x3f, 0xc7, 0x6a, 0x7f, 0x3f, 0x9d, 0x2f, 0x7f, 0x3f, 0x9d, 0xea, 0x7e, 0x3f,
    0xc9, 0x9b, 0x7e, 0x3f, 0x23, 0x43, 0x7e, 0x3f, 0xb1, 0xe0, 0x7d, 0x3f, 0x74, 0x74, 0x7d, 0x3f,
    0x73, 0xfe, 0x7c, 0x3f, 0xb0, 0x7e, 0x7c, 0x3f, 0x31, 0xf5, 0x7b, 0x3f, 0xfc, 0x61, 0x7b, 0x3f,
    0x16, 0xc5, 0x7a, 0x3f, 0x84, 0x1e, 0x7a, 0x3f, 0x4e, 0x6e, 0x79, 0x3f, 0x7b, 0xb4, 0x78, 0x3f,
    0x10, 0xf1, 0x77, 0x3f, 0x17, 0x24, 0x77, 0x3f, 0x97, 0x4d, 0x76, 0x3f, 0x97, 0x6d, 0x75, 0x3f,
    0x22, 0x84, 0x74, 0x3f, 0x3f, 0x91, 0x73, 0x3f, 0xf8, 0x94, 0x72, 0x3f, 0x57, 0x8f, 0x71, 0x3f,
    0x66, 0x80, 0x70, 0x3f, 0x30, 0x68, 0x6f, 0x3f, 0xbe, 0x46, 0x6e, 0x3f, 0x1d, 0x1c, 0x6d, 0x3f,
    0x58, 0xe8, 0x6b, 0x3f, 0x7b, 0xab, 0x6a, 0x3f, 0x91, 0x65, 0x69, 0x3f, 0xa8, 0x16, 0x68, 0x3f,
    0xcc, 0xbe, 0x66, 0x3f, 0x0b, 0x5e, 0x65, 0x3f, 0x73, 0xf4, 0x63, 0x3f, 0x10, 0x82, 0x62, 0x3f,
    0xf2, 0x06, 0x61, 0x3f, 0x27, 0x83, 0x5f, 0x3f, 0xbe, 0xf6, 0x5d, 0x3f, 0xc7, 0x61, 0x5c, 0x3f,
    0x50, 0xc4, 0x5a, 0x3f, 0x6a, 0x1e, 0x59, 0x3f, 0x26, 0x70, 0x57, 0x3f, 0x93, 0xb9, 0x55, 0x3f,
    0xc3, 0xfa, 0x53, 0x3f, 0xc6, 0x33, 0x52, 0x3f, 0xaf, 0x64, 0x50, 0x3f, 0x90, 0x8d, 0x4e, 0x3f,
    0x79, 0xae, 0x4c, 0x3f, 0x7f, 0xc7, 0x4a, 0x3f, 0xb3, 0xd8, 0x48, 0x3f, 0x2a, 0xe2, 0x46, 0x3f,
    0xf5, 0xe3, 0x44, 0x3f, 0x29, 0xde, 0x42, 0x3f, 0xda, 0xd0, 0x40, 0x3f, 0x1b, 0xbc, 0x3e, 0x3f,
    0x03, 0xa0, 0x3c, 0x3f, 0xa4, 0x7c, 0x3a, 0x3f, 0x16, 0x52, 0x38, 0x3f, 0x6c, 0x20, 0x36, 0x3f,
    0xbc, 0xe7, 0x33, 0x3f, 0x1d, 0xa8, 0x31, 0x3f, 0xa5, 0x61, 0x2f, 0x3f, 0x69, 0x14, 0x2d, 0x3f,
    0x82, 0xc0, 0x2a, 0x3f, 0x05, 0x66, 0x28, 0x3f, 0x0a, 0x05, 0x26, 0x3f, 0xa9, 0x9d, 0x23, 0x3f,
    0xf9, 0x2f, 0x21, 0x3f, 0x12, 0xbc, 0x1e, 0x3f, 0x0c, 0x42, 0x1c, 0x3f, 0x00, 0xc2, 0x19, 0x3f,
    0x07, 0x3c, 0x17, 0x3f, 0x39, 0xb0, 0x14, 0x3f, 0xb0, 0x1e, 0x12, 0x3f, 0x84, 0x87, 0x0f, 0x3f,
    0xd0, 0xea, 0x0c, 0x3f, 0xad, 0x48, 0x0a, 0x3f, 0x36, 0xa1, 0x07, 0x3f, 0x84, 0xf4, 0x04, 0x3f,
    0xb1, 0x42, 0x02, 0x3f, 0xb2, 0x17, 0xff, 0x3e, 0x2d, 0xa0, 0xf9, 0x3e, 0x07, 0x1f, 0xf4, 0x3e,
    0x79, 0x94, 0xee, 0x3e, 0xb7, 0x00, 0xe9, 0x3e, 0xfa, 0x63, 0xe3, 0x3e, 0x79, 0xbe, 0xdd, 0x3e,
    0x6b, 0x10, 0xd8, 0x3e, 0x09, 0x5a, 0xd2, 0x3e, 0x8b, 0x9b, 0xcc, 0x3e, 0x29, 0xd5, 0xc6, 0x3e,
    0x1e, 0x07, 0xc1, 0x3e, 0xa0, 0x31, 0xbb, 0x3e, 0xec, 0x54, 0xb5, 0x3e, 0x3a, 0x71, 0xaf, 0x3e,
    0xc4, 0x86, 0xa9, 0x3e, 0xc5, 0x95, 0xa3, 0x3e, 0x78, 0x9e, 0x9d, 0x3e, 0x17, 0xa1, 0x97, 0x3e,
    0xdd, 0x9d, 0x91, 0x3e, 0x07, 0x95, 0x8b, 0x3e, 0xce, 0x86, 0x85, 0x3e, 0xe1, 0xe6, 0x7e, 0x3e,
    0x51, 0xb6, 0x72, 0x3e, 0x66, 0x7c, 0x66, 0x3e, 0x97, 0x39, 0x5a, 0x3e, 0x60, 0xee, 0x4d, 0x3e,
    0x37, 0x9b, 0x41, 0x3e, 0x98, 0x40, 0x35, 0x3e, 0xfc, 0xde, 0x28, 0x3e, 0xde, 0x76, 0x1c, 0x3e,
    0xb7, 0x08, 0x10, 0x3e, 0x02, 0x95, 0x03, 0x3e, 0x76, 0x38, 0xee, 0x3d, 0xb9, 0x3d, 0xd5, 0x3d,
    0xc3, 0x3a, 0xbc, 0x3d, 0x8c, 0x30, 0xa3, 0x3d, 0x0a, 0x20, 0x8a, 0x3d, 0x69, 0x14, 0x62, 0x3d,
    0x07, 0xe0, 0x2f, 0x3d, 0xba, 0x49, 0xfb, 0x3c, 0xb6, 0xc9, 0x96, 0x3c, 0x88, 0x0f, 0xc9, 0x3b,
];

pub const G_A_REV_AT5: [u8; 16] = [
    0x00, 0x01, 0x00, 0x01, 0x00, 0x01, 0x00, 0x01, 0x00, 0x01, 0x00, 0x01, 0x00, 0x01, 0x00, 0x01,
];

pub const G_A_IP016_AT5: [u8; 8] = [0x00, 0x00, 0x00, 0x00, 0x08, 0x00, 0x00, 0x00];

pub const G_A_IP032_AT5: [u8; 8] = [0x00, 0x00, 0x00, 0x00, 0x10, 0x00, 0x00, 0x00];

pub const G_A_IP064_AT5: [u8; 16] = [
    0x00, 0x00, 0x00, 0x00, 0x20, 0x00, 0x00, 0x00, 0x10, 0x00, 0x00, 0x00, 0x30, 0x00, 0x00, 0x00,
];

pub const G_A_IP128_AT5: [u8; 16] = [
    0x00, 0x00, 0x00, 0x00, 0x40, 0x00, 0x00, 0x00, 0x20, 0x00, 0x00, 0x00, 0x60, 0x00, 0x00, 0x00,
];

pub const G_A_IP256_AT5: [u8; 32] = [
    0x00, 0x00, 0x00, 0x00, 0x80, 0x00, 0x00, 0x00, 0x40, 0x00, 0x00, 0x00, 0xc0, 0x00, 0x00, 0x00,
    0x20, 0x00, 0x00, 0x00, 0xa0, 0x00, 0x00, 0x00, 0x60, 0x00, 0x00, 0x00, 0xe0, 0x00, 0x00, 0x00,
];

pub const G_A_SC016_AT5: [u8; 32] = [
    0x00, 0x00, 0x80, 0x3f, 0x00, 0x00, 0x00, 0x00, 0xf3, 0x04, 0x35, 0x3f, 0xf3, 0x04, 0x35, 0x3f,
    0xf3, 0x04, 0x35, 0x3f, 0x5e, 0x83, 0xec, 0x3e, 0xf3, 0x04, 0xb5, 0x3e, 0x15, 0xef, 0x43, 0x3e,
];

pub const G_A_SC032_AT5: [u8; 64] = [
    0x00, 0x00, 0x80, 0x3f, 0x00, 0x00, 0x00, 0x00, 0xf3, 0x04, 0x35, 0x3f, 0xf3, 0x04, 0x35, 0x3f,
    0x5e, 0x83, 0x6c, 0x3f, 0x15, 0xef, 0xc3, 0x3e, 0x15, 0xef, 0xc3, 0x3e, 0x5e, 0x83, 0x6c, 0x3f,
    0xf3, 0x04, 0x35, 0x3f, 0xbe, 0x14, 0xfb, 0x3e, 0x5e, 0x83, 0xec, 0x3e, 0x31, 0xdb, 0xd4, 0x3e,
    0xf3, 0x04, 0xb5, 0x3e, 0xda, 0x39, 0x8e, 0x3e, 0x15, 0xef, 0x43, 0x3e, 0xc2, 0xc5, 0xc7, 0x3d,
];

pub const G_A_SC064_AT5: [u8; 128] = [
    0x00, 0x00, 0x80, 0x3f, 0x00, 0x00, 0x00, 0x00, 0xf3, 0x04, 0x35, 0x3f, 0xf3, 0x04, 0x35, 0x3f,
    0x5e, 0x83, 0x6c, 0x3f, 0x15, 0xef, 0xc3, 0x3e, 0x15, 0xef, 0xc3, 0x3e, 0x5e, 0x83, 0x6c, 0x3f,
    0xbe, 0x14, 0x7b, 0x3f, 0xc2, 0xc5, 0x47, 0x3e, 0xda, 0x39, 0x0e, 0x3f, 0x31, 0xdb, 0x54, 0x3f,
    0x31, 0xdb, 0x54, 0x3f, 0xda, 0x39, 0x0e, 0x3f, 0xc2, 0xc5, 0x47, 0x3e, 0xbe, 0x14, 0x7b, 0x3f,
    0xf3, 0x04, 0x35, 0x3f, 0x6d, 0xc4, 0xfe, 0x3e, 0xbe, 0x14, 0xfb, 0x3e, 0x0b, 0xfa, 0xf4, 0x3e,
    0x5e, 0x83, 0xec, 0x3e, 0x98, 0xc5, 0xe1, 0x3e, 0x31, 0xdb, 0xd4, 0x3e, 0x03, 0xe4, 0xc5, 0x3e,
    0xf3, 0x04, 0xb5, 0x3e, 0x99, 0x67, 0xa2, 0x3e, 0xda, 0x39, 0x8e, 0x3e, 0xea, 0x5a, 0x71, 0x3e,
    0x15, 0xef, 0x43, 0x3e, 0x31, 0xa0, 0x14, 0x3e, 0xc2, 0xc5, 0xc7, 0x3d, 0x36, 0xbd, 0x48, 0x3d,
];

pub const G_A_SC128_AT5: [u8; 256] = [
    0x00, 0x00, 0x80, 0x3f, 0x00, 0x00, 0x00, 0x00, 0xf3, 0x04, 0x35, 0x3f, 0xf3, 0x04, 0x35, 0x3f,
    0x5e, 0x83, 0x6c, 0x3f, 0x15, 0xef, 0xc3, 0x3e, 0x15, 0xef, 0xc3, 0x3e, 0x5e, 0x83, 0x6c, 0x3f,
    0xbe, 0x14, 0x7b, 0x3f, 0xc2, 0xc5, 0x47, 0x3e, 0xda, 0x39, 0x0e, 0x3f, 0x31, 0xdb, 0x54, 0x3f,
    0x31, 0xdb, 0x54, 0x3f, 0xda, 0x39, 0x0e, 0x3f, 0xc2, 0xc5, 0x47, 0x3e, 0xbe, 0x14, 0x7b, 0x3f,
    0x6d, 0xc4, 0x7e, 0x3f, 0x36, 0xbd, 0xc8, 0x3d, 0x99, 0x67, 0x22, 0x3f, 0x03, 0xe4, 0x45, 0x3f,
    0x98, 0xc5, 0x61, 0x3f, 0xea, 0x5a, 0xf1, 0x3e, 0x31, 0xa0, 0x94, 0x3e, 0x0b, 0xfa, 0x74, 0x3f,
    0x0b, 0xfa, 0x74, 0x3f, 0x31, 0xa0, 0x94, 0x3e, 0xea, 0x5a, 0xf1, 0x3e, 0x98, 0xc5, 0x61, 0x3f,
    0x03, 0xe4, 0x45, 0x3f, 0x99, 0x67, 0x22, 0x3f, 0x36, 0xbd, 0xc8, 0x3d, 0x6d, 0xc4, 0x7e, 0x3f,
    0xf3, 0x04, 0x35, 0x3f, 0x0f, 0xb1, 0xff, 0x3e, 0x6d, 0xc4, 0xfe, 0x3e, 0xac, 0x3a, 0xfd, 0x3e,
    0xbe, 0x14, 0xfb, 0x3e, 0xf8, 0x53, 0xf8, 0x3e, 0x0b, 0xfa, 0xf4, 0x3e, 0x08, 0x09, 0xf1, 0x3e,
    0x5e, 0x83, 0xec, 0x3e, 0xd8, 0x6b, 0xe7, 0x3e, 0x98, 0xc5, 0xe1, 0x3e, 0x1a, 0x94, 0xdb, 0x3e,
    0x31, 0xdb, 0xd4, 0x3e, 0x02, 0x9f, 0xcd, 0x3e, 0x03, 0xe4, 0xc5, 0x3e, 0xf9, 0xae, 0xbd, 0x3e,
    0xf3, 0x04, 0xb5, 0x3e, 0x4a, 0xeb, 0xab, 0x3e, 0x99, 0x67, 0xa2, 0x3e, 0xc0, 0x7f, 0x98, 0x3e,
    0xda, 0x39, 0x8e, 0x3e, 0x3d, 0x9c, 0x83, 0x3e, 0xea, 0x5a, 0x71, 0x3e, 0x80, 0xe8, 0x5a, 0x3e,
    0x15, 0xef, 0x43, 0x3e, 0xd4, 0x7c, 0x2c, 0x3e, 0x31, 0xa0, 0x14, 0x3e, 0xcc, 0xcf, 0xf8, 0x3d,
    0xc2, 0xc5, 0xc7, 0x3d, 0x83, 0x40, 0x96, 0x3d, 0x36, 0xbd, 0x48, 0x3d, 0x30, 0xfb, 0xc8, 0x3c,
];

pub const G_A_SC256_AT5: [u8; 512] = [
    0x00, 0x00, 0x80, 0x3f, 0x00, 0x00, 0x00, 0x00, 0xf3, 0x04, 0x35, 0x3f, 0xf3, 0x04, 0x35, 0x3f,
    0x5e, 0x83, 0x6c, 0x3f, 0x15, 0xef, 0xc3, 0x3e, 0x15, 0xef, 0xc3, 0x3e, 0x5e, 0x83, 0x6c, 0x3f,
    0xbe, 0x14, 0x7b, 0x3f, 0xc2, 0xc5, 0x47, 0x3e, 0xda, 0x39, 0x0e, 0x3f, 0x31, 0xdb, 0x54, 0x3f,
    0x31, 0xdb, 0x54, 0x3f, 0xda, 0x39, 0x0e, 0x3f, 0xc2, 0xc5, 0x47, 0x3e, 0xbe, 0x14, 0x7b, 0x3f,
    0x6d, 0xc4, 0x7e, 0x3f, 0x36, 0xbd, 0xc8, 0x3d, 0x99, 0x67, 0x22, 0x3f, 0x03, 0xe4, 0x45, 0x3f,
    0x98, 0xc5, 0x61, 0x3f, 0xea, 0x5a, 0xf1, 0x3e, 0x31, 0xa0, 0x94, 0x3e, 0x0b, 0xfa, 0x74, 0x3f,
    0x0b, 0xfa, 0x74, 0x3f, 0x31, 0xa0, 0x94, 0x3e, 0xea, 0x5a, 0xf1, 0x3e, 0x98, 0xc5, 0x61, 0x3f,
    0x03, 0xe4, 0x45, 0x3f, 0x99, 0x67, 0x22, 0x3f, 0x36, 0xbd, 0xc8, 0x3d, 0x6d, 0xc4, 0x7e, 0x3f,
    0x0f, 0xb1, 0x7f, 0x3f, 0x30, 0xfb, 0x48, 0x3d, 0x4a, 0xeb, 0x2b, 0x3f, 0xf9, 0xae, 0x3d, 0x3f,
    0xd8, 0x6b, 0x67, 0x3f, 0x80, 0xe8, 0xda, 0x3e, 0xd4, 0x7c, 0xac, 0x3e, 0x08, 0x09, 0x71, 0x3f,
    0xf8, 0x53, 0x78, 0x3f, 0xcc, 0xcf, 0x78, 0x3e, 0x3d, 0x9c, 0x03, 0x3f, 0x1a, 0x94, 0x5b, 0x3f,
    0x02, 0x9f, 0x4d, 0x3f, 0xc0, 0x7f, 0x18, 0x3f, 0x83, 0x40, 0x16, 0x3e, 0xac, 0x3a, 0x7d, 0x3f,
    0xac, 0x3a, 0x7d, 0x3f, 0x83, 0x40, 0x16, 0x3e, 0xc0, 0x7f, 0x18, 0x3f, 0x02, 0x9f, 0x4d, 0x3f,
    0x1a, 0x94, 0x5b, 0x3f, 0x3d, 0x9c, 0x03, 0x3f, 0xcc, 0xcf, 0x78, 0x3e, 0xf8, 0x53, 0x78, 0x3f,
    0x08, 0x09, 0x71, 0x3f, 0xd4, 0x7c, 0xac, 0x3e, 0x80, 0xe8, 0xda, 0x3e, 0xd8, 0x6b, 0x67, 0x3f,
    0xf9, 0xae, 0x3d, 0x3f, 0x4a, 0xeb, 0x2b, 0x3f, 0x30, 0xfb, 0x48, 0x3d, 0x0f, 0xb1, 0x7f, 0x3f,
    0xf3, 0x04, 0x35, 0x3f, 0x43, 0xec, 0xff, 0x3e, 0x0f, 0xb1, 0xff, 0x3e, 0x6d, 0x4e, 0xff, 0x3e,
    0x6d, 0xc4, 0xfe, 0x3e, 0x24, 0x13, 0xfe, 0x3e, 0xac, 0x3a, 0xfd, 0x3e, 0x28, 0x3b, 0xfc, 0x3e,
    0xbe, 0x14, 0xfb, 0x3e, 0x9d, 0xc7, 0xf9, 0x3e, 0xf8, 0x53, 0xf8, 0x3e, 0x07, 0xba, 0xf6, 0x3e,
    0x0b, 0xfa, 0xf4, 0x3e, 0x47, 0x14, 0xf3, 0x3e, 0x08, 0x09, 0xf1, 0x3e, 0x9e, 0xd8, 0xee, 0x3e,
    0x5e, 0x83, 0xec, 0x3e, 0xa7, 0x09, 0xea, 0x3e, 0xd8, 0x6b, 0xe7, 0x3e, 0x59, 0xaa, 0xe4, 0x3e,
    0x98, 0xc5, 0xe1, 0x3e, 0x05, 0xbe, 0xde, 0x3e, 0x1a, 0x94, 0xdb, 0x3e, 0x53, 0x48, 0xd8, 0x3e,
    0x31, 0xdb, 0xd4, 0x3e, 0x3d, 0x4d, 0xd1, 0x3e, 0x02, 0x9f, 0xcd, 0x3e, 0x12, 0xd1, 0xc9, 0x3e,
    0x03, 0xe4, 0xc5, 0x3e, 0x70, 0xd8, 0xc1, 0x3e, 0xf9, 0xae, 0xbd, 0x3e, 0x42, 0x68, 0xb9, 0x3e,
    0xf3, 0x04, 0xb5, 0x3e, 0xbb, 0x85, 0xb0, 0x3e, 0x4a, 0xeb, 0xab, 0x3e, 0x56, 0x36, 0xa7, 0x3e,
    0x99, 0x67, 0xa2, 0x3e, 0xd1, 0x7f, 0x9d, 0x3e, 0xc0, 0x7f, 0x98, 0x3e, 0x2a, 0x68, 0x93, 0x3e,
    0xda, 0x39, 0x8e, 0x3e, 0x9b, 0xf5, 0x88, 0x3e, 0x3d, 0x9c, 0x83, 0x3e, 0x27, 0x5d, 0x7c, 0x3e,
    0xea, 0x5a, 0x71, 0x3e, 0x75, 0x33, 0x66, 0x3e, 0x80, 0xe8, 0x5a, 0x3e, 0xca, 0x7b, 0x4f, 0x3e,
    0x15, 0xef, 0x43, 0x3e, 0x2a, 0x44, 0x38, 0x3e, 0xd4, 0x7c, 0x2c, 0x3e, 0xe5, 0x9a, 0x20, 0x3e,
    0x31, 0xa0, 0x14, 0x3e, 0x93, 0x8e, 0x08, 0x3e, 0xcc, 0xcf, 0xf8, 0x3d, 0x13, 0x5c, 0xe0, 0x3d,
    0xc2, 0xc5, 0xc7, 0x3d, 0xa2, 0x10, 0xaf, 0x3d, 0x83, 0x40, 0x96, 0x3d, 0x73, 0xb2, 0x7a, 0x3d,
    0x36, 0xbd, 0x48, 0x3d, 0x05, 0xa9, 0x16, 0x3d, 0x30, 0xfb, 0xc8, 0x3c, 0xb0, 0x0a, 0x49, 0x3c,
];

pub const G_A_SC_AT5: [u8; 512] = [
    0x00, 0x00, 0x80, 0x3f, 0x00, 0x00, 0x00, 0x00, 0xf3, 0x04, 0x35, 0x3f, 0xf3, 0x04, 0x35, 0x3f,
    0x5e, 0x83, 0x6c, 0x3f, 0x15, 0xef, 0xc3, 0x3e, 0x15, 0xef, 0xc3, 0x3e, 0x5e, 0x83, 0x6c, 0x3f,
    0xbe, 0x14, 0x7b, 0x3f, 0xc2, 0xc5, 0x47, 0x3e, 0xda, 0x39, 0x0e, 0x3f, 0x31, 0xdb, 0x54, 0x3f,
    0x31, 0xdb, 0x54, 0x3f, 0xda, 0x39, 0x0e, 0x3f, 0xc2, 0xc5, 0x47, 0x3e, 0xbe, 0x14, 0x7b, 0x3f,
    0x6d, 0xc4, 0x7e, 0x3f, 0x36, 0xbd, 0xc8, 0x3d, 0x99, 0x67, 0x22, 0x3f, 0x03, 0xe4, 0x45, 0x3f,
    0x98, 0xc5, 0x61, 0x3f, 0xea, 0x5a, 0xf1, 0x3e, 0x31, 0xa0, 0x94, 0x3e, 0x0b, 0xfa, 0x74, 0x3f,
    0x0b, 0xfa, 0x74, 0x3f, 0x31, 0xa0, 0x94, 0x3e, 0xea, 0x5a, 0xf1, 0x3e, 0x98, 0xc5, 0x61, 0x3f,
    0x03, 0xe4, 0x45, 0x3f, 0x99, 0x67, 0x22, 0x3f, 0x36, 0xbd, 0xc8, 0x3d, 0x6d, 0xc4, 0x7e, 0x3f,
    0x0f, 0xb1, 0x7f, 0x3f, 0x30, 0xfb, 0x48, 0x3d, 0x4a, 0xeb, 0x2b, 0x3f, 0xf9, 0xae, 0x3d, 0x3f,
    0xd8, 0x6b, 0x67, 0x3f, 0x80, 0xe8, 0xda, 0x3e, 0xd4, 0x7c, 0xac, 0x3e, 0x08, 0x09, 0x71, 0x3f,
    0xf8, 0x53, 0x78, 0x3f, 0xcc, 0xcf, 0x78, 0x3e, 0x3d, 0x9c, 0x03, 0x3f, 0x1a, 0x94, 0x5b, 0x3f,
    0x02, 0x9f, 0x4d, 0x3f, 0xc0, 0x7f, 0x18, 0x3f, 0x83, 0x40, 0x16, 0x3e, 0xac, 0x3a, 0x7d, 0x3f,
    0xac, 0x3a, 0x7d, 0x3f, 0x83, 0x40, 0x16, 0x3e, 0xc0, 0x7f, 0x18, 0x3f, 0x02, 0x9f, 0x4d, 0x3f,
    0x1a, 0x94, 0x5b, 0x3f, 0x3d, 0x9c, 0x03, 0x3f, 0xcc, 0xcf, 0x78, 0x3e, 0xf8, 0x53, 0x78, 0x3f,
    0x08, 0x09, 0x71, 0x3f, 0xd4, 0x7c, 0xac, 0x3e, 0x80, 0xe8, 0xda, 0x3e, 0xd8, 0x6b, 0x67, 0x3f,
    0xf9, 0xae, 0x3d, 0x3f, 0x4a, 0xeb, 0x2b, 0x3f, 0x30, 0xfb, 0x48, 0x3d, 0x0f, 0xb1, 0x7f, 0x3f,
    0xf3, 0x04, 0x35, 0x3f, 0x43, 0xec, 0xff, 0x3e, 0x0f, 0xb1, 0xff, 0x3e, 0x6d, 0x4e, 0xff, 0x3e,
    0x6d, 0xc4, 0xfe, 0x3e, 0x24, 0x13, 0xfe, 0x3e, 0xac, 0x3a, 0xfd, 0x3e, 0x28, 0x3b, 0xfc, 0x3e,
    0xbe, 0x14, 0xfb, 0x3e, 0x9d, 0xc7, 0xf9, 0x3e, 0xf8, 0x53, 0xf8, 0x3e, 0x07, 0xba, 0xf6, 0x3e,
    0x0b, 0xfa, 0xf4, 0x3e, 0x47, 0x14, 0xf3, 0x3e, 0x08, 0x09, 0xf1, 0x3e, 0x9e, 0xd8, 0xee, 0x3e,
    0x5e, 0x83, 0xec, 0x3e, 0xa7, 0x09, 0xea, 0x3e, 0xd8, 0x6b, 0xe7, 0x3e, 0x59, 0xaa, 0xe4, 0x3e,
    0x98, 0xc5, 0xe1, 0x3e, 0x05, 0xbe, 0xde, 0x3e, 0x1a, 0x94, 0xdb, 0x3e, 0x53, 0x48, 0xd8, 0x3e,
    0x31, 0xdb, 0xd4, 0x3e, 0x3d, 0x4d, 0xd1, 0x3e, 0x02, 0x9f, 0xcd, 0x3e, 0x12, 0xd1, 0xc9, 0x3e,
    0x03, 0xe4, 0xc5, 0x3e, 0x70, 0xd8, 0xc1, 0x3e, 0xf9, 0xae, 0xbd, 0x3e, 0x42, 0x68, 0xb9, 0x3e,
    0xf3, 0x04, 0xb5, 0x3e, 0xbb, 0x85, 0xb0, 0x3e, 0x4a, 0xeb, 0xab, 0x3e, 0x56, 0x36, 0xa7, 0x3e,
    0x99, 0x67, 0xa2, 0x3e, 0xd1, 0x7f, 0x9d, 0x3e, 0xc0, 0x7f, 0x98, 0x3e, 0x2a, 0x68, 0x93, 0x3e,
    0xda, 0x39, 0x8e, 0x3e, 0x9b, 0xf5, 0x88, 0x3e, 0x3d, 0x9c, 0x83, 0x3e, 0x27, 0x5d, 0x7c, 0x3e,
    0xea, 0x5a, 0x71, 0x3e, 0x75, 0x33, 0x66, 0x3e, 0x80, 0xe8, 0x5a, 0x3e, 0xca, 0x7b, 0x4f, 0x3e,
    0x15, 0xef, 0x43, 0x3e, 0x2a, 0x44, 0x38, 0x3e, 0xd4, 0x7c, 0x2c, 0x3e, 0xe5, 0x9a, 0x20, 0x3e,
    0x31, 0xa0, 0x14, 0x3e, 0x93, 0x8e, 0x08, 0x3e, 0xcc, 0xcf, 0xf8, 0x3d, 0x13, 0x5c, 0xe0, 0x3d,
    0xc2, 0xc5, 0xc7, 0x3d, 0xa2, 0x10, 0xaf, 0x3d, 0x83, 0x40, 0x96, 0x3d, 0x73, 0xb2, 0x7a, 0x3d,
    0x36, 0xbd, 0x48, 0x3d, 0x05, 0xa9, 0x16, 0x3d, 0x30, 0xfb, 0xc8, 0x3c, 0xb0, 0x0a, 0x49, 0x3c,
];

pub const G_A_LNGAIN_AT5: [u8; 32] = [
    0xfa, 0xff, 0xfb, 0xff, 0xfc, 0xff, 0xfd, 0xff, 0xfe, 0xff, 0xff, 0xff, 0x00, 0x00, 0x01, 0x00,
    0x02, 0x00, 0x03, 0x00, 0x04, 0x00, 0x05, 0x00, 0x06, 0x00, 0x07, 0x00, 0x08, 0x00, 0x09, 0x00,
];

pub const SA_HALF_HANNWIN: [u8; 32] = [
    0x30, 0x68, 0x1d, 0x3c, 0x3b, 0x93, 0xac, 0x3d, 0x4c, 0x8c, 0x63, 0x3e, 0x90, 0x0e, 0xce, 0x3e,
    0xb8, 0xf8, 0x18, 0x3f, 0xed, 0x1c, 0x47, 0x3f, 0x99, 0x6d, 0x6a, 0x3f, 0x5f, 0x8a, 0x7d, 0x3f,
];

pub const SA_AMTBL_GHA: [u8; 64] = [
    0x00, 0x5c, 0x87, 0x3d, 0x00, 0x5c, 0x07, 0x3e, 0x00, 0x0a, 0x4b, 0x3e, 0x00, 0x5c, 0x87, 0x3e,
    0x00, 0x34, 0xa9, 0x3e, 0x00, 0x0a, 0xcb, 0x3e, 0x00, 0xe2, 0xec, 0x3e, 0x00, 0x5c, 0x07, 0x3f,
    0x00, 0x48, 0x18, 0x3f, 0x00, 0x34, 0x29, 0x3f, 0x00, 0x1e, 0x3a, 0x3f, 0x00, 0x0a, 0x4b, 0x3f,
    0x00, 0xf6, 0x5b, 0x3f, 0x00, 0xe2, 0x6c, 0x3f, 0x00, 0xcc, 0x7d, 0x3f, 0x00, 0x5c, 0x87, 0x3f,
];

pub const G_HC_CT_A: [u8; 24] = [
    0x00, 0x00, 0x00, 0x00, 0x00, 0x00, 0x00, 0x00, 0x00, 0x00, 0x00, 0x00, 0x04, 0x00, 0x08, 0x00,
    0x03, 0x00, 0x00, 0x00, 0x00, 0x00, 0x03, 0x00,
];

pub const G_A_CT_PACK_A: [u8; 16] = [
    0x00, 0x00, 0x01, 0x00, 0x02, 0x00, 0x02, 0x00, 0x06, 0x00, 0x03, 0x00, 0x07, 0x00, 0x03, 0x00,
];

pub const G_HC_CT_B: [u8; 24] = [
    0x00, 0x00, 0x00, 0x00, 0x00, 0x00, 0x00, 0x00, 0x00, 0x00, 0x00, 0x00, 0x08, 0x00, 0x10, 0x00,
    0x04, 0x00, 0x00, 0x00, 0x00, 0x00, 0x07, 0x00,
];

pub const G_A_CT_PACK_B: [u8; 32] = [
    0x00, 0x00, 0x02, 0x00, 0x02, 0x00, 0x03, 0x00, 0x03, 0x00, 0x03, 0x00, 0x04, 0x00, 0x03, 0x00,
    0x05, 0x00, 0x03, 0x00, 0x06, 0x00, 0x03, 0x00, 0x0e, 0x00, 0x04, 0x00, 0x0f, 0x00, 0x04, 0x00,
];

pub const G_HC_CT_C: [u8; 24] = [
    0x00, 0x00, 0x00, 0x00, 0x00, 0x00, 0x00, 0x00, 0x00, 0x00, 0x00, 0x00, 0x08, 0x00, 0x10, 0x00,
    0x04, 0x00, 0x00, 0x00, 0x00, 0x00, 0x07, 0x00,
];

pub const G_A_CT_PACK_C: [u8; 32] = [
    0x00, 0x00, 0x02, 0x00, 0x02, 0x00, 0x03, 0x00, 0x03, 0x00, 0x03, 0x00, 0x04, 0x00, 0x03, 0x00,
    0x0e, 0x00, 0x04, 0x00, 0x0f, 0x00, 0x04, 0x00, 0x05, 0x00, 0x03, 0x00, 0x06, 0x00, 0x03, 0x00,
];

pub const G_HC_CT_D: [u8; 24] = [
    0x00, 0x00, 0x00, 0x00, 0x00, 0x00, 0x00, 0x00, 0x00, 0x00, 0x00, 0x00, 0x08, 0x00, 0x10, 0x00,
    0x04, 0x00, 0x00, 0x00, 0x00, 0x00, 0x07, 0x00,
];

pub const G_A_CT_PACK_D: [u8; 32] = [
    0x00, 0x00, 0x01, 0x00, 0x04, 0x00, 0x03, 0x00, 0x0a, 0x00, 0x04, 0x00, 0x0b, 0x00, 0x04, 0x00,
    0x0c, 0x00, 0x04, 0x00, 0x0d, 0x00, 0x04, 0x00, 0x0e, 0x00, 0x04, 0x00, 0x0f, 0x00, 0x04, 0x00,
];

pub const G_A_HC_WL: [u8; 96] = [
    0x00, 0x00, 0x00, 0x00, 0x00, 0x00, 0x00, 0x00, 0x00, 0x00, 0x00, 0x00, 0x08, 0x00, 0x04, 0x00,
    0x02, 0x00, 0x00, 0x00, 0x00, 0x00, 0x00, 0x00, 0x20, 0x00, 0x00, 0x00, 0x00, 0x00, 0x00, 0x00,
    0x00, 0x00, 0x00, 0x00, 0x08, 0x00, 0x08, 0x00, 0x03, 0x00, 0x00, 0x00, 0x00, 0x00, 0x00, 0x00,
    0x40, 0x00, 0x00, 0x00, 0x00, 0x00, 0x00, 0x00, 0x00, 0x00, 0x00, 0x00, 0x08, 0x00, 0x20, 0x00,
    0x05, 0x00, 0x00, 0x00, 0x00, 0x00, 0x00, 0x00, 0x60, 0x00, 0x00, 0x00, 0x00, 0x00, 0x00, 0x00,
    0x00, 0x00, 0x00, 0x00, 0x08, 0x00, 0x20, 0x00, 0x05, 0x00, 0x00, 0x00, 0x00, 0x00, 0x00, 0x00,
];

pub const G_AA_WLC_PACK: [u8; 128] = [
    0x00, 0x00, 0x01, 0x00, 0x02, 0x00, 0x02, 0x00, 0x00, 0x00, 0xff, 0x00, 0x00, 0x00, 0xff, 0x00,
    0x00, 0x00, 0xff, 0x00, 0x00, 0x00, 0xff, 0x00, 0x00, 0x00, 0xff, 0x00, 0x03, 0x00, 0x02, 0x00,
    0x00, 0x00, 0x01, 0x00, 0x04, 0x00, 0x03, 0x00, 0x05, 0x00, 0x03, 0x00, 0x00, 0x00, 0xff, 0x00,
    0x00, 0x00, 0xff, 0x00, 0x00, 0x00, 0xff, 0x00, 0x06, 0x00, 0x03, 0x00, 0x07, 0x00, 0x03, 0x00,
    0x00, 0x00, 0x01, 0x00, 0x04, 0x00, 0x03, 0x00, 0x0c, 0x00, 0x04, 0x00, 0x1e, 0x00, 0x05, 0x00,
    0x1f, 0x00, 0x05, 0x00, 0x0d, 0x00, 0x04, 0x00, 0x0e, 0x00, 0x04, 0x00, 0x05, 0x00, 0x03, 0x00,
    0x00, 0x00, 0x01, 0x00, 0x04, 0x00, 0x03, 0x00, 0x0c, 0x00, 0x04, 0x00, 0x0d, 0x00, 0x04, 0x00,
    0x1e, 0x00, 0x05, 0x00, 0x1f, 0x00, 0x05, 0x00, 0x0e, 0x00, 0x04, 0x00, 0x05, 0x00, 0x03, 0x00,
];

pub const G_A_HC_SF: [u8; 96] = [
    0x00, 0x00, 0x00, 0x00, 0x00, 0x00, 0x00, 0x00, 0x00, 0x00, 0x00, 0x00, 0x40, 0x00, 0x00, 0x02,
    0x09, 0x00, 0x00, 0x00, 0x00, 0x00, 0x00, 0x00, 0x00, 0x01, 0x00, 0x00, 0x00, 0x00, 0x00, 0x00,
    0x00, 0x00, 0x00, 0x00, 0x40, 0x00, 0x00, 0x02, 0x09, 0x00, 0x00, 0x00, 0x00, 0x00, 0x00, 0x00,
    0x00, 0x02, 0x00, 0x00, 0x00, 0x00, 0x00, 0x00, 0x00, 0x00, 0x00, 0x00, 0x40, 0x00, 0x00, 0x02,
    0x09, 0x00, 0x00, 0x00, 0x00, 0x00, 0x00, 0x00, 0x00, 0x03, 0x00, 0x00, 0x00, 0x00, 0x00, 0x00,
    0x00, 0x00, 0x00, 0x00, 0x40, 0x00, 0x00, 0x02, 0x09, 0x00, 0x00, 0x00, 0x00, 0x00, 0x00, 0x00,
];

pub const G_AA_SFC_PACK: [u8; 1024] = [
    0x00, 0x00, 0x02, 0x00, 0x02, 0x00, 0x03, 0x00, 0x0c, 0x00, 0x04, 0x00, 0xe0, 0x00, 0x08, 0x00,
    0xe1, 0x00, 0x08, 0x00, 0xe2, 0x00, 0x08, 0x00, 0xe3, 0x00, 0x08, 0x00, 0xce, 0x01, 0x09, 0x00,
    0xcf, 0x01, 0x09, 0x00, 0xd0, 0x01, 0x09, 0x00, 0xd1, 0x01, 0x09, 0x00, 0xd2, 0x01, 0x09, 0x00,
    0xd3, 0x01, 0x09, 0x00, 0xd4, 0x01, 0x09, 0x00, 0xd5, 0x01, 0x09, 0x00, 0xd6, 0x01, 0x09, 0x00,
    0xd7, 0x01, 0x09, 0x00, 0xd8, 0x01, 0x09, 0x00, 0xd9, 0x01, 0x09, 0x00, 0xda, 0x01, 0x09, 0x00,
    0xdb, 0x01, 0x09, 0x00, 0xdc, 0x01, 0x09, 0x00, 0xdd, 0x01, 0x09, 0x00, 0xde, 0x01, 0x09, 0x00,
    0xdf, 0x01, 0x09, 0x00, 0xe0, 0x01, 0x09, 0x00, 0xe1, 0x01, 0x09, 0x00, 0xe2, 0x01, 0x09, 0x00,
    0xe3, 0x01, 0x09, 0x00, 0xe4, 0x01, 0x09, 0x00, 0xe5, 0x01, 0x09, 0x00, 0xe6, 0x01, 0x09, 0x00,
    0xe7, 0x01, 0x09, 0x00, 0xe8, 0x01, 0x09, 0x00, 0xe9, 0x01, 0x09, 0x00, 0xea, 0x01, 0x09, 0x00,
    0xeb, 0x01, 0x09, 0x00, 0xec, 0x01, 0x09, 0x00, 0xed, 0x01, 0x09, 0x00, 0xee, 0x01, 0x09, 0x00,
    0xef, 0x01, 0x09, 0x00, 0xf0, 0x01, 0x09, 0x00, 0xf1, 0x01, 0x09, 0x00, 0xf2, 0x01, 0x09, 0x00,
    0xf3, 0x01, 0x09, 0x00, 0xf4, 0x01, 0x09, 0x00, 0xf5, 0x01, 0x09, 0x00, 0xf6, 0x01, 0x09, 0x00,
    0xf7, 0x01, 0x09, 0x00, 0xf8, 0x01, 0x09, 0x00, 0xf9, 0x01, 0x09, 0x00, 0xfa, 0x01, 0x09, 0x00,
    0xfb, 0x01, 0x09, 0x00, 0xfc, 0x01, 0x09, 0x00, 0xfd, 0x01, 0x09, 0x00, 0xfe, 0x01, 0x09, 0x00,
    0xff, 0x01, 0x09, 0x00, 0xe4, 0x00, 0x08, 0x00, 0xe5, 0x00, 0x08, 0x00, 0xe6, 0x00, 0x08, 0x00,
    0x0d, 0x00, 0x04, 0x00, 0x03, 0x00, 0x03, 0x00, 0x04, 0x00, 0x03, 0x00, 0x05, 0x00, 0x03, 0x00,
    0x00, 0x00, 0x02, 0x00, 0x02, 0x00, 0x03, 0x00, 0x03, 0x00, 0x03, 0x00, 0x0c, 0x00, 0x04, 0x00,
    0xe0, 0x00, 0x08, 0x00, 0xe1, 0x00, 0x08, 0x00, 0xe2, 0x00, 0x08, 0x00, 0xce, 0x01, 0x09, 0x00,
    0xcf, 0x01, 0x09, 0x00, 0xd0, 0x01, 0x09, 0x00, 0xd1, 0x01, 0x09, 0x00, 0xd2, 0x01, 0x09, 0x00,
    0xd3, 0x01, 0x09, 0x00, 0xd4, 0x01, 0x09, 0x00, 0xd5, 0x01, 0x09, 0x00, 0xd6, 0x01, 0x09, 0x00,
    0xd7, 0x01, 0x09, 0x00, 0xd8, 0x01, 0x09, 0x00, 0xd9, 0x01, 0x09, 0x00, 0xda, 0x01, 0x09, 0x00,
    0xdb, 0x01, 0x09, 0x00, 0xdc, 0x01, 0x09, 0x00, 0xdd, 0x01, 0x09, 0x00, 0xde, 0x01, 0x09, 0x00,
    0xdf, 0x01, 0x09, 0x00, 0xe0, 0x01, 0x09, 0x00, 0xe1, 0x01, 0x09, 0x00, 0xe2, 0x01, 0x09, 0x00,
    0xe3, 0x01, 0x09, 0x00, 0xe4, 0x01, 0x09, 0x00, 0xe5, 0x01, 0x09, 0x00, 0xe6, 0x01, 0x09, 0x00,
    0xe7, 0x01, 0x09, 0x00, 0xe8, 0x01, 0x09, 0x00, 0xe9, 0x01, 0x09, 0x00, 0xea, 0x01, 0x09, 0x00,
    0xeb, 0x01, 0x09, 0x00, 0xec, 0x01, 0x09, 0x00, 0xed, 0x01, 0x09, 0x00, 0xee, 0x01, 0x09, 0x00,
    0xef, 0x01, 0x09, 0x00, 0xf0, 0x01, 0x09, 0x00, 0xf1, 0x01, 0x09, 0x00, 0xf2, 0x01, 0x09, 0x00,
    0xf3, 0x01, 0x09, 0x00, 0xf4, 0x01, 0x09, 0x00, 0xf5, 0x01, 0x09, 0x00, 0xf6, 0x01, 0x09, 0x00,
    0xf7, 0x01, 0x09, 0x00, 0xf8, 0x01, 0x09, 0x00, 0xf9, 0x01, 0x09, 0x00, 0xfa, 0x01, 0x09, 0x00,
    0xfb, 0x01, 0x09, 0x00, 0xfc, 0x01, 0x09, 0x00, 0xfd, 0x01, 0x09, 0x00, 0xfe, 0x01, 0x09, 0x00,
    0xff, 0x01, 0x09, 0x00, 0xe3, 0x00, 0x08, 0x00, 0xe4, 0x00, 0x08, 0x00, 0xe5, 0x00, 0x08, 0x00,
    0xe6, 0x00, 0x08, 0x00, 0x0d, 0x00, 0x04, 0x00, 0x04, 0x00, 0x03, 0x00, 0x05, 0x00, 0x03, 0x00,
    0x00, 0x00, 0x01, 0x00, 0x04, 0x00, 0x03, 0x00, 0x18, 0x00, 0x05, 0x00, 0x19, 0x00, 0x05, 0x00,
    0x70, 0x00, 0x07, 0x00, 0xca, 0x01, 0x09, 0x00, 0xcb, 0x01, 0x09, 0x00, 0xcc, 0x01, 0x09, 0x00,
    0xcd, 0x01, 0x09, 0x00, 0xce, 0x01, 0x09, 0x00, 0xcf, 0x01, 0x09, 0x00, 0xd0, 0x01, 0x09, 0x00,
    0xd1, 0x01, 0x09, 0x00, 0xd2, 0x01, 0x09, 0x00, 0xd3, 0x01, 0x09, 0x00, 0xd4, 0x01, 0x09, 0x00,
    0xd5, 0x01, 0x09, 0x00, 0xd6, 0x01, 0x09, 0x00, 0xd7, 0x01, 0x09, 0x00, 0xd8, 0x01, 0x09, 0x00,
    0xd9, 0x01, 0x09, 0x00, 0xda, 0x01, 0x09, 0x00, 0xdb, 0x01, 0x09, 0x00, 0xdc, 0x01, 0x09, 0x00,
    0xdd, 0x01, 0x09, 0x00, 0xde, 0x01, 0x09, 0x00, 0xdf, 0x01, 0x09, 0x00, 0xe0, 0x01, 0x09, 0x00,
    0xe1, 0x01, 0x09, 0x00, 0xe2, 0x01, 0x09, 0x00, 0xe3, 0x01, 0x09, 0x00, 0xe4, 0x01, 0x09, 0x00,
    0xe5, 0x01, 0x09, 0x00, 0xe6, 0x01, 0x09, 0x00, 0xe7, 0x01, 0x09, 0x00, 0xe8, 0x01, 0x09, 0x00,
    0xe9, 0x01, 0x09, 0x00, 0xea, 0x01, 0x09, 0x00, 0xeb, 0x01, 0x09, 0x00, 0xec, 0x01, 0x09, 0x00,
    0xed, 0x01, 0x09, 0x00, 0xee, 0x01, 0x09, 0x00, 0xef, 0x01, 0x09, 0x00, 0xf0, 0x01, 0x09, 0x00,
    0xf1, 0x01, 0x09, 0x00, 0xf2, 0x01, 0x09, 0x00, 0xf3, 0x01, 0x09, 0x00, 0xf4, 0x01, 0x09, 0x00,
    0xf5, 0x01, 0x09, 0x00, 0xf6, 0x01, 0x09, 0x00, 0xf7, 0x01, 0x09, 0x00, 0xf8, 0x01, 0x09, 0x00,
    0xf9, 0x01, 0x09, 0x00, 0xfa, 0x01, 0x09, 0x00, 0xfb, 0x01, 0x09, 0x00, 0xfc, 0x01, 0x09, 0x00,
    0xfd, 0x01, 0x09, 0x00, 0xfe, 0x01, 0x09, 0x00, 0xff, 0x01, 0x09, 0x00, 0xe4, 0x00, 0x08, 0x00,
    0x71, 0x00, 0x07, 0x00, 0x1a, 0x00, 0x05, 0x00, 0x1b, 0x00, 0x05, 0x00, 0x05, 0x00, 0x03, 0x00,
    0x00, 0x00, 0x02, 0x00, 0x02, 0x00, 0x03, 0x00, 0x03, 0x00, 0x03, 0x00, 0x18, 0x00, 0x05, 0x00,
    0x19, 0x00, 0x05, 0x00, 0x70, 0x00, 0x07, 0x00, 0xcc, 0x01, 0x09, 0x00, 0xcd, 0x01, 0x09, 0x00,
    0xce, 0x01, 0x09, 0x00, 0xcf, 0x01, 0x09, 0x00, 0xd0, 0x01, 0x09, 0x00, 0xd1, 0x01, 0x09, 0x00,
    0xd2, 0x01, 0x09, 0x00, 0xd3, 0x01, 0x09, 0x00, 0xd4, 0x01, 0x09, 0x00, 0xd5, 0x01, 0x09, 0x00,
    0xd6, 0x01, 0x09, 0x00, 0xd7, 0x01, 0x09, 0x00, 0xd8, 0x01, 0x09, 0x00, 0xd9, 0x01, 0x09, 0x00,
    0xda, 0x01, 0x09, 0x00, 0xdb, 0x01, 0x09, 0x00, 0xdc, 0x01, 0x09, 0x00, 0xdd, 0x01, 0x09, 0x00,
    0xde, 0x01, 0x09, 0x00, 0xdf, 0x01, 0x09, 0x00, 0xe0, 0x01, 0x09, 0x00, 0xe1, 0x01, 0x09, 0x00,
    0xe2, 0x01, 0x09, 0x00, 0xe3, 0x01, 0x09, 0x00, 0xe4, 0x01, 0x09, 0x00, 0xe5, 0x01, 0x09, 0x00,
    0xe6, 0x01, 0x09, 0x00, 0xe7, 0x01, 0x09, 0x00, 0xe8, 0x01, 0x09, 0x00, 0xe9, 0x01, 0x09, 0x00,
    0xea, 0x01, 0x09, 0x00, 0xeb, 0x01, 0x09, 0x00, 0xec, 0x01, 0x09, 0x00, 0xed, 0x01, 0x09, 0x00,
    0xee, 0x01, 0x09, 0x00, 0xef, 0x01, 0x09, 0x00, 0xf0, 0x01, 0x09, 0x00, 0xf1, 0x01, 0x09, 0x00,
    0xf2, 0x01, 0x09, 0x00, 0xf3, 0x01, 0x09, 0x00, 0xf4, 0x01, 0x09, 0x00, 0xf5, 0x01, 0x09, 0x00,
    0xf6, 0x01, 0x09, 0x00, 0xf7, 0x01, 0x09, 0x00, 0xf8, 0x01, 0x09, 0x00, 0xf9, 0x01, 0x09, 0x00,
    0xfa, 0x01, 0x09, 0x00, 0xfb, 0x01, 0x09, 0x00, 0xfc, 0x01, 0x09, 0x00, 0xfd, 0x01, 0x09, 0x00,
    0xfe, 0x01, 0x09, 0x00, 0xff, 0x01, 0x09, 0x00, 0x71, 0x00, 0x07, 0x00, 0x72, 0x00, 0x07, 0x00,
    0x1a, 0x00, 0x05, 0x00, 0x1b, 0x00, 0x05, 0x00, 0x04, 0x00, 0x03, 0x00, 0x05, 0x00, 0x03, 0x00,
];

pub const G_A_HC_SF_SG: [u8; 96] = [
    0x00, 0x00, 0x00, 0x00, 0x00, 0x00, 0x00, 0x00, 0x00, 0x00, 0x00, 0x00, 0x10, 0x00, 0x40, 0x00,
    0x06, 0x00, 0x00, 0x00, 0x00, 0x00, 0x00, 0x00, 0x40, 0x00, 0x00, 0x00, 0x00, 0x00, 0x00, 0x00,
    0x00, 0x00, 0x00, 0x00, 0x10, 0x00, 0x40, 0x00, 0x06, 0x00, 0x00, 0x00, 0x00, 0x00, 0x00, 0x00,
    0x80, 0x00, 0x00, 0x00, 0x00, 0x00, 0x00, 0x00, 0x00, 0x00, 0x00, 0x00, 0x10, 0x00, 0x80, 0x00,
    0x07, 0x00, 0x00, 0x00, 0x00, 0x00, 0x00, 0x00, 0xc0, 0x00, 0x00, 0x00, 0x00, 0x00, 0x00, 0x00,
    0x00, 0x00, 0x00, 0x00, 0x10, 0x00, 0x80, 0x00, 0x07, 0x00, 0x00, 0x00, 0x00, 0x00, 0x00, 0x00,
];

pub const G_AA_SFC_SG_PACK: [u8; 256] = [
    0x00, 0x00, 0x02, 0x00, 0x02, 0x00, 0x03, 0x00, 0x0c, 0x00, 0x04, 0x00, 0x38, 0x00, 0x06, 0x00,
    0x39, 0x00, 0x06, 0x00, 0x3a, 0x00, 0x06, 0x00, 0x3b, 0x00, 0x06, 0x00, 0x3c, 0x00, 0x06, 0x00,
    0x00, 0x00, 0x00, 0x00, 0x3d, 0x00, 0x06, 0x00, 0x3e, 0x00, 0x06, 0x00, 0x3f, 0x00, 0x06, 0x00,
    0x0d, 0x00, 0x04, 0x00, 0x03, 0x00, 0x03, 0x00, 0x04, 0x00, 0x03, 0x00, 0x05, 0x00, 0x03, 0x00,
    0x00, 0x00, 0x02, 0x00, 0x02, 0x00, 0x03, 0x00, 0x03, 0x00, 0x03, 0x00, 0x0c, 0x00, 0x04, 0x00,
    0x38, 0x00, 0x06, 0x00, 0x39, 0x00, 0x06, 0x00, 0x3a, 0x00, 0x06, 0x00, 0x3b, 0x00, 0x06, 0x00,
    0x00, 0x00, 0x00, 0x00, 0x3c, 0x00, 0x06, 0x00, 0x3d, 0x00, 0x06, 0x00, 0x3e, 0x00, 0x06, 0x00,
    0x3f, 0x00, 0x06, 0x00, 0x0d, 0x00, 0x04, 0x00, 0x04, 0x00, 0x03, 0x00, 0x05, 0x00, 0x03, 0x00,
    0x00, 0x00, 0x01, 0x00, 0x04, 0x00, 0x03, 0x00, 0x0c, 0x00, 0x04, 0x00, 0x1c, 0x00, 0x05, 0x00,
    0x78, 0x00, 0x07, 0x00, 0x79, 0x00, 0x07, 0x00, 0x7a, 0x00, 0x07, 0x00, 0x7b, 0x00, 0x07, 0x00,
    0x00, 0x00, 0x00, 0x00, 0x7c, 0x00, 0x07, 0x00, 0x7d, 0x00, 0x07, 0x00, 0x7e, 0x00, 0x07, 0x00,
    0x7f, 0x00, 0x07, 0x00, 0x1d, 0x00, 0x05, 0x00, 0x0d, 0x00, 0x04, 0x00, 0x05, 0x00, 0x03, 0x00,
    0x00, 0x00, 0x02, 0x00, 0x02, 0x00, 0x03, 0x00, 0x03, 0x00, 0x03, 0x00, 0x0c, 0x00, 0x04, 0x00,
    0x1c, 0x00, 0x05, 0x00, 0x3c, 0x00, 0x06, 0x00, 0x7c, 0x00, 0x07, 0x00, 0x7d, 0x00, 0x07, 0x00,
    0x00, 0x00, 0x00, 0x00, 0x7e, 0x00, 0x07, 0x00, 0x7f, 0x00, 0x07, 0x00, 0x3d, 0x00, 0x06, 0x00,
    0x1d, 0x00, 0x05, 0x00, 0x0d, 0x00, 0x04, 0x00, 0x04, 0x00, 0x03, 0x00, 0x05, 0x00, 0x03, 0x00,
];

pub const G_AAA_HCSPEC: [u8; 2688] = [
    0x00, 0x00, 0x00, 0x00, 0x00, 0x00, 0x00, 0x00, 0x00, 0x00, 0x00, 0x00, 0x00, 0x01, 0x00, 0x10,
    0x0c, 0x04, 0x01, 0x02, 0x00, 0x02, 0x03, 0x00, 0x00, 0x00, 0x00, 0x00, 0x00, 0x00, 0x00, 0x00,
    0x00, 0x00, 0x00, 0x00, 0xab, 0x00, 0x00, 0x10, 0x0c, 0x04, 0x01, 0x02, 0x01, 0x02, 0x03, 0x00,
    0x00, 0x00, 0x00, 0x00, 0x00, 0x00, 0x00, 0x00, 0x00, 0x00, 0x00, 0x00, 0x40, 0x00, 0x00, 0x02,
    0x09, 0x02, 0x01, 0x01, 0x00, 0x03, 0x07, 0x00, 0x00, 0x00, 0x00, 0x00, 0x00, 0x00, 0x00, 0x00,
    0x00, 0x00, 0x00, 0x00, 0x06, 0x00, 0x08, 0x00, 0x03, 0x01, 0x01, 0x00, 0x01, 0x03, 0x07, 0x00,
    0x00, 0x00, 0x00, 0x00, 0x00, 0x00, 0x00, 0x00, 0x00, 0x00, 0x00, 0x00, 0x00, 0x01, 0x00, 0x10,
    0x0c, 0x02, 0x01, 0x01, 0x00, 0x04, 0x0f, 0x00, 0x00, 0x00, 0x00, 0x00, 0x00, 0x00, 0x00, 0x00,
    0x00, 0x00, 0x00, 0x00, 0x10, 0x00, 0x40, 0x00, 0x06, 0x01, 0x01, 0x00, 0x01, 0x04, 0x0f, 0x00,
    0x00, 0x00, 0x00, 0x00, 0x00, 0x00, 0x00, 0x00, 0x00, 0x00, 0x00, 0x00, 0x40, 0x00, 0x00, 0x04,
    0x0a, 0x01, 0x01, 0x00, 0x00, 0x06, 0x3f, 0x00, 0x00, 0x00, 0x00, 0x00, 0x00, 0x00, 0x00, 0x00,
    0x00, 0x00, 0x00, 0x00, 0x00, 0x01, 0x00, 0x08, 0x0b, 0x04, 0x04, 0x02, 0x00, 0x02, 0x03, 0x00,
    0x00, 0x00, 0x00, 0x00, 0x00, 0x00, 0x00, 0x00, 0x00, 0x00, 0x00, 0x00, 0xab, 0x00, 0x00, 0x04,
    0x0a, 0x04, 0x01, 0x02, 0x01, 0x02, 0x03, 0x00, 0x00, 0x00, 0x00, 0x00, 0x00, 0x00, 0x00, 0x00,
    0x00, 0x00, 0x00, 0x00, 0x40, 0x00, 0x00, 0x04, 0x0a, 0x02, 0x01, 0x01, 0x00, 0x03, 0x07, 0x00,
    0x00, 0x00, 0x00, 0x00, 0x00, 0x00, 0x00, 0x00, 0x00, 0x00, 0x00, 0x00, 0x00, 0x01, 0x00, 0x08,
    0x0b, 0x02, 0x01, 0x01, 0x00, 0x04, 0x0f, 0x00, 0x00, 0x00, 0x00, 0x00, 0x00, 0x00, 0x00, 0x00,
    0x00, 0x00, 0x00, 0x00, 0x00, 0x01, 0x00, 0x08, 0x0b, 0x02, 0x01, 0x01, 0x00, 0x04, 0x0f, 0x00,
    0x00, 0x00, 0x00, 0x00, 0x00, 0x00, 0x00, 0x00, 0x00, 0x00, 0x00, 0x00, 0x00, 0x01, 0x00, 0x10,
    0x0c, 0x02, 0x01, 0x01, 0x01, 0x04, 0x0f, 0x00, 0x00, 0x00, 0x00, 0x00, 0x00, 0x00, 0x00, 0x00,
    0x00, 0x00, 0x00, 0x00, 0x40, 0x00, 0x00, 0x02, 0x09, 0x01, 0x01, 0x00, 0x00, 0x06, 0x3f, 0x00,
    0x00, 0x00, 0x00, 0x00, 0x00, 0x00, 0x00, 0x00, 0x00, 0x00, 0x00, 0x00, 0x00, 0x01, 0x00, 0x10,
    0x0c, 0x04, 0x01, 0x02, 0x00, 0x02, 0x03, 0x00, 0x00, 0x00, 0x00, 0x00, 0x00, 0x00, 0x00, 0x00,
    0x00, 0x00, 0x00, 0x00, 0x40, 0x00, 0x00, 0x02, 0x09, 0x02, 0x01, 0x01, 0x00, 0x03, 0x07, 0x00,
    0x00, 0x00, 0x00, 0x00, 0x00, 0x00, 0x00, 0x00, 0x00, 0x00, 0x00, 0x00, 0x40, 0x00, 0x00, 0x02,
    0x09, 0x02, 0x01, 0x01, 0x00, 0x03, 0x07, 0x00, 0x00, 0x00, 0x00, 0x00, 0x00, 0x00, 0x00, 0x00,
    0x00, 0x00, 0x00, 0x00, 0x06, 0x00, 0x10, 0x00, 0x04, 0x01, 0x01, 0x00, 0x01, 0x03, 0x07, 0x00,
    0x00, 0x00, 0x00, 0x00, 0x00, 0x00, 0x00, 0x00, 0x00, 0x00, 0x00, 0x00, 0x08, 0x00, 0x10, 0x00,
    0x04, 0x01, 0x01, 0x00, 0x01, 0x03, 0x07, 0x00, 0x00, 0x00, 0x00, 0x00, 0x00, 0x00, 0x00, 0x00,
    0x00, 0x00, 0x00, 0x00, 0x00, 0x01, 0x00, 0x08, 0x0b, 0x02, 0x01, 0x01, 0x01, 0x04, 0x0f, 0x00,
    0x00, 0x00, 0x00, 0x00, 0x00, 0x00, 0x00, 0x00, 0x00, 0x00, 0x00, 0x00, 0x40, 0x00, 0x00, 0x01,
    0x08, 0x01, 0x01, 0x00, 0x00, 0x06, 0x3f, 0x00, 0x00, 0x00, 0x00, 0x00, 0x00, 0x00, 0x00, 0x00,
    0x00, 0x00, 0x00, 0x00, 0x10, 0x00, 0x40, 0x00, 0x06, 0x02, 0x01, 0x01, 0x00, 0x02, 0x03, 0x00,
    0x00, 0x00, 0x00, 0x00, 0x00, 0x00, 0x00, 0x00, 0x00, 0x00, 0x00, 0x00, 0xab, 0x00, 0x00, 0x08,
    0x0b, 0x04, 0x01, 0x02, 0x01, 0x02, 0x03, 0x00, 0x00, 0x00, 0x00, 0x00, 0x00, 0x00, 0x00, 0x00,
    0x00, 0x00, 0x00, 0x00, 0x00, 0x01, 0x00, 0x10, 0x0c, 0x04, 0x01, 0x02, 0x01, 0x02, 0x03, 0x00,
    0x00, 0x00, 0x00, 0x00, 0x00, 0x00, 0x00, 0x00, 0x00, 0x00, 0x00, 0x00, 0x06, 0x00, 0x20, 0x00,
    0x05, 0x01, 0x01, 0x00, 0x01, 0x03, 0x07, 0x00, 0x00, 0x00, 0x00, 0x00, 0x00, 0x00, 0x00, 0x00,
    0x00, 0x00, 0x00, 0x00, 0x00, 0x01, 0x00, 0x04, 0x0a, 0x02, 0x01, 0x01, 0x00, 0x04, 0x0f, 0x00,
    0x00, 0x00, 0x00, 0x00, 0x00, 0x00, 0x00, 0x00, 0x00, 0x00, 0x00, 0x00, 0x00, 0x01, 0x00, 0x10,
    0x0c, 0x02, 0x01, 0x01, 0x01, 0x04, 0x0f, 0x00, 0x00, 0x00, 0x00, 0x00, 0x00, 0x00, 0x00, 0x00,
    0x00, 0x00, 0x00, 0x00, 0x40, 0x00, 0x00, 0x01, 0x08, 0x01, 0x01, 0x00, 0x00, 0x06, 0x3f, 0x00,
    0x00, 0x00, 0x00, 0x00, 0x00, 0x00, 0x00, 0x00, 0x00, 0x00, 0x00, 0x00, 0x00, 0x01, 0x00, 0x10,
    0x0c, 0x04, 0x01, 0x02, 0x00, 0x02, 0x03, 0x00, 0x00, 0x00, 0x00, 0x00, 0x00, 0x00, 0x00, 0x00,
    0x00, 0x00, 0x00, 0x00, 0xab, 0x00, 0x00, 0x04, 0x0a, 0x04, 0x01, 0x02, 0x01, 0x02, 0x03, 0x00,
    0x00, 0x00, 0x00, 0x00, 0x00, 0x00, 0x00, 0x00, 0x00, 0x00, 0x00, 0x00, 0x08, 0x00, 0x10, 0x00,
    0x04, 0x01, 0x01, 0x00, 0x00, 0x03, 0x07, 0x00, 0x00, 0x00, 0x00, 0x00, 0x00, 0x00, 0x00, 0x00,
    0x00, 0x00, 0x00, 0x00, 0x00, 0x01, 0x00, 0x04, 0x0a, 0x02, 0x01, 0x01, 0x00, 0x04, 0x0f, 0x00,
    0x00, 0x00, 0x00, 0x00, 0x00, 0x00, 0x00, 0x00, 0x00, 0x00, 0x00, 0x00, 0x08, 0x00, 0x10, 0x00,
    0x04, 0x01, 0x01, 0x00, 0x01, 0x03, 0x07, 0x00, 0x00, 0x00, 0x00, 0x00, 0x00, 0x00, 0x00, 0x00,
    0x00, 0x00, 0x00, 0x00, 0x00, 0x01, 0x00, 0x02, 0x09, 0x02, 0x01, 0x01, 0x01, 0x04, 0x0f, 0x00,
    0x00, 0x00, 0x00, 0x00, 0x00, 0x00, 0x00, 0x00, 0x00, 0x00, 0x00, 0x00, 0x40, 0x00, 0x00, 0x02,
    0x09, 0x01, 0x01, 0x00, 0x00, 0x06, 0x3f, 0x00, 0x00, 0x00, 0x00, 0x00, 0x00, 0x00, 0x00, 0x00,
    0x00, 0x00, 0x00, 0x00, 0x00, 0x01, 0x00, 0x08, 0x0b, 0x04, 0x01, 0x02, 0x00, 0x02, 0x03, 0x00,
    0x00, 0x00, 0x00, 0x00, 0x00, 0x00, 0x00, 0x00, 0x00, 0x00, 0x00, 0x00, 0x40, 0x00, 0x00, 0x04,
    0x0a, 0x02, 0x01, 0x01, 0x00, 0x03, 0x07, 0x00, 0x00, 0x00, 0x00, 0x00, 0x00, 0x00, 0x00, 0x00,
    0x00, 0x00, 0x00, 0x00, 0x08, 0x00, 0x10, 0x00, 0x04, 0x01, 0x01, 0x00, 0x00, 0x03, 0x07, 0x00,
    0x00, 0x00, 0x00, 0x00, 0x00, 0x00, 0x00, 0x00, 0x00, 0x00, 0x00, 0x00, 0x00, 0x01, 0x00, 0x02,
    0x09, 0x02, 0x01, 0x01, 0x00, 0x04, 0x0f, 0x00, 0x00, 0x00, 0x00, 0x00, 0x00, 0x00, 0x00, 0x00,
    0x00, 0x00, 0x00, 0x00, 0x08, 0x00, 0x40, 0x00, 0x06, 0x01, 0x01, 0x00, 0x01, 0x03, 0x07, 0x00,
    0x00, 0x00, 0x00, 0x00, 0x00, 0x00, 0x00, 0x00, 0x00, 0x00, 0x00, 0x00, 0x20, 0x00, 0x80, 0x00,
    0x07, 0x01, 0x01, 0x00, 0x00, 0x05, 0x1f, 0x00, 0x00, 0x00, 0x00, 0x00, 0x00, 0x00, 0x00, 0x00,
    0x00, 0x00, 0x00, 0x00, 0x40, 0x00, 0x00, 0x02, 0x09, 0x01, 0x01, 0x00, 0x00, 0x06, 0x3f, 0x00,
    0x00, 0x00, 0x00, 0x00, 0x00, 0x00, 0x00, 0x00, 0x00, 0x00, 0x00, 0x00, 0x00, 0x01, 0x00, 0x08,
    0x0b, 0x04, 0x02, 0x02, 0x00, 0x02, 0x03, 0x00, 0x00, 0x00, 0x00, 0x00, 0x00, 0x00, 0x00, 0x00,
    0x00, 0x00, 0x00, 0x00, 0x40, 0x00, 0x00, 0x01, 0x08, 0x02, 0x01, 0x01, 0x00, 0x03, 0x07, 0x00,
    0x00, 0x00, 0x00, 0x00, 0x00, 0x00, 0x00, 0x00, 0x00, 0x00, 0x00, 0x00, 0x00, 0x01, 0x00, 0x08,
    0x0b, 0x04, 0x01, 0x02, 0x01, 0x02, 0x03, 0x00, 0x00, 0x00, 0x00, 0x00, 0x00, 0x00, 0x00, 0x00,
    0x00, 0x00, 0x00, 0x00, 0x00, 0x01, 0x00, 0x02, 0x09, 0x02, 0x01, 0x01, 0x00, 0x04, 0x0f, 0x00,
    0x00, 0x00, 0x00, 0x00, 0x00, 0x00, 0x00, 0x00, 0x00, 0x00, 0x00, 0x00, 0x10, 0x00, 0x80, 0x00,
    0x07, 0x01, 0x01, 0x00, 0x00, 0x04, 0x0f, 0x00, 0x00, 0x00, 0x00, 0x00, 0x00, 0x00, 0x00, 0x00,
    0x00, 0x00, 0x00, 0x00, 0x20, 0x00, 0x00, 0x04, 0x0a, 0x01, 0x01, 0x00, 0x00, 0x05, 0x1f, 0x00,
    0x00, 0x00, 0x00, 0x00, 0x00, 0x00, 0x00, 0x00, 0x00, 0x00, 0x00, 0x00, 0x40, 0x00, 0x00, 0x02,
    0x09, 0x01, 0x01, 0x00, 0x00, 0x06, 0x3f, 0x00, 0x00, 0x00, 0x00, 0x00, 0x00, 0x00, 0x00, 0x00,
    0x00, 0x00, 0x00, 0x00, 0x04, 0x00, 0x08, 0x00, 0x03, 0x02, 0x01, 0x01, 0x01, 0x01, 0x01, 0x00,
    0x00, 0x00, 0x00, 0x00, 0x00, 0x00, 0x00, 0x00, 0x00, 0x00, 0x00, 0x00, 0xab, 0x00, 0x00, 0x08,
    0x0b, 0x04, 0x02, 0x02, 0x01, 0x02, 0x03, 0x00, 0x00, 0x00, 0x00, 0x00, 0x00, 0x00, 0x00, 0x00,
    0x00, 0x00, 0x00, 0x00, 0x40, 0x00, 0x00, 0x04, 0x0a, 0x02, 0x01, 0x01, 0x00, 0x03, 0x07, 0x00,
    0x00, 0x00, 0x00, 0x00, 0x00, 0x00, 0x00, 0x00, 0x00, 0x00, 0x00, 0x00, 0x00, 0x01, 0x00, 0x10,
    0x0c, 0x02, 0x01, 0x01, 0x00, 0x04, 0x0f, 0x00, 0x00, 0x00, 0x00, 0x00, 0x00, 0x00, 0x00, 0x00,
    0x00, 0x00, 0x00, 0x00, 0x10, 0x00, 0x40, 0x00, 0x06, 0x01, 0x01, 0x00, 0x00, 0x04, 0x0f, 0x00,
    0x00, 0x00, 0x00, 0x00, 0x00, 0x00, 0x00, 0x00, 0x00, 0x00, 0x00, 0x00, 0x00, 0x01, 0x00, 0x10,
    0x0c, 0x02, 0x02, 0x01, 0x01, 0x04, 0x0f, 0x00, 0x00, 0x00, 0x00, 0x00, 0x00, 0x00, 0x00, 0x00,
    0x90, 0x00, 0x00, 0x00, 0x40, 0x00, 0x00, 0x04, 0x0a, 0x01, 0x04, 0x00, 0x00, 0x06, 0x3f, 0x00,
    0x00, 0x00, 0x00, 0x00, 0x00, 0x00, 0x00, 0x00, 0x00, 0x00, 0x00, 0x00, 0x00, 0x01, 0x00, 0x10,
    0x0c, 0x04, 0x04, 0x02, 0x00, 0x02, 0x03, 0x00, 0x00, 0x00, 0x00, 0x00, 0x00, 0x00, 0x00, 0x00,
    0x00, 0x00, 0x00, 0x00, 0xab, 0x00, 0x00, 0x10, 0x0c, 0x04, 0x01, 0x02, 0x01, 0x02, 0x03, 0x00,
    0x00, 0x00, 0x00, 0x00, 0x00, 0x00, 0x00, 0x00, 0x00, 0x00, 0x00, 0x00, 0x40, 0x00, 0x00, 0x02,
    0x09, 0x02, 0x04, 0x01, 0x00, 0x03, 0x07, 0x00, 0x00, 0x00, 0x00, 0x00, 0x00, 0x00, 0x00, 0x00,
    0x00, 0x00, 0x00, 0x00, 0x00, 0x01, 0x00, 0x08, 0x0b, 0x02, 0x01, 0x01, 0x00, 0x04, 0x0f, 0x00,
    0x00, 0x00, 0x00, 0x00, 0x00, 0x00, 0x00, 0x00, 0x00, 0x00, 0x00, 0x00, 0x00, 0x01, 0x00, 0x08,
    0x0b, 0x02, 0x01, 0x01, 0x00, 0x04, 0x0f, 0x00, 0x00, 0x00, 0x00, 0x00, 0x00, 0x00, 0x00, 0x00,
    0x78, 0x00, 0x00, 0x00, 0x10, 0x00, 0x40, 0x00, 0x06, 0x01, 0x01, 0x00, 0x01, 0x04, 0x0f, 0x00,
    0x00, 0x00, 0x00, 0x00, 0x00, 0x00, 0x00, 0x00, 0x00, 0x00, 0x00, 0x00, 0x40, 0x00, 0x00, 0x02,
    0x09, 0x01, 0x01, 0x00, 0x00, 0x06, 0x3f, 0x00, 0x00, 0x00, 0x00, 0x00, 0x00, 0x00, 0x00, 0x00,
    0x50, 0x01, 0x00, 0x00, 0x00, 0x01, 0x00, 0x10, 0x0c, 0x04, 0x01, 0x02, 0x00, 0x02, 0x03, 0x00,
    0x00, 0x00, 0x00, 0x00, 0x00, 0x00, 0x00, 0x00, 0x00, 0x00, 0x00, 0x00, 0xab, 0x00, 0x00, 0x04,
    0x0a, 0x04, 0x01, 0x02, 0x01, 0x02, 0x03, 0x00, 0x00, 0x00, 0x00, 0x00, 0x00, 0x00, 0x00, 0x00,
    0xd8, 0x00, 0x00, 0x00, 0x40, 0x00, 0x00, 0x04, 0x0a, 0x02, 0x01, 0x01, 0x00, 0x03, 0x07, 0x00,
    0x00, 0x00, 0x00, 0x00, 0x00, 0x00, 0x00, 0x00, 0x00, 0x00, 0x00, 0x00, 0x00, 0x01, 0x00, 0x10,
    0x0c, 0x02, 0x01, 0x01, 0x00, 0x04, 0x0f, 0x00, 0x00, 0x00, 0x00, 0x00, 0x00, 0x00, 0x00, 0x00,
    0x08, 0x01, 0x00, 0x00, 0x00, 0x01, 0x00, 0x08, 0x0b, 0x02, 0x01, 0x01, 0x00, 0x04, 0x0f, 0x00,
    0x00, 0x00, 0x00, 0x00, 0x00, 0x00, 0x00, 0x00, 0x00, 0x00, 0x00, 0x00, 0x00, 0x01, 0x00, 0x10,
    0x0c, 0x02, 0x01, 0x01, 0x01, 0x04, 0x0f, 0x00, 0x00, 0x00, 0x00, 0x00, 0x00, 0x00, 0x00, 0x00,
    0x90, 0x00, 0x00, 0x00, 0x40, 0x00, 0x00, 0x04, 0x0a, 0x01, 0x01, 0x00, 0x00, 0x06, 0x3f, 0x00,
    0x00, 0x00, 0x00, 0x00, 0x00, 0x00, 0x00, 0x00, 0xa0, 0x02, 0x00, 0x00, 0x00, 0x01, 0x00, 0x10,
    0x0c, 0x04, 0x04, 0x02, 0x00, 0x02, 0x03, 0x00, 0x00, 0x00, 0x00, 0x00, 0x00, 0x00, 0x00, 0x00,
    0x10, 0x02, 0x00, 0x00, 0xab, 0x00, 0x00, 0x08, 0x0b, 0x04, 0x04, 0x02, 0x01, 0x02, 0x03, 0x00,
    0x00, 0x00, 0x00, 0x00, 0x00, 0x00, 0x00, 0x00, 0x30, 0x00, 0x00, 0x00, 0x40, 0x00, 0x00, 0x02,
    0x09, 0x02, 0x01, 0x01, 0x00, 0x03, 0x07, 0x00, 0x00, 0x00, 0x00, 0x00, 0x00, 0x00, 0x00, 0x00,
    0xe8, 0x02, 0x00, 0x00, 0x00, 0x01, 0x00, 0x04, 0x0a, 0x02, 0x01, 0x01, 0x00, 0x04, 0x0f, 0x00,
    0x00, 0x00, 0x00, 0x00, 0x00, 0x00, 0x00, 0x00, 0xa0, 0x05, 0x00, 0x00, 0x00, 0x01, 0x00, 0x08,
    0x0b, 0x02, 0x02, 0x01, 0x00, 0x04, 0x0f, 0x00, 0x00, 0x00, 0x00, 0x00, 0x00, 0x00, 0x00, 0x00,
    0x00, 0x00, 0x00, 0x00, 0x00, 0x01, 0x00, 0x10, 0x0c, 0x02, 0x02, 0x01, 0x01, 0x04, 0x0f, 0x00,
    0x00, 0x00, 0x00, 0x00, 0x00, 0x00, 0x00, 0x00, 0x78, 0x06, 0x00, 0x00, 0x40, 0x00, 0x00, 0x04,
    0x0a, 0x01, 0x04, 0x00, 0x00, 0x06, 0x3f, 0x00, 0x00, 0x00, 0x00, 0x00, 0x00, 0x00, 0x00, 0x00,
    0x48, 0x03, 0x00, 0x00, 0x00, 0x01, 0x00, 0x08, 0x0b, 0x04, 0x01, 0x02, 0x00, 0x02, 0x03, 0x00,
    0x00, 0x00, 0x00, 0x00, 0x00, 0x00, 0x00, 0x00, 0x00, 0x00, 0x00, 0x00, 0xab, 0x00, 0x00, 0x08,
    0x0b, 0x04, 0x01, 0x02, 0x01, 0x02, 0x03, 0x00, 0x00, 0x00, 0x00, 0x00, 0x00, 0x00, 0x00, 0x00,
    0x00, 0x00, 0x00, 0x00, 0x00, 0x01, 0x00, 0x10, 0x0c, 0x04, 0x01, 0x02, 0x01, 0x02, 0x03, 0x00,
    0x00, 0x00, 0x00, 0x00, 0x00, 0x00, 0x00, 0x00, 0x88, 0x05, 0x00, 0x00, 0x00, 0x01, 0x00, 0x08,
    0x0b, 0x02, 0x02, 0x01, 0x00, 0x04, 0x0f, 0x00, 0x00, 0x00, 0x00, 0x00, 0x00, 0x00, 0x00, 0x00,
    0x00, 0x00, 0x00, 0x00, 0x00, 0x01, 0x00, 0x10, 0x0c, 0x02, 0x01, 0x01, 0x00, 0x04, 0x0f, 0x00,
    0x00, 0x00, 0x00, 0x00, 0x00, 0x00, 0x00, 0x00, 0x08, 0x07, 0x00, 0x00, 0x00, 0x01, 0x00, 0x10,
    0x0c, 0x02, 0x01, 0x01, 0x01, 0x04, 0x0f, 0x00, 0x00, 0x00, 0x00, 0x00, 0x00, 0x00, 0x00, 0x00,
    0x00, 0x00, 0x00, 0x00, 0x40, 0x00, 0x00, 0x08, 0x0b, 0x01, 0x01, 0x00, 0x00, 0x06, 0x3f, 0x00,
    0x00, 0x00, 0x00, 0x00, 0x00, 0x00, 0x00, 0x00, 0x00, 0x00, 0x00, 0x00, 0x00, 0x01, 0x00, 0x10,
    0x0c, 0x04, 0x01, 0x02, 0x00, 0x02, 0x03, 0x00, 0x00, 0x00, 0x00, 0x00, 0x00, 0x00, 0x00, 0x00,
    0x00, 0x00, 0x00, 0x00, 0x40, 0x00, 0x00, 0x02, 0x09, 0x02, 0x04, 0x01, 0x00, 0x03, 0x07, 0x00,
    0x00, 0x00, 0x00, 0x00, 0x00, 0x00, 0x00, 0x00, 0x00, 0x00, 0x00, 0x00, 0x40, 0x00, 0x00, 0x02,
    0x09, 0x02, 0x01, 0x01, 0x00, 0x03, 0x07, 0x00, 0x00, 0x00, 0x00, 0x00, 0x00, 0x00, 0x00, 0x00,
    0x30, 0x06, 0x00, 0x00, 0x00, 0x01, 0x00, 0x10, 0x0c, 0x02, 0x04, 0x01, 0x00, 0x04, 0x0f, 0x00,
    0x00, 0x00, 0x00, 0x00, 0x00, 0x00, 0x00, 0x00, 0x00, 0x03, 0x00, 0x00, 0x08, 0x00, 0x10, 0x00,
    0x04, 0x01, 0x01, 0x00, 0x01, 0x03, 0x07, 0x00, 0x00, 0x00, 0x00, 0x00, 0x00, 0x00, 0x00, 0x00,
    0x20, 0x01, 0x00, 0x00, 0x00, 0x01, 0x00, 0x10, 0x0c, 0x02, 0x01, 0x01, 0x01, 0x04, 0x0f, 0x00,
    0x00, 0x00, 0x00, 0x00, 0x00, 0x00, 0x00, 0x00, 0x00, 0x00, 0x00, 0x00, 0x40, 0x00, 0x00, 0x02,
    0x09, 0x01, 0x01, 0x00, 0x00, 0x06, 0x3f, 0x00, 0x00, 0x00, 0x00, 0x00, 0x00, 0x00, 0x00, 0x00,
    0xf0, 0x03, 0x00, 0x00, 0x00, 0x01, 0x00, 0x08, 0x0b, 0x04, 0x02, 0x02, 0x00, 0x02, 0x03, 0x00,
    0x00, 0x00, 0x00, 0x00, 0x00, 0x00, 0x00, 0x00, 0x00, 0x00, 0x00, 0x00, 0x40, 0x00, 0x00, 0x02,
    0x09, 0x02, 0x01, 0x01, 0x00, 0x03, 0x07, 0x00, 0x00, 0x00, 0x00, 0x00, 0x00, 0x00, 0x00, 0x00,
    0x00, 0x00, 0x00, 0x00, 0x08, 0x00, 0x20, 0x00, 0x05, 0x01, 0x04, 0x00, 0x00, 0x03, 0x07, 0x00,
    0x00, 0x00, 0x00, 0x00, 0x00, 0x00, 0x00, 0x00, 0x98, 0x01, 0x00, 0x00, 0x06, 0x00, 0x10, 0x00,
    0x04, 0x01, 0x01, 0x00, 0x01, 0x03, 0x07, 0x00, 0x00, 0x00, 0x00, 0x00, 0x00, 0x00, 0x00, 0x00,
    0xa8, 0x03, 0x00, 0x00, 0x08, 0x00, 0x40, 0x00, 0x06, 0x01, 0x01, 0x00, 0x01, 0x03, 0x07, 0x00,
    0x00, 0x00, 0x00, 0x00, 0x00, 0x00, 0x00, 0x00, 0x00, 0x00, 0x00, 0x00, 0x20, 0x00, 0x00, 0x02,
    0x09, 0x01, 0x01, 0x00, 0x00, 0x05, 0x1f, 0x00, 0x00, 0x00, 0x00, 0x00, 0x00, 0x00, 0x00, 0x00,
    0xd0, 0x05, 0x00, 0x00, 0x40, 0x00, 0x00, 0x02, 0x09, 0x01, 0x02, 0x00, 0x00, 0x06, 0x3f, 0x00,
    0x00, 0x00, 0x00, 0x00, 0x00, 0x00, 0x00, 0x00, 0x90, 0x06, 0x00, 0x00, 0x00, 0x01, 0x00, 0x10,
    0x0c, 0x04, 0x01, 0x02, 0x00, 0x02, 0x03, 0x00, 0x00, 0x00, 0x00, 0x00, 0x00, 0x00, 0x00, 0x00,
    0x00, 0x00, 0x00, 0x00, 0xab, 0x00, 0x00, 0x10, 0x0c, 0x04, 0x01, 0x02, 0x01, 0x02, 0x03, 0x00,
    0x00, 0x00, 0x00, 0x00, 0x00, 0x00, 0x00, 0x00, 0x00, 0x00, 0x00, 0x00, 0x08, 0x00, 0x20, 0x00,
    0x05, 0x01, 0x01, 0x00, 0x00, 0x03, 0x07, 0x00, 0x00, 0x00, 0x00, 0x00, 0x00, 0x00, 0x00, 0x00,
    0x00, 0x00, 0x00, 0x00, 0x06, 0x00, 0x20, 0x00, 0x05, 0x01, 0x01, 0x00, 0x01, 0x03, 0x07, 0x00,
    0x00, 0x00, 0x00, 0x00, 0x00, 0x00, 0x00, 0x00, 0x00, 0x00, 0x00, 0x00, 0x00, 0x01, 0x00, 0x10,
    0x0c, 0x02, 0x04, 0x01, 0x00, 0x04, 0x0f, 0x00, 0x00, 0x00, 0x00, 0x00, 0x00, 0x00, 0x00, 0x00,
    0x00, 0x00, 0x00, 0x00, 0x00, 0x01, 0x00, 0x10, 0x0c, 0x02, 0x01, 0x01, 0x01, 0x04, 0x0f, 0x00,
    0x00, 0x00, 0x00, 0x00, 0x00, 0x00, 0x00, 0x00, 0x00, 0x00, 0x00, 0x00, 0x40, 0x00, 0x00, 0x02,
    0x09, 0x01, 0x01, 0x00, 0x00, 0x06, 0x3f, 0x00, 0x00, 0x00, 0x00, 0x00, 0x00, 0x00, 0x00, 0x00,
    0x00, 0x00, 0x00, 0x00, 0x00, 0x01, 0x00, 0x10, 0x0c, 0x04, 0x01, 0x02, 0x00, 0x02, 0x03, 0x00,
    0x00, 0x00, 0x00, 0x00, 0x00, 0x00, 0x00, 0x00, 0x50, 0x07, 0x00, 0x00, 0xab, 0x00, 0x00, 0x08,
    0x0b, 0x04, 0x04, 0x02, 0x01, 0x02, 0x03, 0x00, 0x00, 0x00, 0x00, 0x00, 0x00, 0x00, 0x00, 0x00,
    0x00, 0x00, 0x00, 0x00, 0x00, 0x01, 0x00, 0x08, 0x0b, 0x04, 0x04, 0x02, 0x01, 0x02, 0x03, 0x00,
    0x00, 0x00, 0x00, 0x00, 0x00, 0x00, 0x00, 0x00, 0x00, 0x00, 0x00, 0x00, 0x10, 0x00, 0x40, 0x00,
    0x06, 0x01, 0x01, 0x00, 0x00, 0x04, 0x0f, 0x00, 0x00, 0x00, 0x00, 0x00, 0x00, 0x00, 0x00, 0x00,
    0x00, 0x00, 0x00, 0x00, 0x00, 0x01, 0x00, 0x10, 0x0c, 0x02, 0x01, 0x01, 0x00, 0x04, 0x0f, 0x00,
    0x00, 0x00, 0x00, 0x00, 0x00, 0x00, 0x00, 0x00, 0x68, 0x04, 0x00, 0x00, 0x20, 0x00, 0x00, 0x04,
    0x0a, 0x01, 0x01, 0x00, 0x00, 0x05, 0x1f, 0x00, 0x00, 0x00, 0x00, 0x00, 0x00, 0x00, 0x00, 0x00,
    0x00, 0x00, 0x00, 0x00, 0x40, 0x00, 0x00, 0x08, 0x0b, 0x01, 0x01, 0x00, 0x00, 0x06, 0x3f, 0x00,
];

pub const G_A_SPEC_WL1_H: [u8; 16] = [
    0x00, 0x00, 0x01, 0x00, 0x06, 0x00, 0x03, 0x00, 0x02, 0x00, 0x02, 0x00, 0x07, 0x00, 0x03, 0x00,
];

pub const G_A_SPEC_WL2_B: [u8; 684] = [
    0x00, 0x00, 0x05, 0x00, 0x01, 0x00, 0x05, 0x00, 0x56, 0x00, 0x07, 0x00, 0x00, 0x00, 0x00, 0x00,
    0x02, 0x00, 0x05, 0x00, 0x03, 0x00, 0x05, 0x00, 0x20, 0x00, 0x06, 0x00, 0x00, 0x00, 0x00, 0x00,
    0xec, 0x00, 0x08, 0x00, 0x57, 0x00, 0x07, 0x00, 0xed, 0x00, 0x08, 0x00, 0x00, 0x00, 0x00, 0x00,
    0x00, 0x00, 0x00, 0x00, 0x00, 0x00, 0x00, 0x00, 0x00, 0x00, 0x00, 0x00, 0x00, 0x00, 0x00, 0x00,
    0x04, 0x00, 0x05, 0x00, 0x05, 0x00, 0x05, 0x00, 0x58, 0x00, 0x07, 0x00, 0x00, 0x00, 0x00, 0x00,
    0x06, 0x00, 0x05, 0x00, 0x07, 0x00, 0x05, 0x00, 0x21, 0x00, 0x06, 0x00, 0x00, 0x00, 0x00, 0x00,
    0x59, 0x00, 0x07, 0x00, 0x5a, 0x00, 0x07, 0x00, 0x5b, 0x00, 0x07, 0x00, 0x00, 0x00, 0x00, 0x00,
    0x00, 0x00, 0x00, 0x00, 0x00, 0x00, 0x00, 0x00, 0x00, 0x00, 0x00, 0x00, 0x00, 0x00, 0x00, 0x00,
    0x5c, 0x00, 0x07, 0x00, 0x5d, 0x00, 0x07, 0x00, 0xee, 0x00, 0x08, 0x00, 0x00, 0x00, 0x00, 0x00,
    0x5e, 0x00, 0x07, 0x00, 0x22, 0x00, 0x06, 0x00, 0xef, 0x00, 0x08, 0x00, 0x00, 0x00, 0x00, 0x00,
    0xf0, 0x00, 0x08, 0x00, 0x5f, 0x00, 0x07, 0x00, 0xf1, 0x00, 0x08, 0x00, 0x00, 0x00, 0x00, 0x00,
    0x00, 0x00, 0x00, 0x00, 0x00, 0x00, 0x00, 0x00, 0x00, 0x00, 0x00, 0x00, 0x00, 0x00, 0x00, 0x00,
    0x00, 0x00, 0x00, 0x00, 0x00, 0x00, 0x00, 0x00, 0x00, 0x00, 0x00, 0x00, 0x00, 0x00, 0x00, 0x00,
    0x00, 0x00, 0x00, 0x00, 0x00, 0x00, 0x00, 0x00, 0x00, 0x00, 0x00, 0x00, 0x00, 0x00, 0x00, 0x00,
    0x00, 0x00, 0x00, 0x00, 0x00, 0x00, 0x00, 0x00, 0x00, 0x00, 0x00, 0x00, 0x00, 0x00, 0x00, 0x00,
    0x00, 0x00, 0x00, 0x00, 0x00, 0x00, 0x00, 0x00, 0x00, 0x00, 0x00, 0x00, 0x00, 0x00, 0x00, 0x00,
    0x08, 0x00, 0x05, 0x00, 0x09, 0x00, 0x05, 0x00, 0x60, 0x00, 0x07, 0x00, 0x00, 0x00, 0x00, 0x00,
    0x0a, 0x00, 0x05, 0x00, 0x0b, 0x00, 0x05, 0x00, 0x23, 0x00, 0x06, 0x00, 0x00, 0x00, 0x00, 0x00,
    0x61, 0x00, 0x07, 0x00, 0x62, 0x00, 0x07, 0x00, 0x63, 0x00, 0x07, 0x00, 0x00, 0x00, 0x00, 0x00,
    0x00, 0x00, 0x00, 0x00, 0x00, 0x00, 0x00, 0x00, 0x00, 0x00, 0x00, 0x00, 0x00, 0x00, 0x00, 0x00,
    0x0c, 0x00, 0x05, 0x00, 0x0d, 0x00, 0x05, 0x00, 0x64, 0x00, 0x07, 0x00, 0x00, 0x00, 0x00, 0x00,
    0x0e, 0x00, 0x05, 0x00, 0x0f, 0x00, 0x05, 0x00, 0x24, 0x00, 0x06, 0x00, 0x00, 0x00, 0x00, 0x00,
    0x65, 0x00, 0x07, 0x00, 0x66, 0x00, 0x07, 0x00, 0x67, 0x00, 0x07, 0x00, 0x00, 0x00, 0x00, 0x00,
    0x00, 0x00, 0x00, 0x00, 0x00, 0x00, 0x00, 0x00, 0x00, 0x00, 0x00, 0x00, 0x00, 0x00, 0x00, 0x00,
    0x68, 0x00, 0x07, 0x00, 0x69, 0x00, 0x07, 0x00, 0xf2, 0x00, 0x08, 0x00, 0x00, 0x00, 0x00, 0x00,
    0x25, 0x00, 0x06, 0x00, 0x26, 0x00, 0x06, 0x00, 0x6a, 0x00, 0x07, 0x00, 0x00, 0x00, 0x00, 0x00,
    0xf3, 0x00, 0x08, 0x00, 0x6b, 0x00, 0x07, 0x00, 0x6c, 0x00, 0x07, 0x00, 0x00, 0x00, 0x00, 0x00,
    0x00, 0x00, 0x00, 0x00, 0x00, 0x00, 0x00, 0x00, 0x00, 0x00, 0x00, 0x00, 0x00, 0x00, 0x00, 0x00,
    0x00, 0x00, 0x00, 0x00, 0x00, 0x00, 0x00, 0x00, 0x00, 0x00, 0x00, 0x00, 0x00, 0x00, 0x00, 0x00,
    0x00, 0x00, 0x00, 0x00, 0x00, 0x00, 0x00, 0x00, 0x00, 0x00, 0x00, 0x00, 0x00, 0x00, 0x00, 0x00,
    0x00, 0x00, 0x00, 0x00, 0x00, 0x00, 0x00, 0x00, 0x00, 0x00, 0x00, 0x00, 0x00, 0x00, 0x00, 0x00,
    0x00, 0x00, 0x00, 0x00, 0x00, 0x00, 0x00, 0x00, 0x00, 0x00, 0x00, 0x00, 0x00, 0x00, 0x00, 0x00,
    0x6d, 0x00, 0x07, 0x00, 0x6e, 0x00, 0x07, 0x00, 0xf4, 0x00, 0x08, 0x00, 0x00, 0x00, 0x00, 0x00,
    0x6f, 0x00, 0x07, 0x00, 0x70, 0x00, 0x07, 0x00, 0xf5, 0x00, 0x08, 0x00, 0x00, 0x00, 0x00, 0x00,
    0xf6, 0x00, 0x08, 0x00, 0xf7, 0x00, 0x08, 0x00, 0xfe, 0x01, 0x09, 0x00, 0x00, 0x00, 0x00, 0x00,
    0x00, 0x00, 0x00, 0x00, 0x00, 0x00, 0x00, 0x00, 0x00, 0x00, 0x00, 0x00, 0x00, 0x00, 0x00, 0x00,
    0x27, 0x00, 0x06, 0x00, 0x28, 0x00, 0x06, 0x00, 0xf8, 0x00, 0x08, 0x00, 0x00, 0x00, 0x00, 0x00,
    0x29, 0x00, 0x06, 0x00, 0x2a, 0x00, 0x06, 0x00, 0x71, 0x00, 0x07, 0x00, 0x00, 0x00, 0x00, 0x00,
    0x72, 0x00, 0x07, 0x00, 0x73, 0x00, 0x07, 0x00, 0xf9, 0x00, 0x08, 0x00, 0x00, 0x00, 0x00, 0x00,
    0x00, 0x00, 0x00, 0x00, 0x00, 0x00, 0x00, 0x00, 0x00, 0x00, 0x00, 0x00, 0x00, 0x00, 0x00, 0x00,
    0xfa, 0x00, 0x08, 0x00, 0xfb, 0x00, 0x08, 0x00, 0xfe, 0x03, 0x0a, 0x00, 0x00, 0x00, 0x00, 0x00,
    0x74, 0x00, 0x07, 0x00, 0x75, 0x00, 0x07, 0x00, 0xfc, 0x00, 0x08, 0x00, 0x00, 0x00, 0x00, 0x00,
    0xff, 0x03, 0x0a, 0x00, 0xfd, 0x00, 0x08, 0x00, 0xfe, 0x00, 0x08, 0x00,
];

pub const G_A_SPEC_WL2_C: [u8; 256] = [
    0x00, 0x00, 0x02, 0x00, 0x02, 0x00, 0x03, 0x00, 0x38, 0x00, 0x06, 0x00, 0x00, 0x00, 0x00, 0x00,
    0x00, 0x00, 0x00, 0x00, 0x00, 0x00, 0x00, 0x00, 0x76, 0x00, 0x07, 0x00, 0x03, 0x00, 0x03, 0x00,
    0x04, 0x00, 0x03, 0x00, 0x18, 0x00, 0x05, 0x00, 0x77, 0x00, 0x07, 0x00, 0x00, 0x00, 0x00, 0x00,
    0x00, 0x00, 0x00, 0x00, 0x00, 0x00, 0x00, 0x00, 0x78, 0x00, 0x07, 0x00, 0x19, 0x00, 0x05, 0x00,
    0x39, 0x00, 0x06, 0x00, 0x79, 0x00, 0x07, 0x00, 0xfe, 0x01, 0x09, 0x00, 0x00, 0x00, 0x00, 0x00,
    0x00, 0x00, 0x00, 0x00, 0x00, 0x00, 0x00, 0x00, 0xfc, 0x00, 0x08, 0x00, 0x7a, 0x00, 0x07, 0x00,
    0x00, 0x00, 0x00, 0x00, 0x00, 0x00, 0x00, 0x00, 0x00, 0x00, 0x00, 0x00, 0x00, 0x00, 0x00, 0x00,
    0x00, 0x00, 0x00, 0x00, 0x00, 0x00, 0x00, 0x00, 0x00, 0x00, 0x00, 0x00, 0x00, 0x00, 0x00, 0x00,
    0x00, 0x00, 0x00, 0x00, 0x00, 0x00, 0x00, 0x00, 0x00, 0x00, 0x00, 0x00, 0x00, 0x00, 0x00, 0x00,
    0x00, 0x00, 0x00, 0x00, 0x00, 0x00, 0x00, 0x00, 0x00, 0x00, 0x00, 0x00, 0x00, 0x00, 0x00, 0x00,
    0x00, 0x00, 0x00, 0x00, 0x00, 0x00, 0x00, 0x00, 0x00, 0x00, 0x00, 0x00, 0x00, 0x00, 0x00, 0x00,
    0x00, 0x00, 0x00, 0x00, 0x00, 0x00, 0x00, 0x00, 0x00, 0x00, 0x00, 0x00, 0x00, 0x00, 0x00, 0x00,
    0x3a, 0x00, 0x06, 0x00, 0x7b, 0x00, 0x07, 0x00, 0xfd, 0x00, 0x08, 0x00, 0x00, 0x00, 0x00, 0x00,
    0x00, 0x00, 0x00, 0x00, 0x00, 0x00, 0x00, 0x00, 0xff, 0x01, 0x09, 0x00, 0xfe, 0x00, 0x08, 0x00,
    0x05, 0x00, 0x03, 0x00, 0x1a, 0x00, 0x05, 0x00, 0x7c, 0x00, 0x07, 0x00, 0x00, 0x00, 0x00, 0x00,
    0x00, 0x00, 0x00, 0x00, 0x00, 0x00, 0x00, 0x00, 0x7d, 0x00, 0x07, 0x00, 0x1b, 0x00, 0x05, 0x00,
];

pub const G_A_SPEC_WL3_A: [u8; 256] = [
    0x00, 0x00, 0x03, 0x00, 0x02, 0x00, 0x04, 0x00, 0x28, 0x00, 0x06, 0x00, 0x6a, 0x00, 0x07, 0x00,
    0x00, 0x00, 0x00, 0x00, 0x6b, 0x00, 0x07, 0x00, 0x29, 0x00, 0x06, 0x00, 0x03, 0x00, 0x04, 0x00,
    0x04, 0x00, 0x04, 0x00, 0x05, 0x00, 0x04, 0x00, 0x2a, 0x00, 0x06, 0x00, 0x6c, 0x00, 0x07, 0x00,
    0x00, 0x00, 0x00, 0x00, 0x6d, 0x00, 0x07, 0x00, 0x2b, 0x00, 0x06, 0x00, 0x06, 0x00, 0x04, 0x00,
    0x2c, 0x00, 0x06, 0x00, 0x2d, 0x00, 0x06, 0x00, 0xf8, 0x00, 0x08, 0x00, 0xf9, 0x00, 0x08, 0x00,
    0x00, 0x00, 0x00, 0x00, 0x6e, 0x00, 0x07, 0x00, 0x6f, 0x00, 0x07, 0x00, 0x2e, 0x00, 0x06, 0x00,
    0x70, 0x00, 0x07, 0x00, 0x71, 0x00, 0x07, 0x00, 0xfa, 0x00, 0x08, 0x00, 0xfe, 0x01, 0x09, 0x00,
    0x00, 0x00, 0x00, 0x00, 0xfb, 0x00, 0x08, 0x00, 0x72, 0x00, 0x07, 0x00, 0x73, 0x00, 0x07, 0x00,
    0x00, 0x00, 0x00, 0x00, 0x00, 0x00, 0x00, 0x00, 0x00, 0x00, 0x00, 0x00, 0x00, 0x00, 0x00, 0x00,
    0x00, 0x00, 0x00, 0x00, 0x00, 0x00, 0x00, 0x00, 0x00, 0x00, 0x00, 0x00, 0x00, 0x00, 0x00, 0x00,
    0x2f, 0x00, 0x06, 0x00, 0x74, 0x00, 0x07, 0x00, 0x75, 0x00, 0x07, 0x00, 0xfc, 0x00, 0x08, 0x00,
    0x00, 0x00, 0x00, 0x00, 0xff, 0x01, 0x09, 0x00, 0xfd, 0x00, 0x08, 0x00, 0x76, 0x00, 0x07, 0x00,
    0x30, 0x00, 0x06, 0x00, 0x31, 0x00, 0x06, 0x00, 0x77, 0x00, 0x07, 0x00, 0x78, 0x00, 0x07, 0x00,
    0x00, 0x00, 0x00, 0x00, 0xfe, 0x00, 0x08, 0x00, 0x79, 0x00, 0x07, 0x00, 0x32, 0x00, 0x06, 0x00,
    0x07, 0x00, 0x04, 0x00, 0x08, 0x00, 0x04, 0x00, 0x33, 0x00, 0x06, 0x00, 0x7a, 0x00, 0x07, 0x00,
    0x00, 0x00, 0x00, 0x00, 0x7b, 0x00, 0x07, 0x00, 0x34, 0x00, 0x06, 0x00, 0x09, 0x00, 0x04, 0x00,
];

pub const G_A_SPEC_WL4_A: [u8; 24] = [
    0x04, 0x00, 0x03, 0x00, 0x00, 0x00, 0x02, 0x00, 0x01, 0x00, 0x02, 0x00, 0x05, 0x00, 0x03, 0x00,
    0x06, 0x00, 0x03, 0x00, 0x07, 0x00, 0x03, 0x00,
];

pub const G_A_SPEC_WL4_D: [u8; 24] = [
    0x02, 0x00, 0x02, 0x00, 0x00, 0x00, 0x01, 0x00, 0x06, 0x00, 0x03, 0x00, 0x0e, 0x00, 0x04, 0x00,
    0x1e, 0x00, 0x05, 0x00, 0x1f, 0x00, 0x05, 0x00,
];

pub const G_A_SPEC_WL4_E: [u8; 1024] = [
    0x00, 0x00, 0x04, 0x00, 0x01, 0x00, 0x04, 0x00, 0x1c, 0x00, 0x06, 0x00, 0x50, 0x00, 0x07, 0x00,
    0xc2, 0x00, 0x08, 0x00, 0x51, 0x00, 0x07, 0x00, 0x00, 0x00, 0x00, 0x00, 0x00, 0x00, 0x00, 0x00,
    0x00, 0x00, 0x00, 0x00, 0x00, 0x00, 0x00, 0x00, 0x00, 0x00, 0x00, 0x00, 0xc3, 0x00, 0x08, 0x00,
    0xc4, 0x00, 0x08, 0x00, 0x52, 0x00, 0x07, 0x00, 0x1d, 0x00, 0x06, 0x00, 0x02, 0x00, 0x04, 0x00,
    0x03, 0x00, 0x04, 0x00, 0x0a, 0x00, 0x05, 0x00, 0x1e, 0x00, 0x06, 0x00, 0xc5, 0x00, 0x08, 0x00,
    0xc6, 0x00, 0x08, 0x00, 0xc7, 0x00, 0x08, 0x00, 0x00, 0x00, 0x00, 0x00, 0x00, 0x00, 0x00, 0x00,
    0x00, 0x00, 0x00, 0x00, 0x00, 0x00, 0x00, 0x00, 0x00, 0x00, 0x00, 0x00, 0xc8, 0x00, 0x08, 0x00,
    0xc9, 0x00, 0x08, 0x00, 0x53, 0x00, 0x07, 0x00, 0x1f, 0x00, 0x06, 0x00, 0x0b, 0x00, 0x05, 0x00,
    0x20, 0x00, 0x06, 0x00, 0x21, 0x00, 0x06, 0x00, 0x54, 0x00, 0x07, 0x00, 0xca, 0x00, 0x08, 0x00,
    0xe2, 0x01, 0x09, 0x00, 0xe3, 0x01, 0x09, 0x00, 0x00, 0x00, 0x00, 0x00, 0x00, 0x00, 0x00, 0x00,
    0x00, 0x00, 0x00, 0x00, 0x00, 0x00, 0x00, 0x00, 0x00, 0x00, 0x00, 0x00, 0xcb, 0x00, 0x08, 0x00,
    0xcc, 0x00, 0x08, 0x00, 0xcd, 0x00, 0x08, 0x00, 0x55, 0x00, 0x07, 0x00, 0x22, 0x00, 0x06, 0x00,
    0x56, 0x00, 0x07, 0x00, 0x57, 0x00, 0x07, 0x00, 0xce, 0x00, 0x08, 0x00, 0xe4, 0x01, 0x09, 0x00,
    0xf4, 0x03, 0x0a, 0x00, 0xe5, 0x01, 0x09, 0x00, 0x00, 0x00, 0x00, 0x00, 0x00, 0x00, 0x00, 0x00,
    0x00, 0x00, 0x00, 0x00, 0x00, 0x00, 0x00, 0x00, 0x00, 0x00, 0x00, 0x00, 0xcf, 0x00, 0x08, 0x00,
    0xe6, 0x01, 0x09, 0x00, 0xd0, 0x00, 0x08, 0x00, 0xd1, 0x00, 0x08, 0x00, 0x58, 0x00, 0x07, 0x00,
    0xd2, 0x00, 0x08, 0x00, 0xd3, 0x00, 0x08, 0x00, 0xe7, 0x01, 0x09, 0x00, 0xf5, 0x03, 0x0a, 0x00,
    0xf6, 0x03, 0x0a, 0x00, 0xf7, 0x03, 0x0a, 0x00, 0x00, 0x00, 0x00, 0x00, 0x00, 0x00, 0x00, 0x00,
    0x00, 0x00, 0x00, 0x00, 0x00, 0x00, 0x00, 0x00, 0x00, 0x00, 0x00, 0x00, 0xe8, 0x01, 0x09, 0x00,
    0xf8, 0x03, 0x0a, 0x00, 0xe9, 0x01, 0x09, 0x00, 0xd4, 0x00, 0x08, 0x00, 0xd5, 0x00, 0x08, 0x00,
    0xd6, 0x00, 0x08, 0x00, 0xd7, 0x00, 0x08, 0x00, 0xea, 0x01, 0x09, 0x00, 0xeb, 0x01, 0x09, 0x00,
    0xf9, 0x03, 0x0a, 0x00, 0xfa, 0x03, 0x0a, 0x00, 0x00, 0x00, 0x00, 0x00, 0x00, 0x00, 0x00, 0x00,
    0x00, 0x00, 0x00, 0x00, 0x00, 0x00, 0x00, 0x00, 0x00, 0x00, 0x00, 0x00, 0xfb, 0x03, 0x0a, 0x00,
    0xec, 0x01, 0x09, 0x00, 0xd8, 0x00, 0x08, 0x00, 0xd9, 0x00, 0x08, 0x00, 0xda, 0x00, 0x08, 0x00,
    0x00, 0x00, 0x00, 0x00, 0x00, 0x00, 0x00, 0x00, 0x00, 0x00, 0x00, 0x00, 0x00, 0x00, 0x00, 0x00,
    0x00, 0x00, 0x00, 0x00, 0x00, 0x00, 0x00, 0x00, 0x00, 0x00, 0x00, 0x00, 0x00, 0x00, 0x00, 0x00,
    0x00, 0x00, 0x00, 0x00, 0x00, 0x00, 0x00, 0x00, 0x00, 0x00, 0x00, 0x00, 0x00, 0x00, 0x00, 0x00,
    0x00, 0x00, 0x00, 0x00, 0x00, 0x00, 0x00, 0x00, 0x00, 0x00, 0x00, 0x00, 0x00, 0x00, 0x00, 0x00,
    0x00, 0x00, 0x00, 0x00, 0x00, 0x00, 0x00, 0x00, 0x00, 0x00, 0x00, 0x00, 0x00, 0x00, 0x00, 0x00,
    0x00, 0x00, 0x00, 0x00, 0x00, 0x00, 0x00, 0x00, 0x00, 0x00, 0x00, 0x00, 0x00, 0x00, 0x00, 0x00,
    0x00, 0x00, 0x00, 0x00, 0x00, 0x00, 0x00, 0x00, 0x00, 0x00, 0x00, 0x00, 0x00, 0x00, 0x00, 0x00,
    0x00, 0x00, 0x00, 0x00, 0x00, 0x00, 0x00, 0x00, 0x00, 0x00, 0x00, 0x00, 0x00, 0x00, 0x00, 0x00,
    0x00, 0x00, 0x00, 0x00, 0x00, 0x00, 0x00, 0x00, 0x00, 0x00, 0x00, 0x00, 0x00, 0x00, 0x00, 0x00,
    0x00, 0x00, 0x00, 0x00, 0x00, 0x00, 0x00, 0x00, 0x00, 0x00, 0x00, 0x00, 0x00, 0x00, 0x00, 0x00,
    0x00, 0x00, 0x00, 0x00, 0x00, 0x00, 0x00, 0x00, 0x00, 0x00, 0x00, 0x00, 0x00, 0x00, 0x00, 0x00,
    0x00, 0x00, 0x00, 0x00, 0x00, 0x00, 0x00, 0x00, 0x00, 0x00, 0x00, 0x00, 0x00, 0x00, 0x00, 0x00,
    0x00, 0x00, 0x00, 0x00, 0x00, 0x00, 0x00, 0x00, 0x00, 0x00, 0x00, 0x00, 0x00, 0x00, 0x00, 0x00,
    0x00, 0x00, 0x00, 0x00, 0x00, 0x00, 0x00, 0x00, 0x00, 0x00, 0x00, 0x00, 0x00, 0x00, 0x00, 0x00,
    0x00, 0x00, 0x00, 0x00, 0x00, 0x00, 0x00, 0x00, 0x00, 0x00, 0x00, 0x00, 0x00, 0x00, 0x00, 0x00,
    0x00, 0x00, 0x00, 0x00, 0x00, 0x00, 0x00, 0x00, 0x00, 0x00, 0x00, 0x00, 0x00, 0x00, 0x00, 0x00,
    0x00, 0x00, 0x00, 0x00, 0x00, 0x00, 0x00, 0x00, 0x00, 0x00, 0x00, 0x00, 0x00, 0x00, 0x00, 0x00,
    0x00, 0x00, 0x00, 0x00, 0x00, 0x00, 0x00, 0x00, 0x00, 0x00, 0x00, 0x00, 0x00, 0x00, 0x00, 0x00,
    0x00, 0x00, 0x00, 0x00, 0x00, 0x00, 0x00, 0x00, 0x00, 0x00, 0x00, 0x00, 0x00, 0x00, 0x00, 0x00,
    0x00, 0x00, 0x00, 0x00, 0x00, 0x00, 0x00, 0x00, 0x00, 0x00, 0x00, 0x00, 0x00, 0x00, 0x00, 0x00,
    0xdb, 0x00, 0x08, 0x00, 0xdc, 0x00, 0x08, 0x00, 0xdd, 0x00, 0x08, 0x00, 0xde, 0x00, 0x08, 0x00,
    0xed, 0x01, 0x09, 0x00, 0xfc, 0x03, 0x0a, 0x00, 0x00, 0x00, 0x00, 0x00, 0x00, 0x00, 0x00, 0x00,
    0x00, 0x00, 0x00, 0x00, 0x00, 0x00, 0x00, 0x00, 0x00, 0x00, 0x00, 0x00, 0xfd, 0x03, 0x0a, 0x00,
    0xee, 0x01, 0x09, 0x00, 0xef, 0x01, 0x09, 0x00, 0xdf, 0x00, 0x08, 0x00, 0xe0, 0x00, 0x08, 0x00,
    0xe1, 0x00, 0x08, 0x00, 0xe2, 0x00, 0x08, 0x00, 0xe3, 0x00, 0x08, 0x00, 0xf0, 0x01, 0x09, 0x00,
    0xf1, 0x01, 0x09, 0x00, 0xf2, 0x01, 0x09, 0x00, 0x00, 0x00, 0x00, 0x00, 0x00, 0x00, 0x00, 0x00,
    0x00, 0x00, 0x00, 0x00, 0x00, 0x00, 0x00, 0x00, 0x00, 0x00, 0x00, 0x00, 0xfe, 0x03, 0x0a, 0x00,
    0xff, 0x03, 0x0a, 0x00, 0xf3, 0x01, 0x09, 0x00, 0xf4, 0x01, 0x09, 0x00, 0xe4, 0x00, 0x08, 0x00,
    0x59, 0x00, 0x07, 0x00, 0x5a, 0x00, 0x07, 0x00, 0x5b, 0x00, 0x07, 0x00, 0xe5, 0x00, 0x08, 0x00,
    0xf5, 0x01, 0x09, 0x00, 0xe6, 0x00, 0x08, 0x00, 0x00, 0x00, 0x00, 0x00, 0x00, 0x00, 0x00, 0x00,
    0x00, 0x00, 0x00, 0x00, 0x00, 0x00, 0x00, 0x00, 0x00, 0x00, 0x00, 0x00, 0xf6, 0x01, 0x09, 0x00,
    0xf7, 0x01, 0x09, 0x00, 0xf8, 0x01, 0x09, 0x00, 0xe7, 0x00, 0x08, 0x00, 0x5c, 0x00, 0x07, 0x00,
    0x23, 0x00, 0x06, 0x00, 0x24, 0x00, 0x06, 0x00, 0x5d, 0x00, 0x07, 0x00, 0xe8, 0x00, 0x08, 0x00,
    0xe9, 0x00, 0x08, 0x00, 0xea, 0x00, 0x08, 0x00, 0x00, 0x00, 0x00, 0x00, 0x00, 0x00, 0x00, 0x00,
    0x00, 0x00, 0x00, 0x00, 0x00, 0x00, 0x00, 0x00, 0x00, 0x00, 0x00, 0x00, 0xeb, 0x00, 0x08, 0x00,
    0xf9, 0x01, 0x09, 0x00, 0xec, 0x00, 0x08, 0x00, 0x5e, 0x00, 0x07, 0x00, 0x25, 0x00, 0x06, 0x00,
    0x04, 0x00, 0x04, 0x00, 0x0c, 0x00, 0x05, 0x00, 0x26, 0x00, 0x06, 0x00, 0x5f, 0x00, 0x07, 0x00,
    0xed, 0x00, 0x08, 0x00, 0xee, 0x00, 0x08, 0x00, 0x00, 0x00, 0x00, 0x00, 0x00, 0x00, 0x00, 0x00,
    0x00, 0x00, 0x00, 0x00, 0x00, 0x00, 0x00, 0x00, 0x00, 0x00, 0x00, 0x00, 0xef, 0x00, 0x08, 0x00,
    0xf0, 0x00, 0x08, 0x00, 0x60, 0x00, 0x07, 0x00, 0x27, 0x00, 0x06, 0x00, 0x0d, 0x00, 0x05, 0x00,
];

pub const G_A_SPEC_WL4_F: [u8; 1024] = [
    0x00, 0x00, 0x04, 0x00, 0x08, 0x00, 0x05, 0x00, 0x1e, 0x00, 0x06, 0x00, 0x54, 0x00, 0x07, 0x00,
    0x55, 0x00, 0x07, 0x00, 0xc6, 0x01, 0x09, 0x00, 0x00, 0x00, 0x00, 0x00, 0x00, 0x00, 0x00, 0x00,
    0x00, 0x00, 0x00, 0x00, 0x00, 0x00, 0x00, 0x00, 0x00, 0x00, 0x00, 0x00, 0xc7, 0x01, 0x09, 0x00,
    0xce, 0x00, 0x08, 0x00, 0x56, 0x00, 0x07, 0x00, 0x09, 0x00, 0x05, 0x00, 0x0a, 0x00, 0x05, 0x00,
    0x01, 0x00, 0x04, 0x00, 0x0b, 0x00, 0x05, 0x00, 0x1f, 0x00, 0x06, 0x00, 0xc8, 0x01, 0x09, 0x00,
    0xc9, 0x01, 0x09, 0x00, 0xca, 0x01, 0x09, 0x00, 0x00, 0x00, 0x00, 0x00, 0x00, 0x00, 0x00, 0x00,
    0x00, 0x00, 0x00, 0x00, 0x00, 0x00, 0x00, 0x00, 0x00, 0x00, 0x00, 0x00, 0xcb, 0x01, 0x09, 0x00,
    0x57, 0x00, 0x07, 0x00, 0x58, 0x00, 0x07, 0x00, 0x20, 0x00, 0x06, 0x00, 0x0c, 0x00, 0x05, 0x00,
    0x21, 0x00, 0x06, 0x00, 0x22, 0x00, 0x06, 0x00, 0x59, 0x00, 0x07, 0x00, 0xcc, 0x01, 0x09, 0x00,
    0xcd, 0x01, 0x09, 0x00, 0xcf, 0x00, 0x08, 0x00, 0x00, 0x00, 0x00, 0x00, 0x00, 0x00, 0x00, 0x00,
    0x00, 0x00, 0x00, 0x00, 0x00, 0x00, 0x00, 0x00, 0x00, 0x00, 0x00, 0x00, 0xd0, 0x00, 0x08, 0x00,
    0x5a, 0x00, 0x07, 0x00, 0xd1, 0x00, 0x08, 0x00, 0xce, 0x01, 0x09, 0x00, 0x23, 0x00, 0x06, 0x00,
    0x24, 0x00, 0x06, 0x00, 0xcf, 0x01, 0x09, 0x00, 0xd0, 0x01, 0x09, 0x00, 0x5b, 0x00, 0x07, 0x00,
    0xd2, 0x00, 0x08, 0x00, 0xd1, 0x01, 0x09, 0x00, 0x00, 0x00, 0x00, 0x00, 0x00, 0x00, 0x00, 0x00,
    0x00, 0x00, 0x00, 0x00, 0x00, 0x00, 0x00, 0x00, 0x00, 0x00, 0x00, 0x00, 0xd2, 0x01, 0x09, 0x00,
    0xd3, 0x00, 0x08, 0x00, 0xd4, 0x00, 0x08, 0x00, 0x5c, 0x00, 0x07, 0x00, 0x25, 0x00, 0x06, 0x00,
    0xd3, 0x01, 0x09, 0x00, 0xd4, 0x01, 0x09, 0x00, 0xd5, 0x00, 0x08, 0x00, 0xd5, 0x01, 0x09, 0x00,
    0xd6, 0x01, 0x09, 0x00, 0xd7, 0x01, 0x09, 0x00, 0x00, 0x00, 0x00, 0x00, 0x00, 0x00, 0x00, 0x00,
    0x00, 0x00, 0x00, 0x00, 0x00, 0x00, 0x00, 0x00, 0x00, 0x00, 0x00, 0x00, 0xd8, 0x01, 0x09, 0x00,
    0xd9, 0x01, 0x09, 0x00, 0xda, 0x01, 0x09, 0x00, 0xdb, 0x01, 0x09, 0x00, 0xdc, 0x01, 0x09, 0x00,
    0xdd, 0x01, 0x09, 0x00, 0xde, 0x01, 0x09, 0x00, 0xdf, 0x01, 0x09, 0x00, 0xe0, 0x01, 0x09, 0x00,
    0xd6, 0x00, 0x08, 0x00, 0xe1, 0x01, 0x09, 0x00, 0x00, 0x00, 0x00, 0x00, 0x00, 0x00, 0x00, 0x00,
    0x00, 0x00, 0x00, 0x00, 0x00, 0x00, 0x00, 0x00, 0x00, 0x00, 0x00, 0x00, 0xe2, 0x01, 0x09, 0x00,
    0xe3, 0x01, 0x09, 0x00, 0xe4, 0x01, 0x09, 0x00, 0xe5, 0x01, 0x09, 0x00, 0xd7, 0x00, 0x08, 0x00,
    0x00, 0x00, 0x00, 0x00, 0x00, 0x00, 0x00, 0x00, 0x00, 0x00, 0x00, 0x00, 0x00, 0x00, 0x00, 0x00,
    0x00, 0x00, 0x00, 0x00, 0x00, 0x00, 0x00, 0x00, 0x00, 0x00, 0x00, 0x00, 0x00, 0x00, 0x00, 0x00,
    0x00, 0x00, 0x00, 0x00, 0x00, 0x00, 0x00, 0x00, 0x00, 0x00, 0x00, 0x00, 0x00, 0x00, 0x00, 0x00,
    0x00, 0x00, 0x00, 0x00, 0x00, 0x00, 0x00, 0x00, 0x00, 0x00, 0x00, 0x00, 0x00, 0x00, 0x00, 0x00,
    0x00, 0x00, 0x00, 0x00, 0x00, 0x00, 0x00, 0x00, 0x00, 0x00, 0x00, 0x00, 0x00, 0x00, 0x00, 0x00,
    0x00, 0x00, 0x00, 0x00, 0x00, 0x00, 0x00, 0x00, 0x00, 0x00, 0x00, 0x00, 0x00, 0x00, 0x00, 0x00,
    0x00, 0x00, 0x00, 0x00, 0x00, 0x00, 0x00, 0x00, 0x00, 0x00, 0x00, 0x00, 0x00, 0x00, 0x00, 0x00,
    0x00, 0x00, 0x00, 0x00, 0x00, 0x00, 0x00, 0x00, 0x00, 0x00, 0x00, 0x00, 0x00, 0x00, 0x00, 0x00,
    0x00, 0x00, 0x00, 0x00, 0x00, 0x00, 0x00, 0x00, 0x00, 0x00, 0x00, 0x00, 0x00, 0x00, 0x00, 0x00,
    0x00, 0x00, 0x00, 0x00, 0x00, 0x00, 0x00, 0x00, 0x00, 0x00, 0x00, 0x00, 0x00, 0x00, 0x00, 0x00,
    0x00, 0x00, 0x00, 0x00, 0x00, 0x00, 0x00, 0x00, 0x00, 0x00, 0x00, 0x00, 0x00, 0x00, 0x00, 0x00,
    0x00, 0x00, 0x00, 0x00, 0x00, 0x00, 0x00, 0x00, 0x00, 0x00, 0x00, 0x00, 0x00, 0x00, 0x00, 0x00,
    0x00, 0x00, 0x00, 0x00, 0x00, 0x00, 0x00, 0x00, 0x00, 0x00, 0x00, 0x00, 0x00, 0x00, 0x00, 0x00,
    0x00, 0x00, 0x00, 0x00, 0x00, 0x00, 0x00, 0x00, 0x00, 0x00, 0x00, 0x00, 0x00, 0x00, 0x00, 0x00,
    0x00, 0x00, 0x00, 0x00, 0x00, 0x00, 0x00, 0x00, 0x00, 0x00, 0x00, 0x00, 0x00, 0x00, 0x00, 0x00,
    0x00, 0x00, 0x00, 0x00, 0x00, 0x00, 0x00, 0x00, 0x00, 0x00, 0x00, 0x00, 0x00, 0x00, 0x00, 0x00,
    0x00, 0x00, 0x00, 0x00, 0x00, 0x00, 0x00, 0x00, 0x00, 0x00, 0x00, 0x00, 0x00, 0x00, 0x00, 0x00,
    0x00, 0x00, 0x00, 0x00, 0x00, 0x00, 0x00, 0x00, 0x00, 0x00, 0x00, 0x00, 0x00, 0x00, 0x00, 0x00,
    0x00, 0x00, 0x00, 0x00, 0x00, 0x00, 0x00, 0x00, 0x00, 0x00, 0x00, 0x00, 0x00, 0x00, 0x00, 0x00,
    0x00, 0x00, 0x00, 0x00, 0x00, 0x00, 0x00, 0x00, 0x00, 0x00, 0x00, 0x00, 0x00, 0x00, 0x00, 0x00,
    0xe6, 0x01, 0x09, 0x00, 0xe7, 0x01, 0x09, 0x00, 0xe8, 0x01, 0x09, 0x00, 0xe9, 0x01, 0x09, 0x00,
    0xd8, 0x00, 0x08, 0x00, 0xd9, 0x00, 0x08, 0x00, 0x00, 0x00, 0x00, 0x00, 0x00, 0x00, 0x00, 0x00,
    0x00, 0x00, 0x00, 0x00, 0x00, 0x00, 0x00, 0x00, 0x00, 0x00, 0x00, 0x00, 0xea, 0x01, 0x09, 0x00,
    0xeb, 0x01, 0x09, 0x00, 0xec, 0x01, 0x09, 0x00, 0xed, 0x01, 0x09, 0x00, 0xda, 0x00, 0x08, 0x00,
    0x5d, 0x00, 0x07, 0x00, 0xdb, 0x00, 0x08, 0x00, 0xee, 0x01, 0x09, 0x00, 0xef, 0x01, 0x09, 0x00,
    0xf0, 0x01, 0x09, 0x00, 0xf1, 0x01, 0x09, 0x00, 0x00, 0x00, 0x00, 0x00, 0x00, 0x00, 0x00, 0x00,
    0x00, 0x00, 0x00, 0x00, 0x00, 0x00, 0x00, 0x00, 0x00, 0x00, 0x00, 0x00, 0xf2, 0x01, 0x09, 0x00,
    0x5e, 0x00, 0x07, 0x00, 0xf3, 0x01, 0x09, 0x00, 0xf4, 0x01, 0x09, 0x00, 0xf5, 0x01, 0x09, 0x00,
    0x5f, 0x00, 0x07, 0x00, 0x60, 0x00, 0x07, 0x00, 0x61, 0x00, 0x07, 0x00, 0xdc, 0x00, 0x08, 0x00,
    0xf6, 0x01, 0x09, 0x00, 0xf7, 0x01, 0x09, 0x00, 0x00, 0x00, 0x00, 0x00, 0x00, 0x00, 0x00, 0x00,
    0x00, 0x00, 0x00, 0x00, 0x00, 0x00, 0x00, 0x00, 0x00, 0x00, 0x00, 0x00, 0xdd, 0x00, 0x08, 0x00,
    0xf8, 0x01, 0x09, 0x00, 0xde, 0x00, 0x08, 0x00, 0xf9, 0x01, 0x09, 0x00, 0x62, 0x00, 0x07, 0x00,
    0x26, 0x00, 0x06, 0x00, 0x63, 0x00, 0x07, 0x00, 0x27, 0x00, 0x06, 0x00, 0x64, 0x00, 0x07, 0x00,
    0xfa, 0x01, 0x09, 0x00, 0x65, 0x00, 0x07, 0x00, 0x00, 0x00, 0x00, 0x00, 0x00, 0x00, 0x00, 0x00,
    0x00, 0x00, 0x00, 0x00, 0x00, 0x00, 0x00, 0x00, 0x00, 0x00, 0x00, 0x00, 0xfb, 0x01, 0x09, 0x00,
    0xfc, 0x01, 0x09, 0x00, 0xfd, 0x01, 0x09, 0x00, 0xdf, 0x00, 0x08, 0x00, 0x28, 0x00, 0x06, 0x00,
    0x02, 0x00, 0x04, 0x00, 0x03, 0x00, 0x04, 0x00, 0x0d, 0x00, 0x05, 0x00, 0x29, 0x00, 0x06, 0x00,
    0xfe, 0x01, 0x09, 0x00, 0xff, 0x01, 0x09, 0x00, 0x00, 0x00, 0x00, 0x00, 0x00, 0x00, 0x00, 0x00,
    0x00, 0x00, 0x00, 0x00, 0x00, 0x00, 0x00, 0x00, 0x00, 0x00, 0x00, 0x00, 0xe0, 0x00, 0x08, 0x00,
    0xe1, 0x00, 0x08, 0x00, 0xe2, 0x00, 0x08, 0x00, 0x66, 0x00, 0x07, 0x00, 0x0e, 0x00, 0x05, 0x00,
];

pub const G_A_SPEC_WL5_B: [u8; 1024] = [
    0x00, 0x00, 0x05, 0x00, 0x01, 0x00, 0x05, 0x00, 0x12, 0x00, 0x06, 0x00, 0x3c, 0x00, 0x07, 0x00,
    0x98, 0x00, 0x08, 0x00, 0x88, 0x01, 0x09, 0x00, 0x99, 0x00, 0x08, 0x00, 0x9a, 0x00, 0x08, 0x00,
    0x00, 0x00, 0x00, 0x00, 0x9b, 0x00, 0x08, 0x00, 0x9c, 0x00, 0x08, 0x00, 0x89, 0x01, 0x09, 0x00,
    0x9d, 0x00, 0x08, 0x00, 0x3d, 0x00, 0x07, 0x00, 0x13, 0x00, 0x06, 0x00, 0x02, 0x00, 0x05, 0x00,
    0x03, 0x00, 0x05, 0x00, 0x04, 0x00, 0x05, 0x00, 0x14, 0x00, 0x06, 0x00, 0x3e, 0x00, 0x07, 0x00,
    0x9e, 0x00, 0x08, 0x00, 0x8a, 0x01, 0x09, 0x00, 0x8b, 0x01, 0x09, 0x00, 0x8c, 0x01, 0x09, 0x00,
    0x00, 0x00, 0x00, 0x00, 0x8d, 0x01, 0x09, 0x00, 0x8e, 0x01, 0x09, 0x00, 0x8f, 0x01, 0x09, 0x00,
    0x9f, 0x00, 0x08, 0x00, 0x3f, 0x00, 0x07, 0x00, 0x15, 0x00, 0x06, 0x00, 0x05, 0x00, 0x05, 0x00,
    0x16, 0x00, 0x06, 0x00, 0x17, 0x00, 0x06, 0x00, 0x40, 0x00, 0x07, 0x00, 0xa0, 0x00, 0x08, 0x00,
    0xa1, 0x00, 0x08, 0x00, 0x90, 0x01, 0x09, 0x00, 0x91, 0x01, 0x09, 0x00, 0x92, 0x01, 0x09, 0x00,
    0x00, 0x00, 0x00, 0x00, 0x93, 0x01, 0x09, 0x00, 0x94, 0x01, 0x09, 0x00, 0x95, 0x01, 0x09, 0x00,
    0xa2, 0x00, 0x08, 0x00, 0xa3, 0x00, 0x08, 0x00, 0x41, 0x00, 0x07, 0x00, 0x18, 0x00, 0x06, 0x00,
    0x42, 0x00, 0x07, 0x00, 0x43, 0x00, 0x07, 0x00, 0xa4, 0x00, 0x08, 0x00, 0xa5, 0x00, 0x08, 0x00,
    0x96, 0x01, 0x09, 0x00, 0x97, 0x01, 0x09, 0x00, 0x98, 0x01, 0x09, 0x00, 0x99, 0x01, 0x09, 0x00,
    0x00, 0x00, 0x00, 0x00, 0x9a, 0x01, 0x09, 0x00, 0x9b, 0x01, 0x09, 0x00, 0xd4, 0x03, 0x0a, 0x00,
    0x9c, 0x01, 0x09, 0x00, 0xa6, 0x00, 0x08, 0x00, 0xa7, 0x00, 0x08, 0x00, 0x44, 0x00, 0x07, 0x00,
    0xa8, 0x00, 0x08, 0x00, 0xa9, 0x00, 0x08, 0x00, 0xaa, 0x00, 0x08, 0x00, 0x9d, 0x01, 0x09, 0x00,
    0x9e, 0x01, 0x09, 0x00, 0xd5, 0x03, 0x0a, 0x00, 0x9f, 0x01, 0x09, 0x00, 0xd6, 0x03, 0x0a, 0x00,
    0x00, 0x00, 0x00, 0x00, 0xd7, 0x03, 0x0a, 0x00, 0xa0, 0x01, 0x09, 0x00, 0xd8, 0x03, 0x0a, 0x00,
    0xa1, 0x01, 0x09, 0x00, 0xa2, 0x01, 0x09, 0x00, 0xab, 0x00, 0x08, 0x00, 0xac, 0x00, 0x08, 0x00,
    0xa3, 0x01, 0x09, 0x00, 0xa4, 0x01, 0x09, 0x00, 0xa5, 0x01, 0x09, 0x00, 0xa6, 0x01, 0x09, 0x00,
    0xd9, 0x03, 0x0a, 0x00, 0xda, 0x03, 0x0a, 0x00, 0xdb, 0x03, 0x0a, 0x00, 0xdc, 0x03, 0x0a, 0x00,
    0x00, 0x00, 0x00, 0x00, 0xdd, 0x03, 0x0a, 0x00, 0xde, 0x03, 0x0a, 0x00, 0xdf, 0x03, 0x0a, 0x00,
    0xe0, 0x03, 0x0a, 0x00, 0xa7, 0x01, 0x09, 0x00, 0xa8, 0x01, 0x09, 0x00, 0xa9, 0x01, 0x09, 0x00,
    0xad, 0x00, 0x08, 0x00, 0xae, 0x00, 0x08, 0x00, 0xaa, 0x01, 0x09, 0x00, 0xab, 0x01, 0x09, 0x00,
    0xac, 0x01, 0x09, 0x00, 0xe1, 0x03, 0x0a, 0x00, 0xe2, 0x03, 0x0a, 0x00, 0xe3, 0x03, 0x0a, 0x00,
    0x00, 0x00, 0x00, 0x00, 0xe4, 0x03, 0x0a, 0x00, 0xe5, 0x03, 0x0a, 0x00, 0xe6, 0x03, 0x0a, 0x00,
    0xad, 0x01, 0x09, 0x00, 0xae, 0x01, 0x09, 0x00, 0xaf, 0x01, 0x09, 0x00, 0xaf, 0x00, 0x08, 0x00,
    0xb0, 0x00, 0x08, 0x00, 0xb0, 0x01, 0x09, 0x00, 0xb1, 0x01, 0x09, 0x00, 0xb2, 0x01, 0x09, 0x00,
    0xe7, 0x03, 0x0a, 0x00, 0xe8, 0x03, 0x0a, 0x00, 0xe9, 0x03, 0x0a, 0x00, 0xfc, 0x07, 0x0b, 0x00,
    0x00, 0x00, 0x00, 0x00, 0xfd, 0x07, 0x0b, 0x00, 0xea, 0x03, 0x0a, 0x00, 0xeb, 0x03, 0x0a, 0x00,
    0xb3, 0x01, 0x09, 0x00, 0xb4, 0x01, 0x09, 0x00, 0xb5, 0x01, 0x09, 0x00, 0xb6, 0x01, 0x09, 0x00,
    0x00, 0x00, 0x00, 0x00, 0x00, 0x00, 0x00, 0x00, 0x00, 0x00, 0x00, 0x00, 0x00, 0x00, 0x00, 0x00,
    0x00, 0x00, 0x00, 0x00, 0x00, 0x00, 0x00, 0x00, 0x00, 0x00, 0x00, 0x00, 0x00, 0x00, 0x00, 0x00,
    0x00, 0x00, 0x00, 0x00, 0x00, 0x00, 0x00, 0x00, 0x00, 0x00, 0x00, 0x00, 0x00, 0x00, 0x00, 0x00,
    0x00, 0x00, 0x00, 0x00, 0x00, 0x00, 0x00, 0x00, 0x00, 0x00, 0x00, 0x00, 0x00, 0x00, 0x00, 0x00,
    0xb1, 0x00, 0x08, 0x00, 0xb7, 0x01, 0x09, 0x00, 0xb8, 0x01, 0x09, 0x00, 0xb9, 0x01, 0x09, 0x00,
    0xec, 0x03, 0x0a, 0x00, 0xed, 0x03, 0x0a, 0x00, 0xee, 0x03, 0x0a, 0x00, 0xfe, 0x07, 0x0b, 0x00,
    0x00, 0x00, 0x00, 0x00, 0xff, 0x07, 0x0b, 0x00, 0xef, 0x03, 0x0a, 0x00, 0xf0, 0x03, 0x0a, 0x00,
    0xba, 0x01, 0x09, 0x00, 0xbb, 0x01, 0x09, 0x00, 0xbc, 0x01, 0x09, 0x00, 0xbd, 0x01, 0x09, 0x00,
    0xb2, 0x00, 0x08, 0x00, 0xb3, 0x00, 0x08, 0x00, 0xbe, 0x01, 0x09, 0x00, 0xbf, 0x01, 0x09, 0x00,
    0xc0, 0x01, 0x09, 0x00, 0xc1, 0x01, 0x09, 0x00, 0xf1, 0x03, 0x0a, 0x00, 0xf2, 0x03, 0x0a, 0x00,
    0x00, 0x00, 0x00, 0x00, 0xf3, 0x03, 0x0a, 0x00, 0xf4, 0x03, 0x0a, 0x00, 0xf5, 0x03, 0x0a, 0x00,
    0xc2, 0x01, 0x09, 0x00, 0xc3, 0x01, 0x09, 0x00, 0xc4, 0x01, 0x09, 0x00, 0xb4, 0x00, 0x08, 0x00,
    0xc5, 0x01, 0x09, 0x00, 0xc6, 0x01, 0x09, 0x00, 0xc7, 0x01, 0x09, 0x00, 0xc8, 0x01, 0x09, 0x00,
    0xf6, 0x03, 0x0a, 0x00, 0xf7, 0x03, 0x0a, 0x00, 0xf8, 0x03, 0x0a, 0x00, 0xf9, 0x03, 0x0a, 0x00,
    0x00, 0x00, 0x00, 0x00, 0xfa, 0x03, 0x0a, 0x00, 0xfb, 0x03, 0x0a, 0x00, 0xfc, 0x03, 0x0a, 0x00,
    0xc9, 0x01, 0x09, 0x00, 0xca, 0x01, 0x09, 0x00, 0xcb, 0x01, 0x09, 0x00, 0xcc, 0x01, 0x09, 0x00,
    0xb5, 0x00, 0x08, 0x00, 0xb6, 0x00, 0x08, 0x00, 0xb7, 0x00, 0x08, 0x00, 0xcd, 0x01, 0x09, 0x00,
    0xce, 0x01, 0x09, 0x00, 0xfd, 0x03, 0x0a, 0x00, 0xcf, 0x01, 0x09, 0x00, 0xd0, 0x01, 0x09, 0x00,
    0x00, 0x00, 0x00, 0x00, 0xd1, 0x01, 0x09, 0x00, 0xd2, 0x01, 0x09, 0x00, 0xd3, 0x01, 0x09, 0x00,
    0xd4, 0x01, 0x09, 0x00, 0xd5, 0x01, 0x09, 0x00, 0xb8, 0x00, 0x08, 0x00, 0xb9, 0x00, 0x08, 0x00,
    0x45, 0x00, 0x07, 0x00, 0x46, 0x00, 0x07, 0x00, 0xba, 0x00, 0x08, 0x00, 0xbb, 0x00, 0x08, 0x00,
    0xd6, 0x01, 0x09, 0x00, 0xd7, 0x01, 0x09, 0x00, 0xd8, 0x01, 0x09, 0x00, 0xd9, 0x01, 0x09, 0x00,
    0x00, 0x00, 0x00, 0x00, 0xda, 0x01, 0x09, 0x00, 0xdb, 0x01, 0x09, 0x00, 0xdc, 0x01, 0x09, 0x00,
    0xdd, 0x01, 0x09, 0x00, 0xbc, 0x00, 0x08, 0x00, 0xbd, 0x00, 0x08, 0x00, 0x47, 0x00, 0x07, 0x00,
    0x19, 0x00, 0x06, 0x00, 0x1a, 0x00, 0x06, 0x00, 0x48, 0x00, 0x07, 0x00, 0xbe, 0x00, 0x08, 0x00,
    0xbf, 0x00, 0x08, 0x00, 0xde, 0x01, 0x09, 0x00, 0xdf, 0x01, 0x09, 0x00, 0xe0, 0x01, 0x09, 0x00,
    0x00, 0x00, 0x00, 0x00, 0xe1, 0x01, 0x09, 0x00, 0xe2, 0x01, 0x09, 0x00, 0xe3, 0x01, 0x09, 0x00,
    0xc0, 0x00, 0x08, 0x00, 0xc1, 0x00, 0x08, 0x00, 0x49, 0x00, 0x07, 0x00, 0x1b, 0x00, 0x06, 0x00,
    0x06, 0x00, 0x05, 0x00, 0x07, 0x00, 0x05, 0x00, 0x1c, 0x00, 0x06, 0x00, 0x4a, 0x00, 0x07, 0x00,
    0xc2, 0x00, 0x08, 0x00, 0xe4, 0x01, 0x09, 0x00, 0xe5, 0x01, 0x09, 0x00, 0xe6, 0x01, 0x09, 0x00,
    0x00, 0x00, 0x00, 0x00, 0xe7, 0x01, 0x09, 0x00, 0xe8, 0x01, 0x09, 0x00, 0xe9, 0x01, 0x09, 0x00,
    0xc3, 0x00, 0x08, 0x00, 0x4b, 0x00, 0x07, 0x00, 0x1d, 0x00, 0x06, 0x00, 0x08, 0x00, 0x05, 0x00,
];

pub const G_A_SPEC_WL5_E: [u8; 32] = [
    0x04, 0x00, 0x03, 0x00, 0x00, 0x00, 0x02, 0x00, 0x01, 0x00, 0x02, 0x00, 0x05, 0x00, 0x03, 0x00,
    0x0c, 0x00, 0x04, 0x00, 0x0d, 0x00, 0x04, 0x00, 0x0e, 0x00, 0x04, 0x00, 0x0f, 0x00, 0x04, 0x00,
];

pub const G_A_SPEC_WL6_A: [u8; 64] = [
    0x02, 0x00, 0x03, 0x00, 0x00, 0x00, 0x02, 0x00, 0x03, 0x00, 0x03, 0x00, 0x04, 0x00, 0x03, 0x00,
    0x0a, 0x00, 0x04, 0x00, 0x0b, 0x00, 0x04, 0x00, 0x18, 0x00, 0x05, 0x00, 0x19, 0x00, 0x05, 0x00,
    0x1a, 0x00, 0x05, 0x00, 0x1b, 0x00, 0x05, 0x00, 0x3c, 0x00, 0x06, 0x00, 0x3d, 0x00, 0x06, 0x00,
    0x3e, 0x00, 0x06, 0x00, 0x1c, 0x00, 0x05, 0x00, 0x1d, 0x00, 0x05, 0x00, 0x3f, 0x00, 0x06, 0x00,
];

pub const G_A_SPEC_WL6_C: [u8; 1024] = [
    0x00, 0x00, 0x04, 0x00, 0x06, 0x00, 0x05, 0x00, 0x14, 0x00, 0x06, 0x00, 0x15, 0x00, 0x06, 0x00,
    0x40, 0x00, 0x07, 0x00, 0x9e, 0x00, 0x08, 0x00, 0x9f, 0x00, 0x08, 0x00, 0x80, 0x01, 0x09, 0x00,
    0x81, 0x01, 0x09, 0x00, 0x82, 0x01, 0x09, 0x00, 0xa6, 0x03, 0x0a, 0x00, 0xa7, 0x03, 0x0a, 0x00,
    0xa8, 0x03, 0x0a, 0x00, 0x83, 0x01, 0x09, 0x00, 0x84, 0x01, 0x09, 0x00, 0xa9, 0x03, 0x0a, 0x00,
    0x01, 0x00, 0x04, 0x00, 0x02, 0x00, 0x04, 0x00, 0x07, 0x00, 0x05, 0x00, 0x16, 0x00, 0x06, 0x00,
    0x17, 0x00, 0x06, 0x00, 0x41, 0x00, 0x07, 0x00, 0x42, 0x00, 0x07, 0x00, 0xa0, 0x00, 0x08, 0x00,
    0xa1, 0x00, 0x08, 0x00, 0x85, 0x01, 0x09, 0x00, 0x86, 0x01, 0x09, 0x00, 0x87, 0x01, 0x09, 0x00,
    0x88, 0x01, 0x09, 0x00, 0xa2, 0x00, 0x08, 0x00, 0x89, 0x01, 0x09, 0x00, 0x8a, 0x01, 0x09, 0x00,
    0x18, 0x00, 0x06, 0x00, 0x08, 0x00, 0x05, 0x00, 0x09, 0x00, 0x05, 0x00, 0x19, 0x00, 0x06, 0x00,
    0x43, 0x00, 0x07, 0x00, 0x44, 0x00, 0x07, 0x00, 0xa3, 0x00, 0x08, 0x00, 0xa4, 0x00, 0x08, 0x00,
    0xa5, 0x00, 0x08, 0x00, 0x8b, 0x01, 0x09, 0x00, 0x8c, 0x01, 0x09, 0x00, 0xaa, 0x03, 0x0a, 0x00,
    0x8d, 0x01, 0x09, 0x00, 0xa6, 0x00, 0x08, 0x00, 0x8e, 0x01, 0x09, 0x00, 0x8f, 0x01, 0x09, 0x00,
    0x1a, 0x00, 0x06, 0x00, 0x1b, 0x00, 0x06, 0x00, 0x1c, 0x00, 0x06, 0x00, 0x1d, 0x00, 0x06, 0x00,
    0x45, 0x00, 0x07, 0x00, 0x46, 0x00, 0x07, 0x00, 0xa7, 0x00, 0x08, 0x00, 0xa8, 0x00, 0x08, 0x00,
    0x90, 0x01, 0x09, 0x00, 0x91, 0x01, 0x09, 0x00, 0x92, 0x01, 0x09, 0x00, 0xab, 0x03, 0x0a, 0x00,
    0x93, 0x01, 0x09, 0x00, 0xa9, 0x00, 0x08, 0x00, 0x94, 0x01, 0x09, 0x00, 0x95, 0x01, 0x09, 0x00,
    0x47, 0x00, 0x07, 0x00, 0x1e, 0x00, 0x06, 0x00, 0x1f, 0x00, 0x06, 0x00, 0x48, 0x00, 0x07, 0x00,
    0x49, 0x00, 0x07, 0x00, 0xaa, 0x00, 0x08, 0x00, 0xab, 0x00, 0x08, 0x00, 0x96, 0x01, 0x09, 0x00,
    0x97, 0x01, 0x09, 0x00, 0x98, 0x01, 0x09, 0x00, 0x99, 0x01, 0x09, 0x00, 0xac, 0x03, 0x0a, 0x00,
    0x9a, 0x01, 0x09, 0x00, 0x9b, 0x01, 0x09, 0x00, 0x9c, 0x01, 0x09, 0x00, 0x9d, 0x01, 0x09, 0x00,
    0xac, 0x00, 0x08, 0x00, 0x4a, 0x00, 0x07, 0x00, 0x4b, 0x00, 0x07, 0x00, 0x4c, 0x00, 0x07, 0x00,
    0xad, 0x00, 0x08, 0x00, 0xae, 0x00, 0x08, 0x00, 0xaf, 0x00, 0x08, 0x00, 0x9e, 0x01, 0x09, 0x00,
    0x9f, 0x01, 0x09, 0x00, 0xa0, 0x01, 0x09, 0x00, 0xad, 0x03, 0x0a, 0x00, 0xae, 0x03, 0x0a, 0x00,
    0xaf, 0x03, 0x0a, 0x00, 0xa1, 0x01, 0x09, 0x00, 0xa2, 0x01, 0x09, 0x00, 0xb0, 0x03, 0x0a, 0x00,
    0xb0, 0x00, 0x08, 0x00, 0x4d, 0x00, 0x07, 0x00, 0x4e, 0x00, 0x07, 0x00, 0xb1, 0x00, 0x08, 0x00,
    0xb2, 0x00, 0x08, 0x00, 0xb3, 0x00, 0x08, 0x00, 0xa3, 0x01, 0x09, 0x00, 0xa4, 0x01, 0x09, 0x00,
    0xa5, 0x01, 0x09, 0x00, 0xb1, 0x03, 0x0a, 0x00, 0xb2, 0x03, 0x0a, 0x00, 0xb3, 0x03, 0x0a, 0x00,
    0xb4, 0x03, 0x0a, 0x00, 0xa6, 0x01, 0x09, 0x00, 0xa7, 0x01, 0x09, 0x00, 0xb5, 0x03, 0x0a, 0x00,
    0xa8, 0x01, 0x09, 0x00, 0xb4, 0x00, 0x08, 0x00, 0xb5, 0x00, 0x08, 0x00, 0xb6, 0x00, 0x08, 0x00,
    0xb7, 0x00, 0x08, 0x00, 0xa9, 0x01, 0x09, 0x00, 0xaa, 0x01, 0x09, 0x00, 0xab, 0x01, 0x09, 0x00,
    0xb6, 0x03, 0x0a, 0x00, 0xb7, 0x03, 0x0a, 0x00, 0xb8, 0x03, 0x0a, 0x00, 0xb9, 0x03, 0x0a, 0x00,
    0xba, 0x03, 0x0a, 0x00, 0xac, 0x01, 0x09, 0x00, 0xbb, 0x03, 0x0a, 0x00, 0xbc, 0x03, 0x0a, 0x00,
    0xad, 0x01, 0x09, 0x00, 0xb8, 0x00, 0x08, 0x00, 0xb9, 0x00, 0x08, 0x00, 0xba, 0x00, 0x08, 0x00,
    0xae, 0x01, 0x09, 0x00, 0xaf, 0x01, 0x09, 0x00, 0xb0, 0x01, 0x09, 0x00, 0xbd, 0x03, 0x0a, 0x00,
    0xbe, 0x03, 0x0a, 0x00, 0xbf, 0x03, 0x0a, 0x00, 0xc0, 0x03, 0x0a, 0x00, 0xe2, 0x07, 0x0b, 0x00,
    0xc1, 0x03, 0x0a, 0x00, 0xb1, 0x01, 0x09, 0x00, 0xc2, 0x03, 0x0a, 0x00, 0xc3, 0x03, 0x0a, 0x00,
    0xb2, 0x01, 0x09, 0x00, 0xbb, 0x00, 0x08, 0x00, 0xb3, 0x01, 0x09, 0x00, 0xb4, 0x01, 0x09, 0x00,
    0xb5, 0x01, 0x09, 0x00, 0xb6, 0x01, 0x09, 0x00, 0xb7, 0x01, 0x09, 0x00, 0xc4, 0x03, 0x0a, 0x00,
    0xc5, 0x03, 0x0a, 0x00, 0xc6, 0x03, 0x0a, 0x00, 0xe3, 0x07, 0x0b, 0x00, 0xe4, 0x07, 0x0b, 0x00,
    0xc7, 0x03, 0x0a, 0x00, 0xc8, 0x03, 0x0a, 0x00, 0xc9, 0x03, 0x0a, 0x00, 0xca, 0x03, 0x0a, 0x00,
    0xcb, 0x03, 0x0a, 0x00, 0xb8, 0x01, 0x09, 0x00, 0xb9, 0x01, 0x09, 0x00, 0xba, 0x01, 0x09, 0x00,
    0xbb, 0x01, 0x09, 0x00, 0xcc, 0x03, 0x0a, 0x00, 0xcd, 0x03, 0x0a, 0x00, 0xce, 0x03, 0x0a, 0x00,
    0xcf, 0x03, 0x0a, 0x00, 0xe5, 0x07, 0x0b, 0x00, 0xe6, 0x07, 0x0b, 0x00, 0xe7, 0x07, 0x0b, 0x00,
    0xe8, 0x07, 0x0b, 0x00, 0xd0, 0x03, 0x0a, 0x00, 0xd1, 0x03, 0x0a, 0x00, 0xd2, 0x03, 0x0a, 0x00,
    0xd3, 0x03, 0x0a, 0x00, 0xbc, 0x01, 0x09, 0x00, 0xbd, 0x01, 0x09, 0x00, 0xd4, 0x03, 0x0a, 0x00,
    0xd5, 0x03, 0x0a, 0x00, 0xd6, 0x03, 0x0a, 0x00, 0xd7, 0x03, 0x0a, 0x00, 0xd8, 0x03, 0x0a, 0x00,
    0xd9, 0x03, 0x0a, 0x00, 0xe9, 0x07, 0x0b, 0x00, 0xea, 0x07, 0x0b, 0x00, 0xeb, 0x07, 0x0b, 0x00,
    0xec, 0x07, 0x0b, 0x00, 0xda, 0x03, 0x0a, 0x00, 0xed, 0x07, 0x0b, 0x00, 0xee, 0x07, 0x0b, 0x00,
    0xdb, 0x03, 0x0a, 0x00, 0xbe, 0x01, 0x09, 0x00, 0xbf, 0x01, 0x09, 0x00, 0xc0, 0x01, 0x09, 0x00,
    0xc1, 0x01, 0x09, 0x00, 0xdc, 0x03, 0x0a, 0x00, 0xdd, 0x03, 0x0a, 0x00, 0xde, 0x03, 0x0a, 0x00,
    0xdf, 0x03, 0x0a, 0x00, 0xe0, 0x03, 0x0a, 0x00, 0xef, 0x07, 0x0b, 0x00, 0xf0, 0x07, 0x0b, 0x00,
    0xf1, 0x07, 0x0b, 0x00, 0xe1, 0x03, 0x0a, 0x00, 0xf2, 0x07, 0x0b, 0x00, 0xf3, 0x07, 0x0b, 0x00,
    0xc2, 0x01, 0x09, 0x00, 0xbc, 0x00, 0x08, 0x00, 0xbd, 0x00, 0x08, 0x00, 0xbe, 0x00, 0x08, 0x00,
    0xc3, 0x01, 0x09, 0x00, 0xc4, 0x01, 0x09, 0x00, 0xc5, 0x01, 0x09, 0x00, 0xc6, 0x01, 0x09, 0x00,
    0xc7, 0x01, 0x09, 0x00, 0xe2, 0x03, 0x0a, 0x00, 0xe3, 0x03, 0x0a, 0x00, 0xe4, 0x03, 0x0a, 0x00,
    0xe5, 0x03, 0x0a, 0x00, 0xf4, 0x07, 0x0b, 0x00, 0xf5, 0x07, 0x0b, 0x00, 0xf6, 0x07, 0x0b, 0x00,
    0xc8, 0x01, 0x09, 0x00, 0xbf, 0x00, 0x08, 0x00, 0xc9, 0x01, 0x09, 0x00, 0xca, 0x01, 0x09, 0x00,
    0xcb, 0x01, 0x09, 0x00, 0xcc, 0x01, 0x09, 0x00, 0xcd, 0x01, 0x09, 0x00, 0xe6, 0x03, 0x0a, 0x00,
    0xe7, 0x03, 0x0a, 0x00, 0xe8, 0x03, 0x0a, 0x00, 0xe9, 0x03, 0x0a, 0x00, 0xea, 0x03, 0x0a, 0x00,
    0xf7, 0x07, 0x0b, 0x00, 0xf8, 0x07, 0x0b, 0x00, 0xf9, 0x07, 0x0b, 0x00, 0xfa, 0x07, 0x0b, 0x00,
    0xeb, 0x03, 0x0a, 0x00, 0xce, 0x01, 0x09, 0x00, 0xcf, 0x01, 0x09, 0x00, 0xd0, 0x01, 0x09, 0x00,
    0xd1, 0x01, 0x09, 0x00, 0xd2, 0x01, 0x09, 0x00, 0xec, 0x03, 0x0a, 0x00, 0xed, 0x03, 0x0a, 0x00,
    0xee, 0x03, 0x0a, 0x00, 0xef, 0x03, 0x0a, 0x00, 0xf0, 0x03, 0x0a, 0x00, 0xfb, 0x07, 0x0b, 0x00,
    0xfc, 0x07, 0x0b, 0x00, 0xfd, 0x07, 0x0b, 0x00, 0xfe, 0x07, 0x0b, 0x00, 0xff, 0x07, 0x0b, 0x00,
];

pub const G_A_SPEC_WL6_E: [u8; 1024] = [
    0x02, 0x00, 0x06, 0x00, 0x24, 0x00, 0x07, 0x00, 0x86, 0x00, 0x08, 0x00, 0x03, 0x00, 0x06, 0x00,
    0x25, 0x00, 0x07, 0x00, 0x54, 0x01, 0x09, 0x00, 0x55, 0x01, 0x09, 0x00, 0x56, 0x01, 0x09, 0x00,
    0x57, 0x01, 0x09, 0x00, 0x58, 0x01, 0x09, 0x00, 0x59, 0x01, 0x09, 0x00, 0x26, 0x00, 0x07, 0x00,
    0x5a, 0x01, 0x09, 0x00, 0x5b, 0x01, 0x09, 0x00, 0x5c, 0x01, 0x09, 0x00, 0x5d, 0x01, 0x09, 0x00,
    0x27, 0x00, 0x07, 0x00, 0x28, 0x00, 0x07, 0x00, 0x04, 0x00, 0x06, 0x00, 0x05, 0x00, 0x06, 0x00,
    0x06, 0x00, 0x06, 0x00, 0x87, 0x00, 0x08, 0x00, 0x07, 0x00, 0x06, 0x00, 0x5e, 0x01, 0x09, 0x00,
    0x29, 0x00, 0x07, 0x00, 0x88, 0x00, 0x08, 0x00, 0x5f, 0x01, 0x09, 0x00, 0x60, 0x01, 0x09, 0x00,
    0x61, 0x01, 0x09, 0x00, 0x89, 0x00, 0x08, 0x00, 0x62, 0x01, 0x09, 0x00, 0x63, 0x01, 0x09, 0x00,
    0x00, 0x00, 0x05, 0x00, 0x08, 0x00, 0x06, 0x00, 0x09, 0x00, 0x06, 0x00, 0x2a, 0x00, 0x07, 0x00,
    0x0a, 0x00, 0x06, 0x00, 0x2b, 0x00, 0x07, 0x00, 0x0b, 0x00, 0x06, 0x00, 0x2c, 0x00, 0x07, 0x00,
    0x64, 0x01, 0x09, 0x00, 0x2d, 0x00, 0x07, 0x00, 0x65, 0x01, 0x09, 0x00, 0x66, 0x01, 0x09, 0x00,
    0x67, 0x01, 0x09, 0x00, 0x68, 0x01, 0x09, 0x00, 0x69, 0x01, 0x09, 0x00, 0x8a, 0x00, 0x08, 0x00,
    0x2e, 0x00, 0x07, 0x00, 0x2f, 0x00, 0x07, 0x00, 0x8b, 0x00, 0x08, 0x00, 0x30, 0x00, 0x07, 0x00,
    0x0c, 0x00, 0x06, 0x00, 0x0d, 0x00, 0x06, 0x00, 0x31, 0x00, 0x07, 0x00, 0x6a, 0x01, 0x09, 0x00,
    0x8c, 0x00, 0x08, 0x00, 0x8d, 0x00, 0x08, 0x00, 0x6b, 0x01, 0x09, 0x00, 0x6c, 0x01, 0x09, 0x00,
    0x6d, 0x01, 0x09, 0x00, 0x6e, 0x01, 0x09, 0x00, 0x6f, 0x01, 0x09, 0x00, 0x70, 0x01, 0x09, 0x00,
    0x8e, 0x00, 0x08, 0x00, 0x32, 0x00, 0x07, 0x00, 0x0e, 0x00, 0x06, 0x00, 0x33, 0x00, 0x07, 0x00,
    0x8f, 0x00, 0x08, 0x00, 0x34, 0x00, 0x07, 0x00, 0x35, 0x00, 0x07, 0x00, 0x36, 0x00, 0x07, 0x00,
    0x90, 0x00, 0x08, 0x00, 0x91, 0x00, 0x08, 0x00, 0x71, 0x01, 0x09, 0x00, 0x72, 0x01, 0x09, 0x00,
    0x73, 0x01, 0x09, 0x00, 0x74, 0x01, 0x09, 0x00, 0x75, 0x01, 0x09, 0x00, 0x76, 0x01, 0x09, 0x00,
    0x37, 0x00, 0x07, 0x00, 0x38, 0x00, 0x07, 0x00, 0x39, 0x00, 0x07, 0x00, 0x3a, 0x00, 0x07, 0x00,
    0x0f, 0x00, 0x06, 0x00, 0x3b, 0x00, 0x07, 0x00, 0x3c, 0x00, 0x07, 0x00, 0x92, 0x00, 0x08, 0x00,
    0x93, 0x00, 0x08, 0x00, 0x77, 0x01, 0x09, 0x00, 0x78, 0x01, 0x09, 0x00, 0x79, 0x01, 0x09, 0x00,
    0x94, 0x00, 0x08, 0x00, 0x7a, 0x01, 0x09, 0x00, 0x7b, 0x01, 0x09, 0x00, 0x7c, 0x01, 0x09, 0x00,
    0x3d, 0x00, 0x07, 0x00, 0x7d, 0x01, 0x09, 0x00, 0x10, 0x00, 0x06, 0x00, 0x95, 0x00, 0x08, 0x00,
    0x3e, 0x00, 0x07, 0x00, 0x3f, 0x00, 0x07, 0x00, 0x96, 0x00, 0x08, 0x00, 0x7e, 0x01, 0x09, 0x00,
    0x7f, 0x01, 0x09, 0x00, 0x97, 0x00, 0x08, 0x00, 0x80, 0x01, 0x09, 0x00, 0x98, 0x00, 0x08, 0x00,
    0x81, 0x01, 0x09, 0x00, 0x82, 0x01, 0x09, 0x00, 0x83, 0x01, 0x09, 0x00, 0x84, 0x01, 0x09, 0x00,
    0x99, 0x00, 0x08, 0x00, 0x85, 0x01, 0x09, 0x00, 0x11, 0x00, 0x06, 0x00, 0x9a, 0x00, 0x08, 0x00,
    0x86, 0x01, 0x09, 0x00, 0x40, 0x00, 0x07, 0x00, 0x41, 0x00, 0x07, 0x00, 0x87, 0x01, 0x09, 0x00,
    0x88, 0x01, 0x09, 0x00, 0x9b, 0x00, 0x08, 0x00, 0x89, 0x01, 0x09, 0x00, 0x8a, 0x01, 0x09, 0x00,
    0x8b, 0x01, 0x09, 0x00, 0x8c, 0x01, 0x09, 0x00, 0x8d, 0x01, 0x09, 0x00, 0x8e, 0x01, 0x09, 0x00,
    0x9c, 0x00, 0x08, 0x00, 0x8f, 0x01, 0x09, 0x00, 0x9d, 0x00, 0x08, 0x00, 0x9e, 0x00, 0x08, 0x00,
    0x9f, 0x00, 0x08, 0x00, 0x90, 0x01, 0x09, 0x00, 0xa0, 0x00, 0x08, 0x00, 0x91, 0x01, 0x09, 0x00,
    0x42, 0x00, 0x07, 0x00, 0x92, 0x01, 0x09, 0x00, 0x93, 0x01, 0x09, 0x00, 0x94, 0x01, 0x09, 0x00,
    0x95, 0x01, 0x09, 0x00, 0x96, 0x01, 0x09, 0x00, 0x97, 0x01, 0x09, 0x00, 0x98, 0x01, 0x09, 0x00,
    0xa1, 0x00, 0x08, 0x00, 0x99, 0x01, 0x09, 0x00, 0x9a, 0x01, 0x09, 0x00, 0x9b, 0x01, 0x09, 0x00,
    0x9c, 0x01, 0x09, 0x00, 0x9d, 0x01, 0x09, 0x00, 0xa2, 0x00, 0x08, 0x00, 0xa3, 0x00, 0x08, 0x00,
    0x9e, 0x01, 0x09, 0x00, 0x9f, 0x01, 0x09, 0x00, 0xa0, 0x01, 0x09, 0x00, 0xa1, 0x01, 0x09, 0x00,
    0xa2, 0x01, 0x09, 0x00, 0xa3, 0x01, 0x09, 0x00, 0xa4, 0x01, 0x09, 0x00, 0xa5, 0x01, 0x09, 0x00,
    0xa4, 0x00, 0x08, 0x00, 0xa6, 0x01, 0x09, 0x00, 0xa5, 0x00, 0x08, 0x00, 0xa7, 0x01, 0x09, 0x00,
    0xa8, 0x01, 0x09, 0x00, 0xa9, 0x01, 0x09, 0x00, 0xaa, 0x01, 0x09, 0x00, 0xab, 0x01, 0x09, 0x00,
    0xac, 0x01, 0x09, 0x00, 0xad, 0x01, 0x09, 0x00, 0xae, 0x01, 0x09, 0x00, 0xaf, 0x01, 0x09, 0x00,
    0xb0, 0x01, 0x09, 0x00, 0xb1, 0x01, 0x09, 0x00, 0xb2, 0x01, 0x09, 0x00, 0xb3, 0x01, 0x09, 0x00,
    0xb4, 0x01, 0x09, 0x00, 0xa6, 0x00, 0x08, 0x00, 0xb5, 0x01, 0x09, 0x00, 0xb6, 0x01, 0x09, 0x00,
    0xb7, 0x01, 0x09, 0x00, 0xb8, 0x01, 0x09, 0x00, 0xb9, 0x01, 0x09, 0x00, 0xba, 0x01, 0x09, 0x00,
    0xbb, 0x01, 0x09, 0x00, 0xa7, 0x00, 0x08, 0x00, 0xbc, 0x01, 0x09, 0x00, 0xbd, 0x01, 0x09, 0x00,
    0xbe, 0x01, 0x09, 0x00, 0xbf, 0x01, 0x09, 0x00, 0xc0, 0x01, 0x09, 0x00, 0xc1, 0x01, 0x09, 0x00,
    0xc2, 0x01, 0x09, 0x00, 0xc3, 0x01, 0x09, 0x00, 0xa8, 0x00, 0x08, 0x00, 0xc4, 0x01, 0x09, 0x00,
    0xc5, 0x01, 0x09, 0x00, 0xc6, 0x01, 0x09, 0x00, 0xc7, 0x01, 0x09, 0x00, 0xc8, 0x01, 0x09, 0x00,
    0xc9, 0x01, 0x09, 0x00, 0xca, 0x01, 0x09, 0x00, 0xcb, 0x01, 0x09, 0x00, 0xcc, 0x01, 0x09, 0x00,
    0xcd, 0x01, 0x09, 0x00, 0xce, 0x01, 0x09, 0x00, 0xcf, 0x01, 0x09, 0x00, 0xd0, 0x01, 0x09, 0x00,
    0xd1, 0x01, 0x09, 0x00, 0xd2, 0x01, 0x09, 0x00, 0xd3, 0x01, 0x09, 0x00, 0xd4, 0x01, 0x09, 0x00,
    0xa9, 0x00, 0x08, 0x00, 0xd5, 0x01, 0x09, 0x00, 0xd6, 0x01, 0x09, 0x00, 0xd7, 0x01, 0x09, 0x00,
    0xd8, 0x01, 0x09, 0x00, 0xd9, 0x01, 0x09, 0x00, 0xda, 0x01, 0x09, 0x00, 0xdb, 0x01, 0x09, 0x00,
    0xdc, 0x01, 0x09, 0x00, 0xdd, 0x01, 0x09, 0x00, 0xde, 0x01, 0x09, 0x00, 0xdf, 0x01, 0x09, 0x00,
    0xe0, 0x01, 0x09, 0x00, 0xe1, 0x01, 0x09, 0x00, 0xe2, 0x01, 0x09, 0x00, 0xe3, 0x01, 0x09, 0x00,
    0xe4, 0x01, 0x09, 0x00, 0xe5, 0x01, 0x09, 0x00, 0xe6, 0x01, 0x09, 0x00, 0xe7, 0x01, 0x09, 0x00,
    0xe8, 0x01, 0x09, 0x00, 0xe9, 0x01, 0x09, 0x00, 0xea, 0x01, 0x09, 0x00, 0xeb, 0x01, 0x09, 0x00,
    0xec, 0x01, 0x09, 0x00, 0xed, 0x01, 0x09, 0x00, 0xee, 0x01, 0x09, 0x00, 0xef, 0x01, 0x09, 0x00,
    0xf0, 0x01, 0x09, 0x00, 0xf1, 0x01, 0x09, 0x00, 0xf2, 0x01, 0x09, 0x00, 0xf3, 0x01, 0x09, 0x00,
    0xf4, 0x01, 0x09, 0x00, 0xf5, 0x01, 0x09, 0x00, 0xf6, 0x01, 0x09, 0x00, 0xf7, 0x01, 0x09, 0x00,
    0xf8, 0x01, 0x09, 0x00, 0xf9, 0x01, 0x09, 0x00, 0xfa, 0x01, 0x09, 0x00, 0xfb, 0x01, 0x09, 0x00,
    0xfc, 0x01, 0x09, 0x00, 0xfd, 0x01, 0x09, 0x00, 0xfe, 0x01, 0x09, 0x00, 0xff, 0x01, 0x09, 0x00,
];

pub const G_A_SPEC_WL6_F: [u8; 128] = [
    0x02, 0x00, 0x04, 0x00, 0x03, 0x00, 0x04, 0x00, 0x04, 0x00, 0x04, 0x00, 0x05, 0x00, 0x04, 0x00,
    0x00, 0x00, 0x03, 0x00, 0x14, 0x00, 0x05, 0x00, 0x15, 0x00, 0x05, 0x00, 0x16, 0x00, 0x05, 0x00,
    0x34, 0x00, 0x06, 0x00, 0x35, 0x00, 0x06, 0x00, 0x78, 0x00, 0x07, 0x00, 0x79, 0x00, 0x07, 0x00,
    0x7a, 0x00, 0x07, 0x00, 0x7b, 0x00, 0x07, 0x00, 0x36, 0x00, 0x06, 0x00, 0x7c, 0x00, 0x07, 0x00,
    0x00, 0x00, 0x00, 0x00, 0x7d, 0x00, 0x07, 0x00, 0x7e, 0x00, 0x07, 0x00, 0x37, 0x00, 0x06, 0x00,
    0x7f, 0x00, 0x07, 0x00, 0x38, 0x00, 0x06, 0x00, 0x39, 0x00, 0x06, 0x00, 0x3a, 0x00, 0x06, 0x00,
    0x17, 0x00, 0x05, 0x00, 0x18, 0x00, 0x05, 0x00, 0x3b, 0x00, 0x06, 0x00, 0x19, 0x00, 0x05, 0x00,
    0x06, 0x00, 0x04, 0x00, 0x07, 0x00, 0x04, 0x00, 0x08, 0x00, 0x04, 0x00, 0x09, 0x00, 0x04, 0x00,
];

pub const G_A_SPEC_WL7_A: [u8; 256] = [
    0x00, 0x00, 0x02, 0x00, 0x02, 0x00, 0x03, 0x00, 0x08, 0x00, 0x04, 0x00, 0x14, 0x00, 0x05, 0x00,
    0x2c, 0x00, 0x06, 0x00, 0x2d, 0x00, 0x06, 0x00, 0x2e, 0x00, 0x06, 0x00, 0x64, 0x00, 0x07, 0x00,
    0x65, 0x00, 0x07, 0x00, 0x66, 0x00, 0x07, 0x00, 0x67, 0x00, 0x07, 0x00, 0xe4, 0x00, 0x08, 0x00,
    0xe5, 0x00, 0x08, 0x00, 0xe6, 0x00, 0x08, 0x00, 0xe7, 0x00, 0x08, 0x00, 0xe8, 0x00, 0x08, 0x00,
    0xe9, 0x00, 0x08, 0x00, 0xf2, 0x01, 0x09, 0x00, 0xf3, 0x01, 0x09, 0x00, 0xf4, 0x01, 0x09, 0x00,
    0xf5, 0x01, 0x09, 0x00, 0xf6, 0x01, 0x09, 0x00, 0xf7, 0x01, 0x09, 0x00, 0xf8, 0x01, 0x09, 0x00,
    0xfe, 0x03, 0x0a, 0x00, 0xea, 0x00, 0x08, 0x00, 0x68, 0x00, 0x07, 0x00, 0x69, 0x00, 0x07, 0x00,
    0x6a, 0x00, 0x07, 0x00, 0xeb, 0x00, 0x08, 0x00, 0xec, 0x00, 0x08, 0x00, 0xed, 0x00, 0x08, 0x00,
    0x00, 0x00, 0x00, 0x00, 0xee, 0x00, 0x08, 0x00, 0xef, 0x00, 0x08, 0x00, 0xf0, 0x00, 0x08, 0x00,
    0x6b, 0x00, 0x07, 0x00, 0x6c, 0x00, 0x07, 0x00, 0x6d, 0x00, 0x07, 0x00, 0xf1, 0x00, 0x08, 0x00,
    0xff, 0x03, 0x0a, 0x00, 0xf9, 0x01, 0x09, 0x00, 0xfa, 0x01, 0x09, 0x00, 0xfb, 0x01, 0x09, 0x00,
    0xfc, 0x01, 0x09, 0x00, 0xfd, 0x01, 0x09, 0x00, 0xfe, 0x01, 0x09, 0x00, 0xf2, 0x00, 0x08, 0x00,
    0xf3, 0x00, 0x08, 0x00, 0xf4, 0x00, 0x08, 0x00, 0xf5, 0x00, 0x08, 0x00, 0xf6, 0x00, 0x08, 0x00,
    0xf7, 0x00, 0x08, 0x00, 0xf8, 0x00, 0x08, 0x00, 0x6e, 0x00, 0x07, 0x00, 0x6f, 0x00, 0x07, 0x00,
    0x70, 0x00, 0x07, 0x00, 0x71, 0x00, 0x07, 0x00, 0x2f, 0x00, 0x06, 0x00, 0x30, 0x00, 0x06, 0x00,
    0x31, 0x00, 0x06, 0x00, 0x15, 0x00, 0x05, 0x00, 0x09, 0x00, 0x04, 0x00, 0x03, 0x00, 0x03, 0x00,
];

pub const G_A_SPEC_WL7_B: [u8; 256] = [
    0x00, 0x00, 0x03, 0x00, 0x01, 0x00, 0x03, 0x00, 0x06, 0x00, 0x04, 0x00, 0x10, 0x00, 0x05, 0x00,
    0x11, 0x00, 0x05, 0x00, 0x2a, 0x00, 0x06, 0x00, 0x2b, 0x00, 0x06, 0x00, 0x2c, 0x00, 0x06, 0x00,
    0x2d, 0x00, 0x06, 0x00, 0x62, 0x00, 0x07, 0x00, 0x63, 0x00, 0x07, 0x00, 0x64, 0x00, 0x07, 0x00,
    0x65, 0x00, 0x07, 0x00, 0x66, 0x00, 0x07, 0x00, 0x67, 0x00, 0x07, 0x00, 0xe6, 0x00, 0x08, 0x00,
    0xe7, 0x00, 0x08, 0x00, 0xe8, 0x00, 0x08, 0x00, 0xe9, 0x00, 0x08, 0x00, 0xea, 0x00, 0x08, 0x00,
    0xeb, 0x00, 0x08, 0x00, 0xec, 0x00, 0x08, 0x00, 0xfa, 0x01, 0x09, 0x00, 0xfb, 0x01, 0x09, 0x00,
    0xfc, 0x01, 0x09, 0x00, 0xed, 0x00, 0x08, 0x00, 0x68, 0x00, 0x07, 0x00, 0x69, 0x00, 0x07, 0x00,
    0xee, 0x00, 0x08, 0x00, 0xef, 0x00, 0x08, 0x00, 0xf0, 0x00, 0x08, 0x00, 0xf1, 0x00, 0x08, 0x00,
    0x00, 0x00, 0x00, 0x00, 0xf2, 0x00, 0x08, 0x00, 0xf3, 0x00, 0x08, 0x00, 0xf4, 0x00, 0x08, 0x00,
    0x6a, 0x00, 0x07, 0x00, 0x6b, 0x00, 0x07, 0x00, 0x6c, 0x00, 0x07, 0x00, 0xf5, 0x00, 0x08, 0x00,
    0xfd, 0x01, 0x09, 0x00, 0xfe, 0x01, 0x09, 0x00, 0xff, 0x01, 0x09, 0x00, 0xf6, 0x00, 0x08, 0x00,
    0xf7, 0x00, 0x08, 0x00, 0xf8, 0x00, 0x08, 0x00, 0xf9, 0x00, 0x08, 0x00, 0xfa, 0x00, 0x08, 0x00,
    0xfb, 0x00, 0x08, 0x00, 0xfc, 0x00, 0x08, 0x00, 0x6d, 0x00, 0x07, 0x00, 0x6e, 0x00, 0x07, 0x00,
    0x6f, 0x00, 0x07, 0x00, 0x70, 0x00, 0x07, 0x00, 0x71, 0x00, 0x07, 0x00, 0x72, 0x00, 0x07, 0x00,
    0x2e, 0x00, 0x06, 0x00, 0x2f, 0x00, 0x06, 0x00, 0x30, 0x00, 0x06, 0x00, 0x12, 0x00, 0x05, 0x00,
    0x13, 0x00, 0x05, 0x00, 0x14, 0x00, 0x05, 0x00, 0x07, 0x00, 0x04, 0x00, 0x02, 0x00, 0x03, 0x00,
];

pub const G_A_SPEC_WL7_C: [u8; 256] = [
    0x00, 0x00, 0x04, 0x00, 0x06, 0x00, 0x05, 0x00, 0x01, 0x00, 0x04, 0x00, 0x02, 0x00, 0x04, 0x00,
    0x28, 0x00, 0x06, 0x00, 0x07, 0x00, 0x05, 0x00, 0x08, 0x00, 0x05, 0x00, 0x09, 0x00, 0x05, 0x00,
    0x29, 0x00, 0x06, 0x00, 0x0a, 0x00, 0x05, 0x00, 0x2a, 0x00, 0x06, 0x00, 0x2b, 0x00, 0x06, 0x00,
    0x2c, 0x00, 0x06, 0x00, 0x64, 0x00, 0x07, 0x00, 0x2d, 0x00, 0x06, 0x00, 0x65, 0x00, 0x07, 0x00,
    0x66, 0x00, 0x07, 0x00, 0x67, 0x00, 0x07, 0x00, 0x68, 0x00, 0x07, 0x00, 0x69, 0x00, 0x07, 0x00,
    0xf0, 0x00, 0x08, 0x00, 0xf1, 0x00, 0x08, 0x00, 0x6a, 0x00, 0x07, 0x00, 0x6b, 0x00, 0x07, 0x00,
    0xf2, 0x00, 0x08, 0x00, 0x6c, 0x00, 0x07, 0x00, 0x6d, 0x00, 0x07, 0x00, 0xf3, 0x00, 0x08, 0x00,
    0xf4, 0x00, 0x08, 0x00, 0xf5, 0x00, 0x08, 0x00, 0x6e, 0x00, 0x07, 0x00, 0xf6, 0x00, 0x08, 0x00,
    0x00, 0x00, 0x00, 0x00, 0xf7, 0x00, 0x08, 0x00, 0xf8, 0x00, 0x08, 0x00, 0xf9, 0x00, 0x08, 0x00,
    0xfa, 0x00, 0x08, 0x00, 0xfb, 0x00, 0x08, 0x00, 0xfc, 0x00, 0x08, 0x00, 0x6f, 0x00, 0x07, 0x00,
    0xfd, 0x00, 0x08, 0x00, 0xfe, 0x00, 0x08, 0x00, 0xff, 0x00, 0x08, 0x00, 0x70, 0x00, 0x07, 0x00,
    0x71, 0x00, 0x07, 0x00, 0x72, 0x00, 0x07, 0x00, 0x73, 0x00, 0x07, 0x00, 0x74, 0x00, 0x07, 0x00,
    0x75, 0x00, 0x07, 0x00, 0x2e, 0x00, 0x06, 0x00, 0x76, 0x00, 0x07, 0x00, 0x77, 0x00, 0x07, 0x00,
    0x2f, 0x00, 0x06, 0x00, 0x30, 0x00, 0x06, 0x00, 0x0b, 0x00, 0x05, 0x00, 0x0c, 0x00, 0x05, 0x00,
    0x0d, 0x00, 0x05, 0x00, 0x31, 0x00, 0x06, 0x00, 0x0e, 0x00, 0x05, 0x00, 0x0f, 0x00, 0x05, 0x00,
    0x10, 0x00, 0x05, 0x00, 0x11, 0x00, 0x05, 0x00, 0x12, 0x00, 0x05, 0x00, 0x13, 0x00, 0x05, 0x00,
];

pub const G_A_SPEC_WL1_A: [u8; 1024] = [
    0x00, 0x00, 0x01, 0x00, 0x12, 0x00, 0x05, 0x00, 0x00, 0x00, 0x00, 0x00, 0x13, 0x00, 0x05, 0x00,
    0x14, 0x00, 0x05, 0x00, 0x64, 0x00, 0x07, 0x00, 0x00, 0x00, 0x00, 0x00, 0x65, 0x00, 0x07, 0x00,
    0x00, 0x00, 0x00, 0x00, 0x00, 0x00, 0x00, 0x00, 0x00, 0x00, 0x00, 0x00, 0x00, 0x00, 0x00, 0x00,
    0x15, 0x00, 0x05, 0x00, 0x66, 0x00, 0x07, 0x00, 0x00, 0x00, 0x00, 0x00, 0x67, 0x00, 0x07, 0x00,
    0x16, 0x00, 0x05, 0x00, 0xee, 0x00, 0x08, 0x00, 0x00, 0x00, 0x00, 0x00, 0x68, 0x00, 0x07, 0x00,
    0x69, 0x00, 0x07, 0x00, 0xe6, 0x01, 0x09, 0x00, 0x00, 0x00, 0x00, 0x00, 0xe6, 0x03, 0x0a, 0x00,
    0x00, 0x00, 0x00, 0x00, 0x00, 0x00, 0x00, 0x00, 0x00, 0x00, 0x00, 0x00, 0x00, 0x00, 0x00, 0x00,
    0x6a, 0x00, 0x07, 0x00, 0xe7, 0x01, 0x09, 0x00, 0x00, 0x00, 0x00, 0x00, 0xe7, 0x03, 0x0a, 0x00,
    0x00, 0x00, 0x00, 0x00, 0x00, 0x00, 0x00, 0x00, 0x00, 0x00, 0x00, 0x00, 0x00, 0x00, 0x00, 0x00,
    0x00, 0x00, 0x00, 0x00, 0x00, 0x00, 0x00, 0x00, 0x00, 0x00, 0x00, 0x00, 0x00, 0x00, 0x00, 0x00,
    0x00, 0x00, 0x00, 0x00, 0x00, 0x00, 0x00, 0x00, 0x00, 0x00, 0x00, 0x00, 0x00, 0x00, 0x00, 0x00,
    0x00, 0x00, 0x00, 0x00, 0x00, 0x00, 0x00, 0x00, 0x00, 0x00, 0x00, 0x00, 0x00, 0x00, 0x00, 0x00,
    0x17, 0x00, 0x05, 0x00, 0x6b, 0x00, 0x07, 0x00, 0x00, 0x00, 0x00, 0x00, 0xef, 0x00, 0x08, 0x00,
    0x6c, 0x00, 0x07, 0x00, 0xe8, 0x03, 0x0a, 0x00, 0x00, 0x00, 0x00, 0x00, 0xe8, 0x01, 0x09, 0x00,
    0x00, 0x00, 0x00, 0x00, 0x00, 0x00, 0x00, 0x00, 0x00, 0x00, 0x00, 0x00, 0x00, 0x00, 0x00, 0x00,
    0x6d, 0x00, 0x07, 0x00, 0xe9, 0x03, 0x0a, 0x00, 0x00, 0x00, 0x00, 0x00, 0xe9, 0x01, 0x09, 0x00,
    0x18, 0x00, 0x05, 0x00, 0x6e, 0x00, 0x07, 0x00, 0x00, 0x00, 0x00, 0x00, 0x6f, 0x00, 0x07, 0x00,
    0xf0, 0x00, 0x08, 0x00, 0xea, 0x03, 0x0a, 0x00, 0x00, 0x00, 0x00, 0x00, 0xeb, 0x03, 0x0a, 0x00,
    0x00, 0x00, 0x00, 0x00, 0x00, 0x00, 0x00, 0x00, 0x00, 0x00, 0x00, 0x00, 0x00, 0x00, 0x00, 0x00,
    0x70, 0x00, 0x07, 0x00, 0xea, 0x01, 0x09, 0x00, 0x00, 0x00, 0x00, 0x00, 0xec, 0x03, 0x0a, 0x00,
    0x71, 0x00, 0x07, 0x00, 0xed, 0x03, 0x0a, 0x00, 0x00, 0x00, 0x00, 0x00, 0xee, 0x03, 0x0a, 0x00,
    0xeb, 0x01, 0x09, 0x00, 0xf6, 0x07, 0x0b, 0x00, 0x00, 0x00, 0x00, 0x00, 0xf8, 0x0f, 0x0c, 0x00,
    0x00, 0x00, 0x00, 0x00, 0x00, 0x00, 0x00, 0x00, 0x00, 0x00, 0x00, 0x00, 0x00, 0x00, 0x00, 0x00,
    0xef, 0x03, 0x0a, 0x00, 0xf9, 0x0f, 0x0c, 0x00, 0x00, 0x00, 0x00, 0x00, 0xf7, 0x07, 0x0b, 0x00,
    0x00, 0x00, 0x00, 0x00, 0x00, 0x00, 0x00, 0x00, 0x00, 0x00, 0x00, 0x00, 0x00, 0x00, 0x00, 0x00,
    0x00, 0x00, 0x00, 0x00, 0x00, 0x00, 0x00, 0x00, 0x00, 0x00, 0x00, 0x00, 0x00, 0x00, 0x00, 0x00,
    0x00, 0x00, 0x00, 0x00, 0x00, 0x00, 0x00, 0x00, 0x00, 0x00, 0x00, 0x00, 0x00, 0x00, 0x00, 0x00,
    0x00, 0x00, 0x00, 0x00, 0x00, 0x00, 0x00, 0x00, 0x00, 0x00, 0x00, 0x00, 0x00, 0x00, 0x00, 0x00,
    0x72, 0x00, 0x07, 0x00, 0xec, 0x01, 0x09, 0x00, 0x00, 0x00, 0x00, 0x00, 0xed, 0x01, 0x09, 0x00,
    0xee, 0x01, 0x09, 0x00, 0xfa, 0x0f, 0x0c, 0x00, 0x00, 0x00, 0x00, 0x00, 0xf0, 0x03, 0x0a, 0x00,
    0x00, 0x00, 0x00, 0x00, 0x00, 0x00, 0x00, 0x00, 0x00, 0x00, 0x00, 0x00, 0x00, 0x00, 0x00, 0x00,
    0xf1, 0x03, 0x0a, 0x00, 0xf8, 0x07, 0x0b, 0x00, 0x00, 0x00, 0x00, 0x00, 0xfb, 0x0f, 0x0c, 0x00,
    0x00, 0x00, 0x00, 0x00, 0x00, 0x00, 0x00, 0x00, 0x00, 0x00, 0x00, 0x00, 0x00, 0x00, 0x00, 0x00,
    0x00, 0x00, 0x00, 0x00, 0x00, 0x00, 0x00, 0x00, 0x00, 0x00, 0x00, 0x00, 0x00, 0x00, 0x00, 0x00,
    0x00, 0x00, 0x00, 0x00, 0x00, 0x00, 0x00, 0x00, 0x00, 0x00, 0x00, 0x00, 0x00, 0x00, 0x00, 0x00,
    0x00, 0x00, 0x00, 0x00, 0x00, 0x00, 0x00, 0x00, 0x00, 0x00, 0x00, 0x00, 0x00, 0x00, 0x00, 0x00,
    0x00, 0x00, 0x00, 0x00, 0x00, 0x00, 0x00, 0x00, 0x00, 0x00, 0x00, 0x00, 0x00, 0x00, 0x00, 0x00,
    0x00, 0x00, 0x00, 0x00, 0x00, 0x00, 0x00, 0x00, 0x00, 0x00, 0x00, 0x00, 0x00, 0x00, 0x00, 0x00,
    0x00, 0x00, 0x00, 0x00, 0x00, 0x00, 0x00, 0x00, 0x00, 0x00, 0x00, 0x00, 0x00, 0x00, 0x00, 0x00,
    0x00, 0x00, 0x00, 0x00, 0x00, 0x00, 0x00, 0x00, 0x00, 0x00, 0x00, 0x00, 0x00, 0x00, 0x00, 0x00,
    0x00, 0x00, 0x00, 0x00, 0x00, 0x00, 0x00, 0x00, 0x00, 0x00, 0x00, 0x00, 0x00, 0x00, 0x00, 0x00,
    0x00, 0x00, 0x00, 0x00, 0x00, 0x00, 0x00, 0x00, 0x00, 0x00, 0x00, 0x00, 0x00, 0x00, 0x00, 0x00,
    0x00, 0x00, 0x00, 0x00, 0x00, 0x00, 0x00, 0x00, 0x00, 0x00, 0x00, 0x00, 0x00, 0x00, 0x00, 0x00,
    0x00, 0x00, 0x00, 0x00, 0x00, 0x00, 0x00, 0x00, 0x00, 0x00, 0x00, 0x00, 0x00, 0x00, 0x00, 0x00,
    0x00, 0x00, 0x00, 0x00, 0x00, 0x00, 0x00, 0x00, 0x00, 0x00, 0x00, 0x00, 0x00, 0x00, 0x00, 0x00,
    0x00, 0x00, 0x00, 0x00, 0x00, 0x00, 0x00, 0x00, 0x00, 0x00, 0x00, 0x00, 0x00, 0x00, 0x00, 0x00,
    0x00, 0x00, 0x00, 0x00, 0x00, 0x00, 0x00, 0x00, 0x00, 0x00, 0x00, 0x00, 0x00, 0x00, 0x00, 0x00,
    0x00, 0x00, 0x00, 0x00, 0x00, 0x00, 0x00, 0x00, 0x00, 0x00, 0x00, 0x00, 0x00, 0x00, 0x00, 0x00,
    0x08, 0x00, 0x04, 0x00, 0xf1, 0x00, 0x08, 0x00, 0x00, 0x00, 0x00, 0x00, 0x73, 0x00, 0x07, 0x00,
    0x74, 0x00, 0x07, 0x00, 0xf2, 0x03, 0x0a, 0x00, 0x00, 0x00, 0x00, 0x00, 0xef, 0x01, 0x09, 0x00,
    0x00, 0x00, 0x00, 0x00, 0x00, 0x00, 0x00, 0x00, 0x00, 0x00, 0x00, 0x00, 0x00, 0x00, 0x00, 0x00,
    0xf2, 0x00, 0x08, 0x00, 0xf3, 0x03, 0x0a, 0x00, 0x00, 0x00, 0x00, 0x00, 0xf4, 0x03, 0x0a, 0x00,
    0x75, 0x00, 0x07, 0x00, 0xf5, 0x03, 0x0a, 0x00, 0x00, 0x00, 0x00, 0x00, 0xf0, 0x01, 0x09, 0x00,
    0xf6, 0x03, 0x0a, 0x00, 0xfc, 0x0f, 0x0c, 0x00, 0x00, 0x00, 0x00, 0x00, 0xf9, 0x07, 0x0b, 0x00,
    0x00, 0x00, 0x00, 0x00, 0x00, 0x00, 0x00, 0x00, 0x00, 0x00, 0x00, 0x00, 0x00, 0x00, 0x00, 0x00,
    0xf1, 0x01, 0x09, 0x00, 0xf7, 0x03, 0x0a, 0x00, 0x00, 0x00, 0x00, 0x00, 0xfd, 0x0f, 0x0c, 0x00,
    0x00, 0x00, 0x00, 0x00, 0x00, 0x00, 0x00, 0x00, 0x00, 0x00, 0x00, 0x00, 0x00, 0x00, 0x00, 0x00,
    0x00, 0x00, 0x00, 0x00, 0x00, 0x00, 0x00, 0x00, 0x00, 0x00, 0x00, 0x00, 0x00, 0x00, 0x00, 0x00,
    0x00, 0x00, 0x00, 0x00, 0x00, 0x00, 0x00, 0x00, 0x00, 0x00, 0x00, 0x00, 0x00, 0x00, 0x00, 0x00,
    0x00, 0x00, 0x00, 0x00, 0x00, 0x00, 0x00, 0x00, 0x00, 0x00, 0x00, 0x00, 0x00, 0x00, 0x00, 0x00,
    0x76, 0x00, 0x07, 0x00, 0xf8, 0x03, 0x0a, 0x00, 0x00, 0x00, 0x00, 0x00, 0xf9, 0x03, 0x0a, 0x00,
    0xfa, 0x03, 0x0a, 0x00, 0xfa, 0x07, 0x0b, 0x00, 0x00, 0x00, 0x00, 0x00, 0xfe, 0x0f, 0x0c, 0x00,
    0x00, 0x00, 0x00, 0x00, 0x00, 0x00, 0x00, 0x00, 0x00, 0x00, 0x00, 0x00, 0x00, 0x00, 0x00, 0x00,
    0xf2, 0x01, 0x09, 0x00, 0xff, 0x0f, 0x0c, 0x00, 0x00, 0x00, 0x00, 0x00, 0xfb, 0x07, 0x0b, 0x00,
];

pub const G_A_SPEC_WL1_B: [u8; 1024] = [
    0x00, 0x00, 0x01, 0x00, 0x10, 0x00, 0x05, 0x00, 0x00, 0x00, 0x00, 0x00, 0x11, 0x00, 0x05, 0x00,
    0x12, 0x00, 0x05, 0x00, 0x62, 0x00, 0x07, 0x00, 0x00, 0x00, 0x00, 0x00, 0x30, 0x00, 0x06, 0x00,
    0x00, 0x00, 0x00, 0x00, 0x00, 0x00, 0x00, 0x00, 0x00, 0x00, 0x00, 0x00, 0x00, 0x00, 0x00, 0x00,
    0x13, 0x00, 0x05, 0x00, 0x63, 0x00, 0x07, 0x00, 0x00, 0x00, 0x00, 0x00, 0x64, 0x00, 0x07, 0x00,
    0x14, 0x00, 0x05, 0x00, 0xe8, 0x00, 0x08, 0x00, 0x00, 0x00, 0x00, 0x00, 0x65, 0x00, 0x07, 0x00,
    0xe9, 0x00, 0x08, 0x00, 0xe2, 0x01, 0x09, 0x00, 0x00, 0x00, 0x00, 0x00, 0xe3, 0x01, 0x09, 0x00,
    0x00, 0x00, 0x00, 0x00, 0x00, 0x00, 0x00, 0x00, 0x00, 0x00, 0x00, 0x00, 0x00, 0x00, 0x00, 0x00,
    0x66, 0x00, 0x07, 0x00, 0xea, 0x00, 0x08, 0x00, 0x00, 0x00, 0x00, 0x00, 0xe4, 0x01, 0x09, 0x00,
    0x00, 0x00, 0x00, 0x00, 0x00, 0x00, 0x00, 0x00, 0x00, 0x00, 0x00, 0x00, 0x00, 0x00, 0x00, 0x00,
    0x00, 0x00, 0x00, 0x00, 0x00, 0x00, 0x00, 0x00, 0x00, 0x00, 0x00, 0x00, 0x00, 0x00, 0x00, 0x00,
    0x00, 0x00, 0x00, 0x00, 0x00, 0x00, 0x00, 0x00, 0x00, 0x00, 0x00, 0x00, 0x00, 0x00, 0x00, 0x00,
    0x00, 0x00, 0x00, 0x00, 0x00, 0x00, 0x00, 0x00, 0x00, 0x00, 0x00, 0x00, 0x00, 0x00, 0x00, 0x00,
    0x15, 0x00, 0x05, 0x00, 0x67, 0x00, 0x07, 0x00, 0x00, 0x00, 0x00, 0x00, 0x68, 0x00, 0x07, 0x00,
    0x69, 0x00, 0x07, 0x00, 0xe5, 0x01, 0x09, 0x00, 0x00, 0x00, 0x00, 0x00, 0xeb, 0x00, 0x08, 0x00,
    0x00, 0x00, 0x00, 0x00, 0x00, 0x00, 0x00, 0x00, 0x00, 0x00, 0x00, 0x00, 0x00, 0x00, 0x00, 0x00,
    0xec, 0x00, 0x08, 0x00, 0xe6, 0x01, 0x09, 0x00, 0x00, 0x00, 0x00, 0x00, 0xe7, 0x01, 0x09, 0x00,
    0x16, 0x00, 0x05, 0x00, 0x6a, 0x00, 0x07, 0x00, 0x00, 0x00, 0x00, 0x00, 0x6b, 0x00, 0x07, 0x00,
    0xed, 0x00, 0x08, 0x00, 0xf0, 0x03, 0x0a, 0x00, 0x00, 0x00, 0x00, 0x00, 0xe8, 0x01, 0x09, 0x00,
    0x00, 0x00, 0x00, 0x00, 0x00, 0x00, 0x00, 0x00, 0x00, 0x00, 0x00, 0x00, 0x00, 0x00, 0x00, 0x00,
    0x6c, 0x00, 0x07, 0x00, 0xe9, 0x01, 0x09, 0x00, 0x00, 0x00, 0x00, 0x00, 0xea, 0x01, 0x09, 0x00,
    0x6d, 0x00, 0x07, 0x00, 0xf1, 0x03, 0x0a, 0x00, 0x00, 0x00, 0x00, 0x00, 0xf2, 0x03, 0x0a, 0x00,
    0xeb, 0x01, 0x09, 0x00, 0xf3, 0x03, 0x0a, 0x00, 0x00, 0x00, 0x00, 0x00, 0xf4, 0x07, 0x0b, 0x00,
    0x00, 0x00, 0x00, 0x00, 0x00, 0x00, 0x00, 0x00, 0x00, 0x00, 0x00, 0x00, 0x00, 0x00, 0x00, 0x00,
    0xec, 0x01, 0x09, 0x00, 0xf5, 0x07, 0x0b, 0x00, 0x00, 0x00, 0x00, 0x00, 0xf6, 0x07, 0x0b, 0x00,
    0x00, 0x00, 0x00, 0x00, 0x00, 0x00, 0x00, 0x00, 0x00, 0x00, 0x00, 0x00, 0x00, 0x00, 0x00, 0x00,
    0x00, 0x00, 0x00, 0x00, 0x00, 0x00, 0x00, 0x00, 0x00, 0x00, 0x00, 0x00, 0x00, 0x00, 0x00, 0x00,
    0x00, 0x00, 0x00, 0x00, 0x00, 0x00, 0x00, 0x00, 0x00, 0x00, 0x00, 0x00, 0x00, 0x00, 0x00, 0x00,
    0x00, 0x00, 0x00, 0x00, 0x00, 0x00, 0x00, 0x00, 0x00, 0x00, 0x00, 0x00, 0x00, 0x00, 0x00, 0x00,
    0x6e, 0x00, 0x07, 0x00, 0xed, 0x01, 0x09, 0x00, 0x00, 0x00, 0x00, 0x00, 0xee, 0x01, 0x09, 0x00,
    0xee, 0x00, 0x08, 0x00, 0xf7, 0x07, 0x0b, 0x00, 0x00, 0x00, 0x00, 0x00, 0xef, 0x01, 0x09, 0x00,
    0x00, 0x00, 0x00, 0x00, 0x00, 0x00, 0x00, 0x00, 0x00, 0x00, 0x00, 0x00, 0x00, 0x00, 0x00, 0x00,
    0xf0, 0x01, 0x09, 0x00, 0xf8, 0x07, 0x0b, 0x00, 0x00, 0x00, 0x00, 0x00, 0xf9, 0x07, 0x0b, 0x00,
    0x00, 0x00, 0x00, 0x00, 0x00, 0x00, 0x00, 0x00, 0x00, 0x00, 0x00, 0x00, 0x00, 0x00, 0x00, 0x00,
    0x00, 0x00, 0x00, 0x00, 0x00, 0x00, 0x00, 0x00, 0x00, 0x00, 0x00, 0x00, 0x00, 0x00, 0x00, 0x00,
    0x00, 0x00, 0x00, 0x00, 0x00, 0x00, 0x00, 0x00, 0x00, 0x00, 0x00, 0x00, 0x00, 0x00, 0x00, 0x00,
    0x00, 0x00, 0x00, 0x00, 0x00, 0x00, 0x00, 0x00, 0x00, 0x00, 0x00, 0x00, 0x00, 0x00, 0x00, 0x00,
    0x00, 0x00, 0x00, 0x00, 0x00, 0x00, 0x00, 0x00, 0x00, 0x00, 0x00, 0x00, 0x00, 0x00, 0x00, 0x00,
    0x00, 0x00, 0x00, 0x00, 0x00, 0x00, 0x00, 0x00, 0x00, 0x00, 0x00, 0x00, 0x00, 0x00, 0x00, 0x00,
    0x00, 0x00, 0x00, 0x00, 0x00, 0x00, 0x00, 0x00, 0x00, 0x00, 0x00, 0x00, 0x00, 0x00, 0x00, 0x00,
    0x00, 0x00, 0x00, 0x00, 0x00, 0x00, 0x00, 0x00, 0x00, 0x00, 0x00, 0x00, 0x00, 0x00, 0x00, 0x00,
    0x00, 0x00, 0x00, 0x00, 0x00, 0x00, 0x00, 0x00, 0x00, 0x00, 0x00, 0x00, 0x00, 0x00, 0x00, 0x00,
    0x00, 0x00, 0x00, 0x00, 0x00, 0x00, 0x00, 0x00, 0x00, 0x00, 0x00, 0x00, 0x00, 0x00, 0x00, 0x00,
    0x00, 0x00, 0x00, 0x00, 0x00, 0x00, 0x00, 0x00, 0x00, 0x00, 0x00, 0x00, 0x00, 0x00, 0x00, 0x00,
    0x00, 0x00, 0x00, 0x00, 0x00, 0x00, 0x00, 0x00, 0x00, 0x00, 0x00, 0x00, 0x00, 0x00, 0x00, 0x00,
    0x00, 0x00, 0x00, 0x00, 0x00, 0x00, 0x00, 0x00, 0x00, 0x00, 0x00, 0x00, 0x00, 0x00, 0x00, 0x00,
    0x00, 0x00, 0x00, 0x00, 0x00, 0x00, 0x00, 0x00, 0x00, 0x00, 0x00, 0x00, 0x00, 0x00, 0x00, 0x00,
    0x00, 0x00, 0x00, 0x00, 0x00, 0x00, 0x00, 0x00, 0x00, 0x00, 0x00, 0x00, 0x00, 0x00, 0x00, 0x00,
    0x00, 0x00, 0x00, 0x00, 0x00, 0x00, 0x00, 0x00, 0x00, 0x00, 0x00, 0x00, 0x00, 0x00, 0x00, 0x00,
    0x17, 0x00, 0x05, 0x00, 0x6f, 0x00, 0x07, 0x00, 0x00, 0x00, 0x00, 0x00, 0x70, 0x00, 0x07, 0x00,
    0x71, 0x00, 0x07, 0x00, 0xf4, 0x03, 0x0a, 0x00, 0x00, 0x00, 0x00, 0x00, 0xf1, 0x01, 0x09, 0x00,
    0x00, 0x00, 0x00, 0x00, 0x00, 0x00, 0x00, 0x00, 0x00, 0x00, 0x00, 0x00, 0x00, 0x00, 0x00, 0x00,
    0xef, 0x00, 0x08, 0x00, 0xf2, 0x01, 0x09, 0x00, 0x00, 0x00, 0x00, 0x00, 0xf5, 0x03, 0x0a, 0x00,
    0x72, 0x00, 0x07, 0x00, 0xf3, 0x01, 0x09, 0x00, 0x00, 0x00, 0x00, 0x00, 0xf4, 0x01, 0x09, 0x00,
    0xf5, 0x01, 0x09, 0x00, 0xfa, 0x07, 0x0b, 0x00, 0x00, 0x00, 0x00, 0x00, 0xfb, 0x07, 0x0b, 0x00,
    0x00, 0x00, 0x00, 0x00, 0x00, 0x00, 0x00, 0x00, 0x00, 0x00, 0x00, 0x00, 0x00, 0x00, 0x00, 0x00,
    0xf0, 0x00, 0x08, 0x00, 0xf6, 0x01, 0x09, 0x00, 0x00, 0x00, 0x00, 0x00, 0xfc, 0x07, 0x0b, 0x00,
    0x00, 0x00, 0x00, 0x00, 0x00, 0x00, 0x00, 0x00, 0x00, 0x00, 0x00, 0x00, 0x00, 0x00, 0x00, 0x00,
    0x00, 0x00, 0x00, 0x00, 0x00, 0x00, 0x00, 0x00, 0x00, 0x00, 0x00, 0x00, 0x00, 0x00, 0x00, 0x00,
    0x00, 0x00, 0x00, 0x00, 0x00, 0x00, 0x00, 0x00, 0x00, 0x00, 0x00, 0x00, 0x00, 0x00, 0x00, 0x00,
    0x00, 0x00, 0x00, 0x00, 0x00, 0x00, 0x00, 0x00, 0x00, 0x00, 0x00, 0x00, 0x00, 0x00, 0x00, 0x00,
    0x73, 0x00, 0x07, 0x00, 0xf6, 0x03, 0x0a, 0x00, 0x00, 0x00, 0x00, 0x00, 0xf7, 0x03, 0x0a, 0x00,
    0xf8, 0x03, 0x0a, 0x00, 0xfd, 0x07, 0x0b, 0x00, 0x00, 0x00, 0x00, 0x00, 0xfe, 0x07, 0x0b, 0x00,
    0x00, 0x00, 0x00, 0x00, 0x00, 0x00, 0x00, 0x00, 0x00, 0x00, 0x00, 0x00, 0x00, 0x00, 0x00, 0x00,
    0xf7, 0x01, 0x09, 0x00, 0xff, 0x07, 0x0b, 0x00, 0x00, 0x00, 0x00, 0x00, 0xf9, 0x03, 0x0a, 0x00,
];

pub const G_A_SPEC_WL1_C: [u8; 1024] = [
    0x00, 0x00, 0x01, 0x00, 0x08, 0x00, 0x04, 0x00, 0x00, 0x00, 0x00, 0x00, 0x09, 0x00, 0x04, 0x00,
    0x14, 0x00, 0x05, 0x00, 0xde, 0x00, 0x08, 0x00, 0x00, 0x00, 0x00, 0x00, 0x68, 0x00, 0x07, 0x00,
    0x00, 0x00, 0x00, 0x00, 0x00, 0x00, 0x00, 0x00, 0x00, 0x00, 0x00, 0x00, 0x00, 0x00, 0x00, 0x00,
    0x15, 0x00, 0x05, 0x00, 0x69, 0x00, 0x07, 0x00, 0x00, 0x00, 0x00, 0x00, 0xdf, 0x00, 0x08, 0x00,
    0x16, 0x00, 0x05, 0x00, 0xe0, 0x00, 0x08, 0x00, 0x00, 0x00, 0x00, 0x00, 0xe1, 0x00, 0x08, 0x00,
    0xe2, 0x00, 0x08, 0x00, 0xe6, 0x01, 0x09, 0x00, 0x00, 0x00, 0x00, 0x00, 0xea, 0x03, 0x0a, 0x00,
    0x00, 0x00, 0x00, 0x00, 0x00, 0x00, 0x00, 0x00, 0x00, 0x00, 0x00, 0x00, 0x00, 0x00, 0x00, 0x00,
    0x6a, 0x00, 0x07, 0x00, 0xe3, 0x00, 0x08, 0x00, 0x00, 0x00, 0x00, 0x00, 0xe7, 0x01, 0x09, 0x00,
    0x00, 0x00, 0x00, 0x00, 0x00, 0x00, 0x00, 0x00, 0x00, 0x00, 0x00, 0x00, 0x00, 0x00, 0x00, 0x00,
    0x00, 0x00, 0x00, 0x00, 0x00, 0x00, 0x00, 0x00, 0x00, 0x00, 0x00, 0x00, 0x00, 0x00, 0x00, 0x00,
    0x00, 0x00, 0x00, 0x00, 0x00, 0x00, 0x00, 0x00, 0x00, 0x00, 0x00, 0x00, 0x00, 0x00, 0x00, 0x00,
    0x00, 0x00, 0x00, 0x00, 0x00, 0x00, 0x00, 0x00, 0x00, 0x00, 0x00, 0x00, 0x00, 0x00, 0x00, 0x00,
    0x17, 0x00, 0x05, 0x00, 0xe4, 0x00, 0x08, 0x00, 0x00, 0x00, 0x00, 0x00, 0xe5, 0x00, 0x08, 0x00,
    0x6b, 0x00, 0x07, 0x00, 0xeb, 0x03, 0x0a, 0x00, 0x00, 0x00, 0x00, 0x00, 0xe6, 0x00, 0x08, 0x00,
    0x00, 0x00, 0x00, 0x00, 0x00, 0x00, 0x00, 0x00, 0x00, 0x00, 0x00, 0x00, 0x00, 0x00, 0x00, 0x00,
    0xe7, 0x00, 0x08, 0x00, 0xec, 0x03, 0x0a, 0x00, 0x00, 0x00, 0x00, 0x00, 0xe8, 0x01, 0x09, 0x00,
    0x18, 0x00, 0x05, 0x00, 0xe8, 0x00, 0x08, 0x00, 0x00, 0x00, 0x00, 0x00, 0xe9, 0x00, 0x08, 0x00,
    0xea, 0x00, 0x08, 0x00, 0xed, 0x03, 0x0a, 0x00, 0x00, 0x00, 0x00, 0x00, 0xe9, 0x01, 0x09, 0x00,
    0x00, 0x00, 0x00, 0x00, 0x00, 0x00, 0x00, 0x00, 0x00, 0x00, 0x00, 0x00, 0x00, 0x00, 0x00, 0x00,
    0xeb, 0x00, 0x08, 0x00, 0xea, 0x01, 0x09, 0x00, 0x00, 0x00, 0x00, 0x00, 0xee, 0x03, 0x0a, 0x00,
    0xec, 0x00, 0x08, 0x00, 0xef, 0x03, 0x0a, 0x00, 0x00, 0x00, 0x00, 0x00, 0xf0, 0x03, 0x0a, 0x00,
    0xeb, 0x01, 0x09, 0x00, 0xf1, 0x03, 0x0a, 0x00, 0x00, 0x00, 0x00, 0x00, 0xfc, 0x0f, 0x0c, 0x00,
    0x00, 0x00, 0x00, 0x00, 0x00, 0x00, 0x00, 0x00, 0x00, 0x00, 0x00, 0x00, 0x00, 0x00, 0x00, 0x00,
    0xf2, 0x03, 0x0a, 0x00, 0xf6, 0x07, 0x0b, 0x00, 0x00, 0x00, 0x00, 0x00, 0xf7, 0x07, 0x0b, 0x00,
    0x00, 0x00, 0x00, 0x00, 0x00, 0x00, 0x00, 0x00, 0x00, 0x00, 0x00, 0x00, 0x00, 0x00, 0x00, 0x00,
    0x00, 0x00, 0x00, 0x00, 0x00, 0x00, 0x00, 0x00, 0x00, 0x00, 0x00, 0x00, 0x00, 0x00, 0x00, 0x00,
    0x00, 0x00, 0x00, 0x00, 0x00, 0x00, 0x00, 0x00, 0x00, 0x00, 0x00, 0x00, 0x00, 0x00, 0x00, 0x00,
    0x00, 0x00, 0x00, 0x00, 0x00, 0x00, 0x00, 0x00, 0x00, 0x00, 0x00, 0x00, 0x00, 0x00, 0x00, 0x00,
    0x6c, 0x00, 0x07, 0x00, 0xec, 0x01, 0x09, 0x00, 0x00, 0x00, 0x00, 0x00, 0xed, 0x01, 0x09, 0x00,
    0xed, 0x00, 0x08, 0x00, 0xf8, 0x07, 0x0b, 0x00, 0x00, 0x00, 0x00, 0x00, 0xee, 0x01, 0x09, 0x00,
    0x00, 0x00, 0x00, 0x00, 0x00, 0x00, 0x00, 0x00, 0x00, 0x00, 0x00, 0x00, 0x00, 0x00, 0x00, 0x00,
    0xf3, 0x03, 0x0a, 0x00, 0xf9, 0x07, 0x0b, 0x00, 0x00, 0x00, 0x00, 0x00, 0xfd, 0x0f, 0x0c, 0x00,
    0x00, 0x00, 0x00, 0x00, 0x00, 0x00, 0x00, 0x00, 0x00, 0x00, 0x00, 0x00, 0x00, 0x00, 0x00, 0x00,
    0x00, 0x00, 0x00, 0x00, 0x00, 0x00, 0x00, 0x00, 0x00, 0x00, 0x00, 0x00, 0x00, 0x00, 0x00, 0x00,
    0x00, 0x00, 0x00, 0x00, 0x00, 0x00, 0x00, 0x00, 0x00, 0x00, 0x00, 0x00, 0x00, 0x00, 0x00, 0x00,
    0x00, 0x00, 0x00, 0x00, 0x00, 0x00, 0x00, 0x00, 0x00, 0x00, 0x00, 0x00, 0x00, 0x00, 0x00, 0x00,
    0x00, 0x00, 0x00, 0x00, 0x00, 0x00, 0x00, 0x00, 0x00, 0x00, 0x00, 0x00, 0x00, 0x00, 0x00, 0x00,
    0x00, 0x00, 0x00, 0x00, 0x00, 0x00, 0x00, 0x00, 0x00, 0x00, 0x00, 0x00, 0x00, 0x00, 0x00, 0x00,
    0x00, 0x00, 0x00, 0x00, 0x00, 0x00, 0x00, 0x00, 0x00, 0x00, 0x00, 0x00, 0x00, 0x00, 0x00, 0x00,
    0x00, 0x00, 0x00, 0x00, 0x00, 0x00, 0x00, 0x00, 0x00, 0x00, 0x00, 0x00, 0x00, 0x00, 0x00, 0x00,
    0x00, 0x00, 0x00, 0x00, 0x00, 0x00, 0x00, 0x00, 0x00, 0x00, 0x00, 0x00, 0x00, 0x00, 0x00, 0x00,
    0x00, 0x00, 0x00, 0x00, 0x00, 0x00, 0x00, 0x00, 0x00, 0x00, 0x00, 0x00, 0x00, 0x00, 0x00, 0x00,
    0x00, 0x00, 0x00, 0x00, 0x00, 0x00, 0x00, 0x00, 0x00, 0x00, 0x00, 0x00, 0x00, 0x00, 0x00, 0x00,
    0x00, 0x00, 0x00, 0x00, 0x00, 0x00, 0x00, 0x00, 0x00, 0x00, 0x00, 0x00, 0x00, 0x00, 0x00, 0x00,
    0x00, 0x00, 0x00, 0x00, 0x00, 0x00, 0x00, 0x00, 0x00, 0x00, 0x00, 0x00, 0x00, 0x00, 0x00, 0x00,
    0x00, 0x00, 0x00, 0x00, 0x00, 0x00, 0x00, 0x00, 0x00, 0x00, 0x00, 0x00, 0x00, 0x00, 0x00, 0x00,
    0x00, 0x00, 0x00, 0x00, 0x00, 0x00, 0x00, 0x00, 0x00, 0x00, 0x00, 0x00, 0x00, 0x00, 0x00, 0x00,
    0x00, 0x00, 0x00, 0x00, 0x00, 0x00, 0x00, 0x00, 0x00, 0x00, 0x00, 0x00, 0x00, 0x00, 0x00, 0x00,
    0x19, 0x00, 0x05, 0x00, 0xee, 0x00, 0x08, 0x00, 0x00, 0x00, 0x00, 0x00, 0xef, 0x00, 0x08, 0x00,
    0x6d, 0x00, 0x07, 0x00, 0xf4, 0x03, 0x0a, 0x00, 0x00, 0x00, 0x00, 0x00, 0xef, 0x01, 0x09, 0x00,
    0x00, 0x00, 0x00, 0x00, 0x00, 0x00, 0x00, 0x00, 0x00, 0x00, 0x00, 0x00, 0x00, 0x00, 0x00, 0x00,
    0xf0, 0x00, 0x08, 0x00, 0xf0, 0x01, 0x09, 0x00, 0x00, 0x00, 0x00, 0x00, 0xf5, 0x03, 0x0a, 0x00,
    0x6e, 0x00, 0x07, 0x00, 0xf1, 0x01, 0x09, 0x00, 0x00, 0x00, 0x00, 0x00, 0xf2, 0x01, 0x09, 0x00,
    0xf6, 0x03, 0x0a, 0x00, 0xfe, 0x0f, 0x0c, 0x00, 0x00, 0x00, 0x00, 0x00, 0xfa, 0x07, 0x0b, 0x00,
    0x00, 0x00, 0x00, 0x00, 0x00, 0x00, 0x00, 0x00, 0x00, 0x00, 0x00, 0x00, 0x00, 0x00, 0x00, 0x00,
    0xf1, 0x00, 0x08, 0x00, 0xf3, 0x01, 0x09, 0x00, 0x00, 0x00, 0x00, 0x00, 0xfb, 0x07, 0x0b, 0x00,
    0x00, 0x00, 0x00, 0x00, 0x00, 0x00, 0x00, 0x00, 0x00, 0x00, 0x00, 0x00, 0x00, 0x00, 0x00, 0x00,
    0x00, 0x00, 0x00, 0x00, 0x00, 0x00, 0x00, 0x00, 0x00, 0x00, 0x00, 0x00, 0x00, 0x00, 0x00, 0x00,
    0x00, 0x00, 0x00, 0x00, 0x00, 0x00, 0x00, 0x00, 0x00, 0x00, 0x00, 0x00, 0x00, 0x00, 0x00, 0x00,
    0x00, 0x00, 0x00, 0x00, 0x00, 0x00, 0x00, 0x00, 0x00, 0x00, 0x00, 0x00, 0x00, 0x00, 0x00, 0x00,
    0xf2, 0x00, 0x08, 0x00, 0xf7, 0x03, 0x0a, 0x00, 0x00, 0x00, 0x00, 0x00, 0xf8, 0x03, 0x0a, 0x00,
    0xf9, 0x03, 0x0a, 0x00, 0xfc, 0x07, 0x0b, 0x00, 0x00, 0x00, 0x00, 0x00, 0xfd, 0x07, 0x0b, 0x00,
    0x00, 0x00, 0x00, 0x00, 0x00, 0x00, 0x00, 0x00, 0x00, 0x00, 0x00, 0x00, 0x00, 0x00, 0x00, 0x00,
    0xf4, 0x01, 0x09, 0x00, 0xff, 0x0f, 0x0c, 0x00, 0x00, 0x00, 0x00, 0x00, 0xfa, 0x03, 0x0a, 0x00,
];

pub const G_A_SPEC_WL1_D: [u8; 64] = [
    0x00, 0x00, 0x01, 0x00, 0x04, 0x00, 0x03, 0x00, 0x00, 0x00, 0x00, 0x00, 0x05, 0x00, 0x03, 0x00,
    0x06, 0x00, 0x03, 0x00, 0x3c, 0x00, 0x06, 0x00, 0x00, 0x00, 0x00, 0x00, 0x3d, 0x00, 0x06, 0x00,
    0x00, 0x00, 0x00, 0x00, 0x00, 0x00, 0x00, 0x00, 0x00, 0x00, 0x00, 0x00, 0x00, 0x00, 0x00, 0x00,
    0x0e, 0x00, 0x04, 0x00, 0x3e, 0x00, 0x06, 0x00, 0x00, 0x00, 0x00, 0x00, 0x3f, 0x00, 0x06, 0x00,
];

pub const G_A_SPEC_WL1_E: [u8; 1024] = [
    0x00, 0x00, 0x01, 0x00, 0x08, 0x00, 0x04, 0x00, 0x00, 0x00, 0x00, 0x00, 0x09, 0x00, 0x04, 0x00,
    0x0a, 0x00, 0x04, 0x00, 0xe0, 0x01, 0x09, 0x00, 0x00, 0x00, 0x00, 0x00, 0xe1, 0x01, 0x09, 0x00,
    0x00, 0x00, 0x00, 0x00, 0x00, 0x00, 0x00, 0x00, 0x00, 0x00, 0x00, 0x00, 0x00, 0x00, 0x00, 0x00,
    0x0b, 0x00, 0x04, 0x00, 0xe2, 0x01, 0x09, 0x00, 0x00, 0x00, 0x00, 0x00, 0xe3, 0x01, 0x09, 0x00,
    0x0c, 0x00, 0x04, 0x00, 0xe6, 0x03, 0x0a, 0x00, 0x00, 0x00, 0x00, 0x00, 0xe4, 0x01, 0x09, 0x00,
    0xe7, 0x03, 0x0a, 0x00, 0xde, 0x07, 0x0b, 0x00, 0x00, 0x00, 0x00, 0x00, 0xdf, 0x07, 0x0b, 0x00,
    0x00, 0x00, 0x00, 0x00, 0x00, 0x00, 0x00, 0x00, 0x00, 0x00, 0x00, 0x00, 0x00, 0x00, 0x00, 0x00,
    0xe5, 0x01, 0x09, 0x00, 0xe8, 0x03, 0x0a, 0x00, 0x00, 0x00, 0x00, 0x00, 0xe0, 0x07, 0x0b, 0x00,
    0x00, 0x00, 0x00, 0x00, 0x00, 0x00, 0x00, 0x00, 0x00, 0x00, 0x00, 0x00, 0x00, 0x00, 0x00, 0x00,
    0x00, 0x00, 0x00, 0x00, 0x00, 0x00, 0x00, 0x00, 0x00, 0x00, 0x00, 0x00, 0x00, 0x00, 0x00, 0x00,
    0x00, 0x00, 0x00, 0x00, 0x00, 0x00, 0x00, 0x00, 0x00, 0x00, 0x00, 0x00, 0x00, 0x00, 0x00, 0x00,
    0x00, 0x00, 0x00, 0x00, 0x00, 0x00, 0x00, 0x00, 0x00, 0x00, 0x00, 0x00, 0x00, 0x00, 0x00, 0x00,
    0x0d, 0x00, 0x04, 0x00, 0xe6, 0x01, 0x09, 0x00, 0x00, 0x00, 0x00, 0x00, 0xe7, 0x01, 0x09, 0x00,
    0xe8, 0x01, 0x09, 0x00, 0xe1, 0x07, 0x0b, 0x00, 0x00, 0x00, 0x00, 0x00, 0xe9, 0x03, 0x0a, 0x00,
    0x00, 0x00, 0x00, 0x00, 0x00, 0x00, 0x00, 0x00, 0x00, 0x00, 0x00, 0x00, 0x00, 0x00, 0x00, 0x00,
    0xea, 0x03, 0x0a, 0x00, 0xe2, 0x07, 0x0b, 0x00, 0x00, 0x00, 0x00, 0x00, 0xe3, 0x07, 0x0b, 0x00,
    0x1c, 0x00, 0x05, 0x00, 0xe9, 0x01, 0x09, 0x00, 0x00, 0x00, 0x00, 0x00, 0xea, 0x01, 0x09, 0x00,
    0xeb, 0x03, 0x0a, 0x00, 0xec, 0x0f, 0x0c, 0x00, 0x00, 0x00, 0x00, 0x00, 0xe4, 0x07, 0x0b, 0x00,
    0x00, 0x00, 0x00, 0x00, 0x00, 0x00, 0x00, 0x00, 0x00, 0x00, 0x00, 0x00, 0x00, 0x00, 0x00, 0x00,
    0xeb, 0x01, 0x09, 0x00, 0xe5, 0x07, 0x0b, 0x00, 0x00, 0x00, 0x00, 0x00, 0xe6, 0x07, 0x0b, 0x00,
    0xec, 0x01, 0x09, 0x00, 0xed, 0x0f, 0x0c, 0x00, 0x00, 0x00, 0x00, 0x00, 0xe7, 0x07, 0x0b, 0x00,
    0xe8, 0x07, 0x0b, 0x00, 0xee, 0x0f, 0x0c, 0x00, 0x00, 0x00, 0x00, 0x00, 0xef, 0x0f, 0x0c, 0x00,
    0x00, 0x00, 0x00, 0x00, 0x00, 0x00, 0x00, 0x00, 0x00, 0x00, 0x00, 0x00, 0x00, 0x00, 0x00, 0x00,
    0xe9, 0x07, 0x0b, 0x00, 0xf0, 0x0f, 0x0c, 0x00, 0x00, 0x00, 0x00, 0x00, 0xf1, 0x0f, 0x0c, 0x00,
    0x00, 0x00, 0x00, 0x00, 0x00, 0x00, 0x00, 0x00, 0x00, 0x00, 0x00, 0x00, 0x00, 0x00, 0x00, 0x00,
    0x00, 0x00, 0x00, 0x00, 0x00, 0x00, 0x00, 0x00, 0x00, 0x00, 0x00, 0x00, 0x00, 0x00, 0x00, 0x00,
    0x00, 0x00, 0x00, 0x00, 0x00, 0x00, 0x00, 0x00, 0x00, 0x00, 0x00, 0x00, 0x00, 0x00, 0x00, 0x00,
    0x00, 0x00, 0x00, 0x00, 0x00, 0x00, 0x00, 0x00, 0x00, 0x00, 0x00, 0x00, 0x00, 0x00, 0x00, 0x00,
    0xed, 0x01, 0x09, 0x00, 0xea, 0x07, 0x0b, 0x00, 0x00, 0x00, 0x00, 0x00, 0xeb, 0x07, 0x0b, 0x00,
    0xec, 0x03, 0x0a, 0x00, 0xf2, 0x0f, 0x0c, 0x00, 0x00, 0x00, 0x00, 0x00, 0xec, 0x07, 0x0b, 0x00,
    0x00, 0x00, 0x00, 0x00, 0x00, 0x00, 0x00, 0x00, 0x00, 0x00, 0x00, 0x00, 0x00, 0x00, 0x00, 0x00,
    0xed, 0x07, 0x0b, 0x00, 0xf3, 0x0f, 0x0c, 0x00, 0x00, 0x00, 0x00, 0x00, 0xf4, 0x0f, 0x0c, 0x00,
    0x00, 0x00, 0x00, 0x00, 0x00, 0x00, 0x00, 0x00, 0x00, 0x00, 0x00, 0x00, 0x00, 0x00, 0x00, 0x00,
    0x00, 0x00, 0x00, 0x00, 0x00, 0x00, 0x00, 0x00, 0x00, 0x00, 0x00, 0x00, 0x00, 0x00, 0x00, 0x00,
    0x00, 0x00, 0x00, 0x00, 0x00, 0x00, 0x00, 0x00, 0x00, 0x00, 0x00, 0x00, 0x00, 0x00, 0x00, 0x00,
    0x00, 0x00, 0x00, 0x00, 0x00, 0x00, 0x00, 0x00, 0x00, 0x00, 0x00, 0x00, 0x00, 0x00, 0x00, 0x00,
    0x00, 0x00, 0x00, 0x00, 0x00, 0x00, 0x00, 0x00, 0x00, 0x00, 0x00, 0x00, 0x00, 0x00, 0x00, 0x00,
    0x00, 0x00, 0x00, 0x00, 0x00, 0x00, 0x00, 0x00, 0x00, 0x00, 0x00, 0x00, 0x00, 0x00, 0x00, 0x00,
    0x00, 0x00, 0x00, 0x00, 0x00, 0x00, 0x00, 0x00, 0x00, 0x00, 0x00, 0x00, 0x00, 0x00, 0x00, 0x00,
    0x00, 0x00, 0x00, 0x00, 0x00, 0x00, 0x00, 0x00, 0x00, 0x00, 0x00, 0x00, 0x00, 0x00, 0x00, 0x00,
    0x00, 0x00, 0x00, 0x00, 0x00, 0x00, 0x00, 0x00, 0x00, 0x00, 0x00, 0x00, 0x00, 0x00, 0x00, 0x00,
    0x00, 0x00, 0x00, 0x00, 0x00, 0x00, 0x00, 0x00, 0x00, 0x00, 0x00, 0x00, 0x00, 0x00, 0x00, 0x00,
    0x00, 0x00, 0x00, 0x00, 0x00, 0x00, 0x00, 0x00, 0x00, 0x00, 0x00, 0x00, 0x00, 0x00, 0x00, 0x00,
    0x00, 0x00, 0x00, 0x00, 0x00, 0x00, 0x00, 0x00, 0x00, 0x00, 0x00, 0x00, 0x00, 0x00, 0x00, 0x00,
    0x00, 0x00, 0x00, 0x00, 0x00, 0x00, 0x00, 0x00, 0x00, 0x00, 0x00, 0x00, 0x00, 0x00, 0x00, 0x00,
    0x00, 0x00, 0x00, 0x00, 0x00, 0x00, 0x00, 0x00, 0x00, 0x00, 0x00, 0x00, 0x00, 0x00, 0x00, 0x00,
    0x00, 0x00, 0x00, 0x00, 0x00, 0x00, 0x00, 0x00, 0x00, 0x00, 0x00, 0x00, 0x00, 0x00, 0x00, 0x00,
    0x00, 0x00, 0x00, 0x00, 0x00, 0x00, 0x00, 0x00, 0x00, 0x00, 0x00, 0x00, 0x00, 0x00, 0x00, 0x00,
    0x1d, 0x00, 0x05, 0x00, 0xee, 0x01, 0x09, 0x00, 0x00, 0x00, 0x00, 0x00, 0xef, 0x01, 0x09, 0x00,
    0xf0, 0x01, 0x09, 0x00, 0xf5, 0x0f, 0x0c, 0x00, 0x00, 0x00, 0x00, 0x00, 0xee, 0x07, 0x0b, 0x00,
    0x00, 0x00, 0x00, 0x00, 0x00, 0x00, 0x00, 0x00, 0x00, 0x00, 0x00, 0x00, 0x00, 0x00, 0x00, 0x00,
    0xed, 0x03, 0x0a, 0x00, 0xef, 0x07, 0x0b, 0x00, 0x00, 0x00, 0x00, 0x00, 0xf6, 0x0f, 0x0c, 0x00,
    0xf1, 0x01, 0x09, 0x00, 0xf0, 0x07, 0x0b, 0x00, 0x00, 0x00, 0x00, 0x00, 0xf1, 0x07, 0x0b, 0x00,
    0xf2, 0x07, 0x0b, 0x00, 0xf7, 0x0f, 0x0c, 0x00, 0x00, 0x00, 0x00, 0x00, 0xf8, 0x0f, 0x0c, 0x00,
    0x00, 0x00, 0x00, 0x00, 0x00, 0x00, 0x00, 0x00, 0x00, 0x00, 0x00, 0x00, 0x00, 0x00, 0x00, 0x00,
    0xee, 0x03, 0x0a, 0x00, 0xf3, 0x07, 0x0b, 0x00, 0x00, 0x00, 0x00, 0x00, 0xf9, 0x0f, 0x0c, 0x00,
    0x00, 0x00, 0x00, 0x00, 0x00, 0x00, 0x00, 0x00, 0x00, 0x00, 0x00, 0x00, 0x00, 0x00, 0x00, 0x00,
    0x00, 0x00, 0x00, 0x00, 0x00, 0x00, 0x00, 0x00, 0x00, 0x00, 0x00, 0x00, 0x00, 0x00, 0x00, 0x00,
    0x00, 0x00, 0x00, 0x00, 0x00, 0x00, 0x00, 0x00, 0x00, 0x00, 0x00, 0x00, 0x00, 0x00, 0x00, 0x00,
    0x00, 0x00, 0x00, 0x00, 0x00, 0x00, 0x00, 0x00, 0x00, 0x00, 0x00, 0x00, 0x00, 0x00, 0x00, 0x00,
    0xf2, 0x01, 0x09, 0x00, 0xfa, 0x0f, 0x0c, 0x00, 0x00, 0x00, 0x00, 0x00, 0xfb, 0x0f, 0x0c, 0x00,
    0xf4, 0x07, 0x0b, 0x00, 0xfc, 0x0f, 0x0c, 0x00, 0x00, 0x00, 0x00, 0x00, 0xfd, 0x0f, 0x0c, 0x00,
    0x00, 0x00, 0x00, 0x00, 0x00, 0x00, 0x00, 0x00, 0x00, 0x00, 0x00, 0x00, 0x00, 0x00, 0x00, 0x00,
    0xf5, 0x07, 0x0b, 0x00, 0xfe, 0x0f, 0x0c, 0x00, 0x00, 0x00, 0x00, 0x00, 0xff, 0x0f, 0x0c, 0x00,
];

pub const G_A_SPEC_WL1_F: [u8; 1024] = [
    0x00, 0x00, 0x02, 0x00, 0x04, 0x00, 0x04, 0x00, 0x00, 0x00, 0x00, 0x00, 0x05, 0x00, 0x04, 0x00,
    0x14, 0x00, 0x05, 0x00, 0x64, 0x00, 0x07, 0x00, 0x00, 0x00, 0x00, 0x00, 0x2c, 0x00, 0x06, 0x00,
    0x00, 0x00, 0x00, 0x00, 0x00, 0x00, 0x00, 0x00, 0x00, 0x00, 0x00, 0x00, 0x00, 0x00, 0x00, 0x00,
    0x06, 0x00, 0x04, 0x00, 0x2d, 0x00, 0x06, 0x00, 0x00, 0x00, 0x00, 0x00, 0x65, 0x00, 0x07, 0x00,
    0x07, 0x00, 0x04, 0x00, 0x66, 0x00, 0x07, 0x00, 0x00, 0x00, 0x00, 0x00, 0x67, 0x00, 0x07, 0x00,
    0x68, 0x00, 0x07, 0x00, 0xe0, 0x01, 0x09, 0x00, 0x00, 0x00, 0x00, 0x00, 0xe1, 0x01, 0x09, 0x00,
    0x00, 0x00, 0x00, 0x00, 0x00, 0x00, 0x00, 0x00, 0x00, 0x00, 0x00, 0x00, 0x00, 0x00, 0x00, 0x00,
    0x2e, 0x00, 0x06, 0x00, 0xec, 0x00, 0x08, 0x00, 0x00, 0x00, 0x00, 0x00, 0xe2, 0x01, 0x09, 0x00,
    0x00, 0x00, 0x00, 0x00, 0x00, 0x00, 0x00, 0x00, 0x00, 0x00, 0x00, 0x00, 0x00, 0x00, 0x00, 0x00,
    0x00, 0x00, 0x00, 0x00, 0x00, 0x00, 0x00, 0x00, 0x00, 0x00, 0x00, 0x00, 0x00, 0x00, 0x00, 0x00,
    0x00, 0x00, 0x00, 0x00, 0x00, 0x00, 0x00, 0x00, 0x00, 0x00, 0x00, 0x00, 0x00, 0x00, 0x00, 0x00,
    0x00, 0x00, 0x00, 0x00, 0x00, 0x00, 0x00, 0x00, 0x00, 0x00, 0x00, 0x00, 0x00, 0x00, 0x00, 0x00,
    0x15, 0x00, 0x05, 0x00, 0x69, 0x00, 0x07, 0x00, 0x00, 0x00, 0x00, 0x00, 0x6a, 0x00, 0x07, 0x00,
    0x2f, 0x00, 0x06, 0x00, 0xe3, 0x01, 0x09, 0x00, 0x00, 0x00, 0x00, 0x00, 0xed, 0x00, 0x08, 0x00,
    0x00, 0x00, 0x00, 0x00, 0x00, 0x00, 0x00, 0x00, 0x00, 0x00, 0x00, 0x00, 0x00, 0x00, 0x00, 0x00,
    0x6b, 0x00, 0x07, 0x00, 0xe4, 0x01, 0x09, 0x00, 0x00, 0x00, 0x00, 0x00, 0xe5, 0x01, 0x09, 0x00,
    0x08, 0x00, 0x04, 0x00, 0x6c, 0x00, 0x07, 0x00, 0x00, 0x00, 0x00, 0x00, 0x6d, 0x00, 0x07, 0x00,
    0x6e, 0x00, 0x07, 0x00, 0xf4, 0x03, 0x0a, 0x00, 0x00, 0x00, 0x00, 0x00, 0xe6, 0x01, 0x09, 0x00,
    0x00, 0x00, 0x00, 0x00, 0x00, 0x00, 0x00, 0x00, 0x00, 0x00, 0x00, 0x00, 0x00, 0x00, 0x00, 0x00,
    0x6f, 0x00, 0x07, 0x00, 0xe7, 0x01, 0x09, 0x00, 0x00, 0x00, 0x00, 0x00, 0xe8, 0x01, 0x09, 0x00,
    0x70, 0x00, 0x07, 0x00, 0xf5, 0x03, 0x0a, 0x00, 0x00, 0x00, 0x00, 0x00, 0xe9, 0x01, 0x09, 0x00,
    0xea, 0x01, 0x09, 0x00, 0xf6, 0x03, 0x0a, 0x00, 0x00, 0x00, 0x00, 0x00, 0xf4, 0x07, 0x0b, 0x00,
    0x00, 0x00, 0x00, 0x00, 0x00, 0x00, 0x00, 0x00, 0x00, 0x00, 0x00, 0x00, 0x00, 0x00, 0x00, 0x00,
    0xeb, 0x01, 0x09, 0x00, 0xf5, 0x07, 0x0b, 0x00, 0x00, 0x00, 0x00, 0x00, 0xf6, 0x07, 0x0b, 0x00,
    0x00, 0x00, 0x00, 0x00, 0x00, 0x00, 0x00, 0x00, 0x00, 0x00, 0x00, 0x00, 0x00, 0x00, 0x00, 0x00,
    0x00, 0x00, 0x00, 0x00, 0x00, 0x00, 0x00, 0x00, 0x00, 0x00, 0x00, 0x00, 0x00, 0x00, 0x00, 0x00,
    0x00, 0x00, 0x00, 0x00, 0x00, 0x00, 0x00, 0x00, 0x00, 0x00, 0x00, 0x00, 0x00, 0x00, 0x00, 0x00,
    0x00, 0x00, 0x00, 0x00, 0x00, 0x00, 0x00, 0x00, 0x00, 0x00, 0x00, 0x00, 0x00, 0x00, 0x00, 0x00,
    0x30, 0x00, 0x06, 0x00, 0xec, 0x01, 0x09, 0x00, 0x00, 0x00, 0x00, 0x00, 0xed, 0x01, 0x09, 0x00,
    0xee, 0x00, 0x08, 0x00, 0xf7, 0x07, 0x0b, 0x00, 0x00, 0x00, 0x00, 0x00, 0xee, 0x01, 0x09, 0x00,
    0x00, 0x00, 0x00, 0x00, 0x00, 0x00, 0x00, 0x00, 0x00, 0x00, 0x00, 0x00, 0x00, 0x00, 0x00, 0x00,
    0xef, 0x01, 0x09, 0x00, 0xf8, 0x07, 0x0b, 0x00, 0x00, 0x00, 0x00, 0x00, 0xf9, 0x07, 0x0b, 0x00,
    0x00, 0x00, 0x00, 0x00, 0x00, 0x00, 0x00, 0x00, 0x00, 0x00, 0x00, 0x00, 0x00, 0x00, 0x00, 0x00,
    0x00, 0x00, 0x00, 0x00, 0x00, 0x00, 0x00, 0x00, 0x00, 0x00, 0x00, 0x00, 0x00, 0x00, 0x00, 0x00,
    0x00, 0x00, 0x00, 0x00, 0x00, 0x00, 0x00, 0x00, 0x00, 0x00, 0x00, 0x00, 0x00, 0x00, 0x00, 0x00,
    0x00, 0x00, 0x00, 0x00, 0x00, 0x00, 0x00, 0x00, 0x00, 0x00, 0x00, 0x00, 0x00, 0x00, 0x00, 0x00,
    0x00, 0x00, 0x00, 0x00, 0x00, 0x00, 0x00, 0x00, 0x00, 0x00, 0x00, 0x00, 0x00, 0x00, 0x00, 0x00,
    0x00, 0x00, 0x00, 0x00, 0x00, 0x00, 0x00, 0x00, 0x00, 0x00, 0x00, 0x00, 0x00, 0x00, 0x00, 0x00,
    0x00, 0x00, 0x00, 0x00, 0x00, 0x00, 0x00, 0x00, 0x00, 0x00, 0x00, 0x00, 0x00, 0x00, 0x00, 0x00,
    0x00, 0x00, 0x00, 0x00, 0x00, 0x00, 0x00, 0x00, 0x00, 0x00, 0x00, 0x00, 0x00, 0x00, 0x00, 0x00,
    0x00, 0x00, 0x00, 0x00, 0x00, 0x00, 0x00, 0x00, 0x00, 0x00, 0x00, 0x00, 0x00, 0x00, 0x00, 0x00,
    0x00, 0x00, 0x00, 0x00, 0x00, 0x00, 0x00, 0x00, 0x00, 0x00, 0x00, 0x00, 0x00, 0x00, 0x00, 0x00,
    0x00, 0x00, 0x00, 0x00, 0x00, 0x00, 0x00, 0x00, 0x00, 0x00, 0x00, 0x00, 0x00, 0x00, 0x00, 0x00,
    0x00, 0x00, 0x00, 0x00, 0x00, 0x00, 0x00, 0x00, 0x00, 0x00, 0x00, 0x00, 0x00, 0x00, 0x00, 0x00,
    0x00, 0x00, 0x00, 0x00, 0x00, 0x00, 0x00, 0x00, 0x00, 0x00, 0x00, 0x00, 0x00, 0x00, 0x00, 0x00,
    0x00, 0x00, 0x00, 0x00, 0x00, 0x00, 0x00, 0x00, 0x00, 0x00, 0x00, 0x00, 0x00, 0x00, 0x00, 0x00,
    0x00, 0x00, 0x00, 0x00, 0x00, 0x00, 0x00, 0x00, 0x00, 0x00, 0x00, 0x00, 0x00, 0x00, 0x00, 0x00,
    0x00, 0x00, 0x00, 0x00, 0x00, 0x00, 0x00, 0x00, 0x00, 0x00, 0x00, 0x00, 0x00, 0x00, 0x00, 0x00,
    0x09, 0x00, 0x04, 0x00, 0x71, 0x00, 0x07, 0x00, 0x00, 0x00, 0x00, 0x00, 0x72, 0x00, 0x07, 0x00,
    0x73, 0x00, 0x07, 0x00, 0xf0, 0x01, 0x09, 0x00, 0x00, 0x00, 0x00, 0x00, 0xf1, 0x01, 0x09, 0x00,
    0x00, 0x00, 0x00, 0x00, 0x00, 0x00, 0x00, 0x00, 0x00, 0x00, 0x00, 0x00, 0x00, 0x00, 0x00, 0x00,
    0x74, 0x00, 0x07, 0x00, 0xf2, 0x01, 0x09, 0x00, 0x00, 0x00, 0x00, 0x00, 0xf7, 0x03, 0x0a, 0x00,
    0x31, 0x00, 0x06, 0x00, 0xf3, 0x01, 0x09, 0x00, 0x00, 0x00, 0x00, 0x00, 0xf4, 0x01, 0x09, 0x00,
    0xf5, 0x01, 0x09, 0x00, 0xfa, 0x07, 0x0b, 0x00, 0x00, 0x00, 0x00, 0x00, 0xfb, 0x07, 0x0b, 0x00,
    0x00, 0x00, 0x00, 0x00, 0x00, 0x00, 0x00, 0x00, 0x00, 0x00, 0x00, 0x00, 0x00, 0x00, 0x00, 0x00,
    0xef, 0x00, 0x08, 0x00, 0xf6, 0x01, 0x09, 0x00, 0x00, 0x00, 0x00, 0x00, 0xfc, 0x07, 0x0b, 0x00,
    0x00, 0x00, 0x00, 0x00, 0x00, 0x00, 0x00, 0x00, 0x00, 0x00, 0x00, 0x00, 0x00, 0x00, 0x00, 0x00,
    0x00, 0x00, 0x00, 0x00, 0x00, 0x00, 0x00, 0x00, 0x00, 0x00, 0x00, 0x00, 0x00, 0x00, 0x00, 0x00,
    0x00, 0x00, 0x00, 0x00, 0x00, 0x00, 0x00, 0x00, 0x00, 0x00, 0x00, 0x00, 0x00, 0x00, 0x00, 0x00,
    0x00, 0x00, 0x00, 0x00, 0x00, 0x00, 0x00, 0x00, 0x00, 0x00, 0x00, 0x00, 0x00, 0x00, 0x00, 0x00,
    0x75, 0x00, 0x07, 0x00, 0xf7, 0x01, 0x09, 0x00, 0x00, 0x00, 0x00, 0x00, 0xf8, 0x03, 0x0a, 0x00,
    0xf8, 0x01, 0x09, 0x00, 0xfd, 0x07, 0x0b, 0x00, 0x00, 0x00, 0x00, 0x00, 0xfe, 0x07, 0x0b, 0x00,
    0x00, 0x00, 0x00, 0x00, 0x00, 0x00, 0x00, 0x00, 0x00, 0x00, 0x00, 0x00, 0x00, 0x00, 0x00, 0x00,
    0xf9, 0x01, 0x09, 0x00, 0xff, 0x07, 0x0b, 0x00, 0x00, 0x00, 0x00, 0x00, 0xf9, 0x03, 0x0a, 0x00,
];

pub const G_A_SPEC_WL1_G: [u8; 1024] = [
    0x00, 0x00, 0x02, 0x00, 0x04, 0x00, 0x04, 0x00, 0x00, 0x00, 0x00, 0x00, 0x05, 0x00, 0x04, 0x00,
    0x06, 0x00, 0x04, 0x00, 0x62, 0x00, 0x07, 0x00, 0x00, 0x00, 0x00, 0x00, 0x63, 0x00, 0x07, 0x00,
    0x00, 0x00, 0x00, 0x00, 0x00, 0x00, 0x00, 0x00, 0x00, 0x00, 0x00, 0x00, 0x00, 0x00, 0x00, 0x00,
    0x07, 0x00, 0x04, 0x00, 0x30, 0x00, 0x06, 0x00, 0x00, 0x00, 0x00, 0x00, 0x64, 0x00, 0x07, 0x00,
    0x08, 0x00, 0x04, 0x00, 0x65, 0x00, 0x07, 0x00, 0x00, 0x00, 0x00, 0x00, 0x66, 0x00, 0x07, 0x00,
    0x67, 0x00, 0x07, 0x00, 0xdc, 0x01, 0x09, 0x00, 0x00, 0x00, 0x00, 0x00, 0xdd, 0x01, 0x09, 0x00,
    0x00, 0x00, 0x00, 0x00, 0x00, 0x00, 0x00, 0x00, 0x00, 0x00, 0x00, 0x00, 0x00, 0x00, 0x00, 0x00,
    0x68, 0x00, 0x07, 0x00, 0xe4, 0x00, 0x08, 0x00, 0x00, 0x00, 0x00, 0x00, 0xde, 0x01, 0x09, 0x00,
    0x00, 0x00, 0x00, 0x00, 0x00, 0x00, 0x00, 0x00, 0x00, 0x00, 0x00, 0x00, 0x00, 0x00, 0x00, 0x00,
    0x00, 0x00, 0x00, 0x00, 0x00, 0x00, 0x00, 0x00, 0x00, 0x00, 0x00, 0x00, 0x00, 0x00, 0x00, 0x00,
    0x00, 0x00, 0x00, 0x00, 0x00, 0x00, 0x00, 0x00, 0x00, 0x00, 0x00, 0x00, 0x00, 0x00, 0x00, 0x00,
    0x00, 0x00, 0x00, 0x00, 0x00, 0x00, 0x00, 0x00, 0x00, 0x00, 0x00, 0x00, 0x00, 0x00, 0x00, 0x00,
    0x09, 0x00, 0x04, 0x00, 0x69, 0x00, 0x07, 0x00, 0x00, 0x00, 0x00, 0x00, 0xe5, 0x00, 0x08, 0x00,
    0x6a, 0x00, 0x07, 0x00, 0xdf, 0x01, 0x09, 0x00, 0x00, 0x00, 0x00, 0x00, 0xe6, 0x00, 0x08, 0x00,
    0x00, 0x00, 0x00, 0x00, 0x00, 0x00, 0x00, 0x00, 0x00, 0x00, 0x00, 0x00, 0x00, 0x00, 0x00, 0x00,
    0x6b, 0x00, 0x07, 0x00, 0xe0, 0x01, 0x09, 0x00, 0x00, 0x00, 0x00, 0x00, 0xe7, 0x00, 0x08, 0x00,
    0x0a, 0x00, 0x04, 0x00, 0xe8, 0x00, 0x08, 0x00, 0x00, 0x00, 0x00, 0x00, 0xe9, 0x00, 0x08, 0x00,
    0xea, 0x00, 0x08, 0x00, 0xe1, 0x01, 0x09, 0x00, 0x00, 0x00, 0x00, 0x00, 0xe2, 0x01, 0x09, 0x00,
    0x00, 0x00, 0x00, 0x00, 0x00, 0x00, 0x00, 0x00, 0x00, 0x00, 0x00, 0x00, 0x00, 0x00, 0x00, 0x00,
    0x6c, 0x00, 0x07, 0x00, 0xe3, 0x01, 0x09, 0x00, 0x00, 0x00, 0x00, 0x00, 0xe4, 0x01, 0x09, 0x00,
    0x6d, 0x00, 0x07, 0x00, 0xe5, 0x01, 0x09, 0x00, 0x00, 0x00, 0x00, 0x00, 0xe6, 0x01, 0x09, 0x00,
    0xe7, 0x01, 0x09, 0x00, 0xf2, 0x03, 0x0a, 0x00, 0x00, 0x00, 0x00, 0x00, 0xf3, 0x03, 0x0a, 0x00,
    0x00, 0x00, 0x00, 0x00, 0x00, 0x00, 0x00, 0x00, 0x00, 0x00, 0x00, 0x00, 0x00, 0x00, 0x00, 0x00,
    0xe8, 0x01, 0x09, 0x00, 0xf4, 0x03, 0x0a, 0x00, 0x00, 0x00, 0x00, 0x00, 0xf5, 0x03, 0x0a, 0x00,
    0x00, 0x00, 0x00, 0x00, 0x00, 0x00, 0x00, 0x00, 0x00, 0x00, 0x00, 0x00, 0x00, 0x00, 0x00, 0x00,
    0x00, 0x00, 0x00, 0x00, 0x00, 0x00, 0x00, 0x00, 0x00, 0x00, 0x00, 0x00, 0x00, 0x00, 0x00, 0x00,
    0x00, 0x00, 0x00, 0x00, 0x00, 0x00, 0x00, 0x00, 0x00, 0x00, 0x00, 0x00, 0x00, 0x00, 0x00, 0x00,
    0x00, 0x00, 0x00, 0x00, 0x00, 0x00, 0x00, 0x00, 0x00, 0x00, 0x00, 0x00, 0x00, 0x00, 0x00, 0x00,
    0x6e, 0x00, 0x07, 0x00, 0xe9, 0x01, 0x09, 0x00, 0x00, 0x00, 0x00, 0x00, 0xea, 0x01, 0x09, 0x00,
    0xeb, 0x01, 0x09, 0x00, 0xf6, 0x03, 0x0a, 0x00, 0x00, 0x00, 0x00, 0x00, 0xf7, 0x03, 0x0a, 0x00,
    0x00, 0x00, 0x00, 0x00, 0x00, 0x00, 0x00, 0x00, 0x00, 0x00, 0x00, 0x00, 0x00, 0x00, 0x00, 0x00,
    0xec, 0x01, 0x09, 0x00, 0xfc, 0x07, 0x0b, 0x00, 0x00, 0x00, 0x00, 0x00, 0xf8, 0x03, 0x0a, 0x00,
    0x00, 0x00, 0x00, 0x00, 0x00, 0x00, 0x00, 0x00, 0x00, 0x00, 0x00, 0x00, 0x00, 0x00, 0x00, 0x00,
    0x00, 0x00, 0x00, 0x00, 0x00, 0x00, 0x00, 0x00, 0x00, 0x00, 0x00, 0x00, 0x00, 0x00, 0x00, 0x00,
    0x00, 0x00, 0x00, 0x00, 0x00, 0x00, 0x00, 0x00, 0x00, 0x00, 0x00, 0x00, 0x00, 0x00, 0x00, 0x00,
    0x00, 0x00, 0x00, 0x00, 0x00, 0x00, 0x00, 0x00, 0x00, 0x00, 0x00, 0x00, 0x00, 0x00, 0x00, 0x00,
    0x00, 0x00, 0x00, 0x00, 0x00, 0x00, 0x00, 0x00, 0x00, 0x00, 0x00, 0x00, 0x00, 0x00, 0x00, 0x00,
    0x00, 0x00, 0x00, 0x00, 0x00, 0x00, 0x00, 0x00, 0x00, 0x00, 0x00, 0x00, 0x00, 0x00, 0x00, 0x00,
    0x00, 0x00, 0x00, 0x00, 0x00, 0x00, 0x00, 0x00, 0x00, 0x00, 0x00, 0x00, 0x00, 0x00, 0x00, 0x00,
    0x00, 0x00, 0x00, 0x00, 0x00, 0x00, 0x00, 0x00, 0x00, 0x00, 0x00, 0x00, 0x00, 0x00, 0x00, 0x00,
    0x00, 0x00, 0x00, 0x00, 0x00, 0x00, 0x00, 0x00, 0x00, 0x00, 0x00, 0x00, 0x00, 0x00, 0x00, 0x00,
    0x00, 0x00, 0x00, 0x00, 0x00, 0x00, 0x00, 0x00, 0x00, 0x00, 0x00, 0x00, 0x00, 0x00, 0x00, 0x00,
    0x00, 0x00, 0x00, 0x00, 0x00, 0x00, 0x00, 0x00, 0x00, 0x00, 0x00, 0x00, 0x00, 0x00, 0x00, 0x00,
    0x00, 0x00, 0x00, 0x00, 0x00, 0x00, 0x00, 0x00, 0x00, 0x00, 0x00, 0x00, 0x00, 0x00, 0x00, 0x00,
    0x00, 0x00, 0x00, 0x00, 0x00, 0x00, 0x00, 0x00, 0x00, 0x00, 0x00, 0x00, 0x00, 0x00, 0x00, 0x00,
    0x00, 0x00, 0x00, 0x00, 0x00, 0x00, 0x00, 0x00, 0x00, 0x00, 0x00, 0x00, 0x00, 0x00, 0x00, 0x00,
    0x00, 0x00, 0x00, 0x00, 0x00, 0x00, 0x00, 0x00, 0x00, 0x00, 0x00, 0x00, 0x00, 0x00, 0x00, 0x00,
    0x00, 0x00, 0x00, 0x00, 0x00, 0x00, 0x00, 0x00, 0x00, 0x00, 0x00, 0x00, 0x00, 0x00, 0x00, 0x00,
    0x0b, 0x00, 0x04, 0x00, 0xeb, 0x00, 0x08, 0x00, 0x00, 0x00, 0x00, 0x00, 0xec, 0x00, 0x08, 0x00,
    0x6f, 0x00, 0x07, 0x00, 0xed, 0x01, 0x09, 0x00, 0x00, 0x00, 0x00, 0x00, 0xee, 0x01, 0x09, 0x00,
    0x00, 0x00, 0x00, 0x00, 0x00, 0x00, 0x00, 0x00, 0x00, 0x00, 0x00, 0x00, 0x00, 0x00, 0x00, 0x00,
    0xed, 0x00, 0x08, 0x00, 0xef, 0x01, 0x09, 0x00, 0x00, 0x00, 0x00, 0x00, 0xf0, 0x01, 0x09, 0x00,
    0x70, 0x00, 0x07, 0x00, 0xf1, 0x01, 0x09, 0x00, 0x00, 0x00, 0x00, 0x00, 0xf2, 0x01, 0x09, 0x00,
    0xf3, 0x01, 0x09, 0x00, 0xf9, 0x03, 0x0a, 0x00, 0x00, 0x00, 0x00, 0x00, 0xfa, 0x03, 0x0a, 0x00,
    0x00, 0x00, 0x00, 0x00, 0x00, 0x00, 0x00, 0x00, 0x00, 0x00, 0x00, 0x00, 0x00, 0x00, 0x00, 0x00,
    0xf4, 0x01, 0x09, 0x00, 0xfb, 0x03, 0x0a, 0x00, 0x00, 0x00, 0x00, 0x00, 0xfc, 0x03, 0x0a, 0x00,
    0x00, 0x00, 0x00, 0x00, 0x00, 0x00, 0x00, 0x00, 0x00, 0x00, 0x00, 0x00, 0x00, 0x00, 0x00, 0x00,
    0x00, 0x00, 0x00, 0x00, 0x00, 0x00, 0x00, 0x00, 0x00, 0x00, 0x00, 0x00, 0x00, 0x00, 0x00, 0x00,
    0x00, 0x00, 0x00, 0x00, 0x00, 0x00, 0x00, 0x00, 0x00, 0x00, 0x00, 0x00, 0x00, 0x00, 0x00, 0x00,
    0x00, 0x00, 0x00, 0x00, 0x00, 0x00, 0x00, 0x00, 0x00, 0x00, 0x00, 0x00, 0x00, 0x00, 0x00, 0x00,
    0x71, 0x00, 0x07, 0x00, 0xf5, 0x01, 0x09, 0x00, 0x00, 0x00, 0x00, 0x00, 0xf6, 0x01, 0x09, 0x00,
    0xf7, 0x01, 0x09, 0x00, 0xfd, 0x07, 0x0b, 0x00, 0x00, 0x00, 0x00, 0x00, 0xfe, 0x07, 0x0b, 0x00,
    0x00, 0x00, 0x00, 0x00, 0x00, 0x00, 0x00, 0x00, 0x00, 0x00, 0x00, 0x00, 0x00, 0x00, 0x00, 0x00,
    0xf8, 0x01, 0x09, 0x00, 0xff, 0x07, 0x0b, 0x00, 0x00, 0x00, 0x00, 0x00, 0xfd, 0x03, 0x0a, 0x00,
];

pub const G_A_SPEC_WL1_I: [u8; 1024] = [
    0x00, 0x00, 0x01, 0x00, 0x14, 0x00, 0x05, 0x00, 0x00, 0x00, 0x00, 0x00, 0x15, 0x00, 0x05, 0x00,
    0x16, 0x00, 0x05, 0x00, 0x68, 0x00, 0x07, 0x00, 0x00, 0x00, 0x00, 0x00, 0x69, 0x00, 0x07, 0x00,
    0x00, 0x00, 0x00, 0x00, 0x00, 0x00, 0x00, 0x00, 0x00, 0x00, 0x00, 0x00, 0x00, 0x00, 0x00, 0x00,
    0x17, 0x00, 0x05, 0x00, 0x6a, 0x00, 0x07, 0x00, 0x00, 0x00, 0x00, 0x00, 0x6b, 0x00, 0x07, 0x00,
    0x18, 0x00, 0x05, 0x00, 0xe6, 0x00, 0x08, 0x00, 0x00, 0x00, 0x00, 0x00, 0xe7, 0x00, 0x08, 0x00,
    0xe8, 0x00, 0x08, 0x00, 0xe6, 0x01, 0x09, 0x00, 0x00, 0x00, 0x00, 0x00, 0xe4, 0x03, 0x0a, 0x00,
    0x00, 0x00, 0x00, 0x00, 0x00, 0x00, 0x00, 0x00, 0x00, 0x00, 0x00, 0x00, 0x00, 0x00, 0x00, 0x00,
    0x6c, 0x00, 0x07, 0x00, 0xe7, 0x01, 0x09, 0x00, 0x00, 0x00, 0x00, 0x00, 0xe5, 0x03, 0x0a, 0x00,
    0x00, 0x00, 0x00, 0x00, 0x00, 0x00, 0x00, 0x00, 0x00, 0x00, 0x00, 0x00, 0x00, 0x00, 0x00, 0x00,
    0x00, 0x00, 0x00, 0x00, 0x00, 0x00, 0x00, 0x00, 0x00, 0x00, 0x00, 0x00, 0x00, 0x00, 0x00, 0x00,
    0x00, 0x00, 0x00, 0x00, 0x00, 0x00, 0x00, 0x00, 0x00, 0x00, 0x00, 0x00, 0x00, 0x00, 0x00, 0x00,
    0x00, 0x00, 0x00, 0x00, 0x00, 0x00, 0x00, 0x00, 0x00, 0x00, 0x00, 0x00, 0x00, 0x00, 0x00, 0x00,
    0x19, 0x00, 0x05, 0x00, 0xe9, 0x00, 0x08, 0x00, 0x00, 0x00, 0x00, 0x00, 0xea, 0x00, 0x08, 0x00,
    0x6d, 0x00, 0x07, 0x00, 0xe6, 0x03, 0x0a, 0x00, 0x00, 0x00, 0x00, 0x00, 0xe8, 0x01, 0x09, 0x00,
    0x00, 0x00, 0x00, 0x00, 0x00, 0x00, 0x00, 0x00, 0x00, 0x00, 0x00, 0x00, 0x00, 0x00, 0x00, 0x00,
    0xeb, 0x00, 0x08, 0x00, 0xe7, 0x03, 0x0a, 0x00, 0x00, 0x00, 0x00, 0x00, 0xe9, 0x01, 0x09, 0x00,
    0x08, 0x00, 0x04, 0x00, 0xec, 0x00, 0x08, 0x00, 0x00, 0x00, 0x00, 0x00, 0xed, 0x00, 0x08, 0x00,
    0xee, 0x00, 0x08, 0x00, 0xe8, 0x03, 0x0a, 0x00, 0x00, 0x00, 0x00, 0x00, 0xe9, 0x03, 0x0a, 0x00,
    0x00, 0x00, 0x00, 0x00, 0x00, 0x00, 0x00, 0x00, 0x00, 0x00, 0x00, 0x00, 0x00, 0x00, 0x00, 0x00,
    0xef, 0x00, 0x08, 0x00, 0xea, 0x01, 0x09, 0x00, 0x00, 0x00, 0x00, 0x00, 0xea, 0x03, 0x0a, 0x00,
    0x6e, 0x00, 0x07, 0x00, 0xeb, 0x03, 0x0a, 0x00, 0x00, 0x00, 0x00, 0x00, 0xec, 0x03, 0x0a, 0x00,
    0xeb, 0x01, 0x09, 0x00, 0xed, 0x03, 0x0a, 0x00, 0x00, 0x00, 0x00, 0x00, 0xf8, 0x0f, 0x0c, 0x00,
    0x00, 0x00, 0x00, 0x00, 0x00, 0x00, 0x00, 0x00, 0x00, 0x00, 0x00, 0x00, 0x00, 0x00, 0x00, 0x00,
    0xee, 0x03, 0x0a, 0x00, 0xf9, 0x0f, 0x0c, 0x00, 0x00, 0x00, 0x00, 0x00, 0xf8, 0x07, 0x0b, 0x00,
    0x00, 0x00, 0x00, 0x00, 0x00, 0x00, 0x00, 0x00, 0x00, 0x00, 0x00, 0x00, 0x00, 0x00, 0x00, 0x00,
    0x00, 0x00, 0x00, 0x00, 0x00, 0x00, 0x00, 0x00, 0x00, 0x00, 0x00, 0x00, 0x00, 0x00, 0x00, 0x00,
    0x00, 0x00, 0x00, 0x00, 0x00, 0x00, 0x00, 0x00, 0x00, 0x00, 0x00, 0x00, 0x00, 0x00, 0x00, 0x00,
    0x00, 0x00, 0x00, 0x00, 0x00, 0x00, 0x00, 0x00, 0x00, 0x00, 0x00, 0x00, 0x00, 0x00, 0x00, 0x00,
    0x6f, 0x00, 0x07, 0x00, 0xec, 0x01, 0x09, 0x00, 0x00, 0x00, 0x00, 0x00, 0xef, 0x03, 0x0a, 0x00,
    0xed, 0x01, 0x09, 0x00, 0xfa, 0x0f, 0x0c, 0x00, 0x00, 0x00, 0x00, 0x00, 0xf0, 0x03, 0x0a, 0x00,
    0x00, 0x00, 0x00, 0x00, 0x00, 0x00, 0x00, 0x00, 0x00, 0x00, 0x00, 0x00, 0x00, 0x00, 0x00, 0x00,
    0xf1, 0x03, 0x0a, 0x00, 0xf9, 0x07, 0x0b, 0x00, 0x00, 0x00, 0x00, 0x00, 0xfb, 0x0f, 0x0c, 0x00,
    0x00, 0x00, 0x00, 0x00, 0x00, 0x00, 0x00, 0x00, 0x00, 0x00, 0x00, 0x00, 0x00, 0x00, 0x00, 0x00,
    0x00, 0x00, 0x00, 0x00, 0x00, 0x00, 0x00, 0x00, 0x00, 0x00, 0x00, 0x00, 0x00, 0x00, 0x00, 0x00,
    0x00, 0x00, 0x00, 0x00, 0x00, 0x00, 0x00, 0x00, 0x00, 0x00, 0x00, 0x00, 0x00, 0x00, 0x00, 0x00,
    0x00, 0x00, 0x00, 0x00, 0x00, 0x00, 0x00, 0x00, 0x00, 0x00, 0x00, 0x00, 0x00, 0x00, 0x00, 0x00,
    0x00, 0x00, 0x00, 0x00, 0x00, 0x00, 0x00, 0x00, 0x00, 0x00, 0x00, 0x00, 0x00, 0x00, 0x00, 0x00,
    0x00, 0x00, 0x00, 0x00, 0x00, 0x00, 0x00, 0x00, 0x00, 0x00, 0x00, 0x00, 0x00, 0x00, 0x00, 0x00,
    0x00, 0x00, 0x00, 0x00, 0x00, 0x00, 0x00, 0x00, 0x00, 0x00, 0x00, 0x00, 0x00, 0x00, 0x00, 0x00,
    0x00, 0x00, 0x00, 0x00, 0x00, 0x00, 0x00, 0x00, 0x00, 0x00, 0x00, 0x00, 0x00, 0x00, 0x00, 0x00,
    0x00, 0x00, 0x00, 0x00, 0x00, 0x00, 0x00, 0x00, 0x00, 0x00, 0x00, 0x00, 0x00, 0x00, 0x00, 0x00,
    0x00, 0x00, 0x00, 0x00, 0x00, 0x00, 0x00, 0x00, 0x00, 0x00, 0x00, 0x00, 0x00, 0x00, 0x00, 0x00,
    0x00, 0x00, 0x00, 0x00, 0x00, 0x00, 0x00, 0x00, 0x00, 0x00, 0x00, 0x00, 0x00, 0x00, 0x00, 0x00,
    0x00, 0x00, 0x00, 0x00, 0x00, 0x00, 0x00, 0x00, 0x00, 0x00, 0x00, 0x00, 0x00, 0x00, 0x00, 0x00,
    0x00, 0x00, 0x00, 0x00, 0x00, 0x00, 0x00, 0x00, 0x00, 0x00, 0x00, 0x00, 0x00, 0x00, 0x00, 0x00,
    0x00, 0x00, 0x00, 0x00, 0x00, 0x00, 0x00, 0x00, 0x00, 0x00, 0x00, 0x00, 0x00, 0x00, 0x00, 0x00,
    0x00, 0x00, 0x00, 0x00, 0x00, 0x00, 0x00, 0x00, 0x00, 0x00, 0x00, 0x00, 0x00, 0x00, 0x00, 0x00,
    0x00, 0x00, 0x00, 0x00, 0x00, 0x00, 0x00, 0x00, 0x00, 0x00, 0x00, 0x00, 0x00, 0x00, 0x00, 0x00,
    0x09, 0x00, 0x04, 0x00, 0xf0, 0x00, 0x08, 0x00, 0x00, 0x00, 0x00, 0x00, 0xf1, 0x00, 0x08, 0x00,
    0x70, 0x00, 0x07, 0x00, 0xf2, 0x03, 0x0a, 0x00, 0x00, 0x00, 0x00, 0x00, 0xee, 0x01, 0x09, 0x00,
    0x00, 0x00, 0x00, 0x00, 0x00, 0x00, 0x00, 0x00, 0x00, 0x00, 0x00, 0x00, 0x00, 0x00, 0x00, 0x00,
    0xf2, 0x00, 0x08, 0x00, 0xf3, 0x03, 0x0a, 0x00, 0x00, 0x00, 0x00, 0x00, 0xf4, 0x03, 0x0a, 0x00,
    0x71, 0x00, 0x07, 0x00, 0xf5, 0x03, 0x0a, 0x00, 0x00, 0x00, 0x00, 0x00, 0xef, 0x01, 0x09, 0x00,
    0xf6, 0x03, 0x0a, 0x00, 0xfc, 0x0f, 0x0c, 0x00, 0x00, 0x00, 0x00, 0x00, 0xfa, 0x07, 0x0b, 0x00,
    0x00, 0x00, 0x00, 0x00, 0x00, 0x00, 0x00, 0x00, 0x00, 0x00, 0x00, 0x00, 0x00, 0x00, 0x00, 0x00,
    0xf0, 0x01, 0x09, 0x00, 0xf7, 0x03, 0x0a, 0x00, 0x00, 0x00, 0x00, 0x00, 0xfd, 0x0f, 0x0c, 0x00,
    0x00, 0x00, 0x00, 0x00, 0x00, 0x00, 0x00, 0x00, 0x00, 0x00, 0x00, 0x00, 0x00, 0x00, 0x00, 0x00,
    0x00, 0x00, 0x00, 0x00, 0x00, 0x00, 0x00, 0x00, 0x00, 0x00, 0x00, 0x00, 0x00, 0x00, 0x00, 0x00,
    0x00, 0x00, 0x00, 0x00, 0x00, 0x00, 0x00, 0x00, 0x00, 0x00, 0x00, 0x00, 0x00, 0x00, 0x00, 0x00,
    0x00, 0x00, 0x00, 0x00, 0x00, 0x00, 0x00, 0x00, 0x00, 0x00, 0x00, 0x00, 0x00, 0x00, 0x00, 0x00,
    0x72, 0x00, 0x07, 0x00, 0xf8, 0x03, 0x0a, 0x00, 0x00, 0x00, 0x00, 0x00, 0xf9, 0x03, 0x0a, 0x00,
    0xfa, 0x03, 0x0a, 0x00, 0xfb, 0x07, 0x0b, 0x00, 0x00, 0x00, 0x00, 0x00, 0xfe, 0x0f, 0x0c, 0x00,
    0x00, 0x00, 0x00, 0x00, 0x00, 0x00, 0x00, 0x00, 0x00, 0x00, 0x00, 0x00, 0x00, 0x00, 0x00, 0x00,
    0xf1, 0x01, 0x09, 0x00, 0xff, 0x0f, 0x0c, 0x00, 0x00, 0x00, 0x00, 0x00, 0xfb, 0x03, 0x0a, 0x00,
];

pub const G_A_SPEC_WL1_J: [u8; 1024] = [
    0x00, 0x00, 0x01, 0x00, 0x12, 0x00, 0x05, 0x00, 0x00, 0x00, 0x00, 0x00, 0x13, 0x00, 0x05, 0x00,
    0x14, 0x00, 0x05, 0x00, 0x64, 0x00, 0x07, 0x00, 0x00, 0x00, 0x00, 0x00, 0x65, 0x00, 0x07, 0x00,
    0x00, 0x00, 0x00, 0x00, 0x00, 0x00, 0x00, 0x00, 0x00, 0x00, 0x00, 0x00, 0x00, 0x00, 0x00, 0x00,
    0x15, 0x00, 0x05, 0x00, 0x66, 0x00, 0x07, 0x00, 0x00, 0x00, 0x00, 0x00, 0x67, 0x00, 0x07, 0x00,
    0x16, 0x00, 0x05, 0x00, 0xf0, 0x00, 0x08, 0x00, 0x00, 0x00, 0x00, 0x00, 0x68, 0x00, 0x07, 0x00,
    0x69, 0x00, 0x07, 0x00, 0xe8, 0x01, 0x09, 0x00, 0x00, 0x00, 0x00, 0x00, 0xe4, 0x03, 0x0a, 0x00,
    0x00, 0x00, 0x00, 0x00, 0x00, 0x00, 0x00, 0x00, 0x00, 0x00, 0x00, 0x00, 0x00, 0x00, 0x00, 0x00,
    0x6a, 0x00, 0x07, 0x00, 0xe9, 0x01, 0x09, 0x00, 0x00, 0x00, 0x00, 0x00, 0xe5, 0x03, 0x0a, 0x00,
    0x00, 0x00, 0x00, 0x00, 0x00, 0x00, 0x00, 0x00, 0x00, 0x00, 0x00, 0x00, 0x00, 0x00, 0x00, 0x00,
    0x00, 0x00, 0x00, 0x00, 0x00, 0x00, 0x00, 0x00, 0x00, 0x00, 0x00, 0x00, 0x00, 0x00, 0x00, 0x00,
    0x00, 0x00, 0x00, 0x00, 0x00, 0x00, 0x00, 0x00, 0x00, 0x00, 0x00, 0x00, 0x00, 0x00, 0x00, 0x00,
    0x00, 0x00, 0x00, 0x00, 0x00, 0x00, 0x00, 0x00, 0x00, 0x00, 0x00, 0x00, 0x00, 0x00, 0x00, 0x00,
    0x17, 0x00, 0x05, 0x00, 0x6b, 0x00, 0x07, 0x00, 0x00, 0x00, 0x00, 0x00, 0xf1, 0x00, 0x08, 0x00,
    0x6c, 0x00, 0x07, 0x00, 0xe6, 0x03, 0x0a, 0x00, 0x00, 0x00, 0x00, 0x00, 0xea, 0x01, 0x09, 0x00,
    0x00, 0x00, 0x00, 0x00, 0x00, 0x00, 0x00, 0x00, 0x00, 0x00, 0x00, 0x00, 0x00, 0x00, 0x00, 0x00,
    0x6d, 0x00, 0x07, 0x00, 0xe7, 0x03, 0x0a, 0x00, 0x00, 0x00, 0x00, 0x00, 0xeb, 0x01, 0x09, 0x00,
    0x08, 0x00, 0x04, 0x00, 0xf2, 0x00, 0x08, 0x00, 0x00, 0x00, 0x00, 0x00, 0x6e, 0x00, 0x07, 0x00,
    0x6f, 0x00, 0x07, 0x00, 0xe8, 0x03, 0x0a, 0x00, 0x00, 0x00, 0x00, 0x00, 0xe9, 0x03, 0x0a, 0x00,
    0x00, 0x00, 0x00, 0x00, 0x00, 0x00, 0x00, 0x00, 0x00, 0x00, 0x00, 0x00, 0x00, 0x00, 0x00, 0x00,
    0x70, 0x00, 0x07, 0x00, 0xec, 0x01, 0x09, 0x00, 0x00, 0x00, 0x00, 0x00, 0xea, 0x03, 0x0a, 0x00,
    0x71, 0x00, 0x07, 0x00, 0xeb, 0x03, 0x0a, 0x00, 0x00, 0x00, 0x00, 0x00, 0xec, 0x03, 0x0a, 0x00,
    0xed, 0x01, 0x09, 0x00, 0xf8, 0x07, 0x0b, 0x00, 0x00, 0x00, 0x00, 0x00, 0xf4, 0x0f, 0x0c, 0x00,
    0x00, 0x00, 0x00, 0x00, 0x00, 0x00, 0x00, 0x00, 0x00, 0x00, 0x00, 0x00, 0x00, 0x00, 0x00, 0x00,
    0xed, 0x03, 0x0a, 0x00, 0xf5, 0x0f, 0x0c, 0x00, 0x00, 0x00, 0x00, 0x00, 0xf6, 0x0f, 0x0c, 0x00,
    0x00, 0x00, 0x00, 0x00, 0x00, 0x00, 0x00, 0x00, 0x00, 0x00, 0x00, 0x00, 0x00, 0x00, 0x00, 0x00,
    0x00, 0x00, 0x00, 0x00, 0x00, 0x00, 0x00, 0x00, 0x00, 0x00, 0x00, 0x00, 0x00, 0x00, 0x00, 0x00,
    0x00, 0x00, 0x00, 0x00, 0x00, 0x00, 0x00, 0x00, 0x00, 0x00, 0x00, 0x00, 0x00, 0x00, 0x00, 0x00,
    0x00, 0x00, 0x00, 0x00, 0x00, 0x00, 0x00, 0x00, 0x00, 0x00, 0x00, 0x00, 0x00, 0x00, 0x00, 0x00,
    0x72, 0x00, 0x07, 0x00, 0xee, 0x01, 0x09, 0x00, 0x00, 0x00, 0x00, 0x00, 0xee, 0x03, 0x0a, 0x00,
    0xef, 0x01, 0x09, 0x00, 0xf7, 0x0f, 0x0c, 0x00, 0x00, 0x00, 0x00, 0x00, 0xef, 0x03, 0x0a, 0x00,
    0x00, 0x00, 0x00, 0x00, 0x00, 0x00, 0x00, 0x00, 0x00, 0x00, 0x00, 0x00, 0x00, 0x00, 0x00, 0x00,
    0xf0, 0x03, 0x0a, 0x00, 0xf8, 0x0f, 0x0c, 0x00, 0x00, 0x00, 0x00, 0x00, 0xf9, 0x0f, 0x0c, 0x00,
    0x00, 0x00, 0x00, 0x00, 0x00, 0x00, 0x00, 0x00, 0x00, 0x00, 0x00, 0x00, 0x00, 0x00, 0x00, 0x00,
    0x00, 0x00, 0x00, 0x00, 0x00, 0x00, 0x00, 0x00, 0x00, 0x00, 0x00, 0x00, 0x00, 0x00, 0x00, 0x00,
    0x00, 0x00, 0x00, 0x00, 0x00, 0x00, 0x00, 0x00, 0x00, 0x00, 0x00, 0x00, 0x00, 0x00, 0x00, 0x00,
    0x00, 0x00, 0x00, 0x00, 0x00, 0x00, 0x00, 0x00, 0x00, 0x00, 0x00, 0x00, 0x00, 0x00, 0x00, 0x00,
    0x00, 0x00, 0x00, 0x00, 0x00, 0x00, 0x00, 0x00, 0x00, 0x00, 0x00, 0x00, 0x00, 0x00, 0x00, 0x00,
    0x00, 0x00, 0x00, 0x00, 0x00, 0x00, 0x00, 0x00, 0x00, 0x00, 0x00, 0x00, 0x00, 0x00, 0x00, 0x00,
    0x00, 0x00, 0x00, 0x00, 0x00, 0x00, 0x00, 0x00, 0x00, 0x00, 0x00, 0x00, 0x00, 0x00, 0x00, 0x00,
    0x00, 0x00, 0x00, 0x00, 0x00, 0x00, 0x00, 0x00, 0x00, 0x00, 0x00, 0x00, 0x00, 0x00, 0x00, 0x00,
    0x00, 0x00, 0x00, 0x00, 0x00, 0x00, 0x00, 0x00, 0x00, 0x00, 0x00, 0x00, 0x00, 0x00, 0x00, 0x00,
    0x00, 0x00, 0x00, 0x00, 0x00, 0x00, 0x00, 0x00, 0x00, 0x00, 0x00, 0x00, 0x00, 0x00, 0x00, 0x00,
    0x00, 0x00, 0x00, 0x00, 0x00, 0x00, 0x00, 0x00, 0x00, 0x00, 0x00, 0x00, 0x00, 0x00, 0x00, 0x00,
    0x00, 0x00, 0x00, 0x00, 0x00, 0x00, 0x00, 0x00, 0x00, 0x00, 0x00, 0x00, 0x00, 0x00, 0x00, 0x00,
    0x00, 0x00, 0x00, 0x00, 0x00, 0x00, 0x00, 0x00, 0x00, 0x00, 0x00, 0x00, 0x00, 0x00, 0x00, 0x00,
    0x00, 0x00, 0x00, 0x00, 0x00, 0x00, 0x00, 0x00, 0x00, 0x00, 0x00, 0x00, 0x00, 0x00, 0x00, 0x00,
    0x00, 0x00, 0x00, 0x00, 0x00, 0x00, 0x00, 0x00, 0x00, 0x00, 0x00, 0x00, 0x00, 0x00, 0x00, 0x00,
    0x00, 0x00, 0x00, 0x00, 0x00, 0x00, 0x00, 0x00, 0x00, 0x00, 0x00, 0x00, 0x00, 0x00, 0x00, 0x00,
    0x18, 0x00, 0x05, 0x00, 0xf3, 0x00, 0x08, 0x00, 0x00, 0x00, 0x00, 0x00, 0x73, 0x00, 0x07, 0x00,
    0x74, 0x00, 0x07, 0x00, 0xf1, 0x03, 0x0a, 0x00, 0x00, 0x00, 0x00, 0x00, 0xf2, 0x03, 0x0a, 0x00,
    0x00, 0x00, 0x00, 0x00, 0x00, 0x00, 0x00, 0x00, 0x00, 0x00, 0x00, 0x00, 0x00, 0x00, 0x00, 0x00,
    0x75, 0x00, 0x07, 0x00, 0xf3, 0x03, 0x0a, 0x00, 0x00, 0x00, 0x00, 0x00, 0xf4, 0x03, 0x0a, 0x00,
    0x76, 0x00, 0x07, 0x00, 0xf5, 0x03, 0x0a, 0x00, 0x00, 0x00, 0x00, 0x00, 0xf6, 0x03, 0x0a, 0x00,
    0xf7, 0x03, 0x0a, 0x00, 0xfa, 0x0f, 0x0c, 0x00, 0x00, 0x00, 0x00, 0x00, 0xfb, 0x0f, 0x0c, 0x00,
    0x00, 0x00, 0x00, 0x00, 0x00, 0x00, 0x00, 0x00, 0x00, 0x00, 0x00, 0x00, 0x00, 0x00, 0x00, 0x00,
    0xf0, 0x01, 0x09, 0x00, 0xf8, 0x03, 0x0a, 0x00, 0x00, 0x00, 0x00, 0x00, 0xfc, 0x0f, 0x0c, 0x00,
    0x00, 0x00, 0x00, 0x00, 0x00, 0x00, 0x00, 0x00, 0x00, 0x00, 0x00, 0x00, 0x00, 0x00, 0x00, 0x00,
    0x00, 0x00, 0x00, 0x00, 0x00, 0x00, 0x00, 0x00, 0x00, 0x00, 0x00, 0x00, 0x00, 0x00, 0x00, 0x00,
    0x00, 0x00, 0x00, 0x00, 0x00, 0x00, 0x00, 0x00, 0x00, 0x00, 0x00, 0x00, 0x00, 0x00, 0x00, 0x00,
    0x00, 0x00, 0x00, 0x00, 0x00, 0x00, 0x00, 0x00, 0x00, 0x00, 0x00, 0x00, 0x00, 0x00, 0x00, 0x00,
    0x77, 0x00, 0x07, 0x00, 0xf9, 0x03, 0x0a, 0x00, 0x00, 0x00, 0x00, 0x00, 0xfa, 0x03, 0x0a, 0x00,
    0xfb, 0x03, 0x0a, 0x00, 0xfd, 0x0f, 0x0c, 0x00, 0x00, 0x00, 0x00, 0x00, 0xfe, 0x0f, 0x0c, 0x00,
    0x00, 0x00, 0x00, 0x00, 0x00, 0x00, 0x00, 0x00, 0x00, 0x00, 0x00, 0x00, 0x00, 0x00, 0x00, 0x00,
    0xf1, 0x01, 0x09, 0x00, 0xff, 0x0f, 0x0c, 0x00, 0x00, 0x00, 0x00, 0x00, 0xf9, 0x07, 0x0b, 0x00,
];

pub const G_A_SPEC_WL1_K: [u8; 1024] = [
    0x00, 0x00, 0x01, 0x00, 0x12, 0x00, 0x05, 0x00, 0x00, 0x00, 0x00, 0x00, 0x13, 0x00, 0x05, 0x00,
    0x14, 0x00, 0x05, 0x00, 0x64, 0x00, 0x07, 0x00, 0x00, 0x00, 0x00, 0x00, 0x65, 0x00, 0x07, 0x00,
    0x00, 0x00, 0x00, 0x00, 0x00, 0x00, 0x00, 0x00, 0x00, 0x00, 0x00, 0x00, 0x00, 0x00, 0x00, 0x00,
    0x15, 0x00, 0x05, 0x00, 0x66, 0x00, 0x07, 0x00, 0x00, 0x00, 0x00, 0x00, 0x67, 0x00, 0x07, 0x00,
    0x16, 0x00, 0x05, 0x00, 0xee, 0x00, 0x08, 0x00, 0x00, 0x00, 0x00, 0x00, 0x68, 0x00, 0x07, 0x00,
    0x69, 0x00, 0x07, 0x00, 0xe6, 0x01, 0x09, 0x00, 0x00, 0x00, 0x00, 0x00, 0xe6, 0x03, 0x0a, 0x00,
    0x00, 0x00, 0x00, 0x00, 0x00, 0x00, 0x00, 0x00, 0x00, 0x00, 0x00, 0x00, 0x00, 0x00, 0x00, 0x00,
    0x6a, 0x00, 0x07, 0x00, 0xe7, 0x01, 0x09, 0x00, 0x00, 0x00, 0x00, 0x00, 0xe7, 0x03, 0x0a, 0x00,
    0x00, 0x00, 0x00, 0x00, 0x00, 0x00, 0x00, 0x00, 0x00, 0x00, 0x00, 0x00, 0x00, 0x00, 0x00, 0x00,
    0x00, 0x00, 0x00, 0x00, 0x00, 0x00, 0x00, 0x00, 0x00, 0x00, 0x00, 0x00, 0x00, 0x00, 0x00, 0x00,
    0x00, 0x00, 0x00, 0x00, 0x00, 0x00, 0x00, 0x00, 0x00, 0x00, 0x00, 0x00, 0x00, 0x00, 0x00, 0x00,
    0x00, 0x00, 0x00, 0x00, 0x00, 0x00, 0x00, 0x00, 0x00, 0x00, 0x00, 0x00, 0x00, 0x00, 0x00, 0x00,
    0x17, 0x00, 0x05, 0x00, 0x6b, 0x00, 0x07, 0x00, 0x00, 0x00, 0x00, 0x00, 0xef, 0x00, 0x08, 0x00,
    0x6c, 0x00, 0x07, 0x00, 0xe8, 0x03, 0x0a, 0x00, 0x00, 0x00, 0x00, 0x00, 0xe8, 0x01, 0x09, 0x00,
    0x00, 0x00, 0x00, 0x00, 0x00, 0x00, 0x00, 0x00, 0x00, 0x00, 0x00, 0x00, 0x00, 0x00, 0x00, 0x00,
    0x6d, 0x00, 0x07, 0x00, 0xe9, 0x03, 0x0a, 0x00, 0x00, 0x00, 0x00, 0x00, 0xe9, 0x01, 0x09, 0x00,
    0x18, 0x00, 0x05, 0x00, 0xf0, 0x00, 0x08, 0x00, 0x00, 0x00, 0x00, 0x00, 0x6e, 0x00, 0x07, 0x00,
    0x6f, 0x00, 0x07, 0x00, 0xea, 0x03, 0x0a, 0x00, 0x00, 0x00, 0x00, 0x00, 0xeb, 0x03, 0x0a, 0x00,
    0x00, 0x00, 0x00, 0x00, 0x00, 0x00, 0x00, 0x00, 0x00, 0x00, 0x00, 0x00, 0x00, 0x00, 0x00, 0x00,
    0x70, 0x00, 0x07, 0x00, 0xec, 0x03, 0x0a, 0x00, 0x00, 0x00, 0x00, 0x00, 0xea, 0x01, 0x09, 0x00,
    0x71, 0x00, 0x07, 0x00, 0xed, 0x03, 0x0a, 0x00, 0x00, 0x00, 0x00, 0x00, 0xeb, 0x01, 0x09, 0x00,
    0xec, 0x01, 0x09, 0x00, 0xee, 0x03, 0x0a, 0x00, 0x00, 0x00, 0x00, 0x00, 0xf4, 0x0f, 0x0c, 0x00,
    0x00, 0x00, 0x00, 0x00, 0x00, 0x00, 0x00, 0x00, 0x00, 0x00, 0x00, 0x00, 0x00, 0x00, 0x00, 0x00,
    0xef, 0x03, 0x0a, 0x00, 0xf5, 0x0f, 0x0c, 0x00, 0x00, 0x00, 0x00, 0x00, 0xf6, 0x0f, 0x0c, 0x00,
    0x00, 0x00, 0x00, 0x00, 0x00, 0x00, 0x00, 0x00, 0x00, 0x00, 0x00, 0x00, 0x00, 0x00, 0x00, 0x00,
    0x00, 0x00, 0x00, 0x00, 0x00, 0x00, 0x00, 0x00, 0x00, 0x00, 0x00, 0x00, 0x00, 0x00, 0x00, 0x00,
    0x00, 0x00, 0x00, 0x00, 0x00, 0x00, 0x00, 0x00, 0x00, 0x00, 0x00, 0x00, 0x00, 0x00, 0x00, 0x00,
    0x00, 0x00, 0x00, 0x00, 0x00, 0x00, 0x00, 0x00, 0x00, 0x00, 0x00, 0x00, 0x00, 0x00, 0x00, 0x00,
    0x72, 0x00, 0x07, 0x00, 0xf0, 0x03, 0x0a, 0x00, 0x00, 0x00, 0x00, 0x00, 0xf1, 0x03, 0x0a, 0x00,
    0xed, 0x01, 0x09, 0x00, 0xf7, 0x0f, 0x0c, 0x00, 0x00, 0x00, 0x00, 0x00, 0xf2, 0x03, 0x0a, 0x00,
    0x00, 0x00, 0x00, 0x00, 0x00, 0x00, 0x00, 0x00, 0x00, 0x00, 0x00, 0x00, 0x00, 0x00, 0x00, 0x00,
    0xf3, 0x03, 0x0a, 0x00, 0xf8, 0x0f, 0x0c, 0x00, 0x00, 0x00, 0x00, 0x00, 0xf9, 0x0f, 0x0c, 0x00,
    0x00, 0x00, 0x00, 0x00, 0x00, 0x00, 0x00, 0x00, 0x00, 0x00, 0x00, 0x00, 0x00, 0x00, 0x00, 0x00,
    0x00, 0x00, 0x00, 0x00, 0x00, 0x00, 0x00, 0x00, 0x00, 0x00, 0x00, 0x00, 0x00, 0x00, 0x00, 0x00,
    0x00, 0x00, 0x00, 0x00, 0x00, 0x00, 0x00, 0x00, 0x00, 0x00, 0x00, 0x00, 0x00, 0x00, 0x00, 0x00,
    0x00, 0x00, 0x00, 0x00, 0x00, 0x00, 0x00, 0x00, 0x00, 0x00, 0x00, 0x00, 0x00, 0x00, 0x00, 0x00,
    0x00, 0x00, 0x00, 0x00, 0x00, 0x00, 0x00, 0x00, 0x00, 0x00, 0x00, 0x00, 0x00, 0x00, 0x00, 0x00,
    0x00, 0x00, 0x00, 0x00, 0x00, 0x00, 0x00, 0x00, 0x00, 0x00, 0x00, 0x00, 0x00, 0x00, 0x00, 0x00,
    0x00, 0x00, 0x00, 0x00, 0x00, 0x00, 0x00, 0x00, 0x00, 0x00, 0x00, 0x00, 0x00, 0x00, 0x00, 0x00,
    0x00, 0x00, 0x00, 0x00, 0x00, 0x00, 0x00, 0x00, 0x00, 0x00, 0x00, 0x00, 0x00, 0x00, 0x00, 0x00,
    0x00, 0x00, 0x00, 0x00, 0x00, 0x00, 0x00, 0x00, 0x00, 0x00, 0x00, 0x00, 0x00, 0x00, 0x00, 0x00,
    0x00, 0x00, 0x00, 0x00, 0x00, 0x00, 0x00, 0x00, 0x00, 0x00, 0x00, 0x00, 0x00, 0x00, 0x00, 0x00,
    0x00, 0x00, 0x00, 0x00, 0x00, 0x00, 0x00, 0x00, 0x00, 0x00, 0x00, 0x00, 0x00, 0x00, 0x00, 0x00,
    0x00, 0x00, 0x00, 0x00, 0x00, 0x00, 0x00, 0x00, 0x00, 0x00, 0x00, 0x00, 0x00, 0x00, 0x00, 0x00,
    0x00, 0x00, 0x00, 0x00, 0x00, 0x00, 0x00, 0x00, 0x00, 0x00, 0x00, 0x00, 0x00, 0x00, 0x00, 0x00,
    0x00, 0x00, 0x00, 0x00, 0x00, 0x00, 0x00, 0x00, 0x00, 0x00, 0x00, 0x00, 0x00, 0x00, 0x00, 0x00,
    0x00, 0x00, 0x00, 0x00, 0x00, 0x00, 0x00, 0x00, 0x00, 0x00, 0x00, 0x00, 0x00, 0x00, 0x00, 0x00,
    0x00, 0x00, 0x00, 0x00, 0x00, 0x00, 0x00, 0x00, 0x00, 0x00, 0x00, 0x00, 0x00, 0x00, 0x00, 0x00,
    0x08, 0x00, 0x04, 0x00, 0xf1, 0x00, 0x08, 0x00, 0x00, 0x00, 0x00, 0x00, 0xf2, 0x00, 0x08, 0x00,
    0x73, 0x00, 0x07, 0x00, 0xee, 0x01, 0x09, 0x00, 0x00, 0x00, 0x00, 0x00, 0xf4, 0x03, 0x0a, 0x00,
    0x00, 0x00, 0x00, 0x00, 0x00, 0x00, 0x00, 0x00, 0x00, 0x00, 0x00, 0x00, 0x00, 0x00, 0x00, 0x00,
    0x74, 0x00, 0x07, 0x00, 0xf5, 0x03, 0x0a, 0x00, 0x00, 0x00, 0x00, 0x00, 0xf6, 0x03, 0x0a, 0x00,
    0x75, 0x00, 0x07, 0x00, 0xf7, 0x03, 0x0a, 0x00, 0x00, 0x00, 0x00, 0x00, 0xef, 0x01, 0x09, 0x00,
    0xf8, 0x03, 0x0a, 0x00, 0xfa, 0x0f, 0x0c, 0x00, 0x00, 0x00, 0x00, 0x00, 0xfb, 0x0f, 0x0c, 0x00,
    0x00, 0x00, 0x00, 0x00, 0x00, 0x00, 0x00, 0x00, 0x00, 0x00, 0x00, 0x00, 0x00, 0x00, 0x00, 0x00,
    0xf0, 0x01, 0x09, 0x00, 0xf9, 0x03, 0x0a, 0x00, 0x00, 0x00, 0x00, 0x00, 0xfc, 0x0f, 0x0c, 0x00,
    0x00, 0x00, 0x00, 0x00, 0x00, 0x00, 0x00, 0x00, 0x00, 0x00, 0x00, 0x00, 0x00, 0x00, 0x00, 0x00,
    0x00, 0x00, 0x00, 0x00, 0x00, 0x00, 0x00, 0x00, 0x00, 0x00, 0x00, 0x00, 0x00, 0x00, 0x00, 0x00,
    0x00, 0x00, 0x00, 0x00, 0x00, 0x00, 0x00, 0x00, 0x00, 0x00, 0x00, 0x00, 0x00, 0x00, 0x00, 0x00,
    0x00, 0x00, 0x00, 0x00, 0x00, 0x00, 0x00, 0x00, 0x00, 0x00, 0x00, 0x00, 0x00, 0x00, 0x00, 0x00,
    0x76, 0x00, 0x07, 0x00, 0xf1, 0x01, 0x09, 0x00, 0x00, 0x00, 0x00, 0x00, 0xfa, 0x03, 0x0a, 0x00,
    0xfb, 0x03, 0x0a, 0x00, 0xfd, 0x0f, 0x0c, 0x00, 0x00, 0x00, 0x00, 0x00, 0xfe, 0x0f, 0x0c, 0x00,
    0x00, 0x00, 0x00, 0x00, 0x00, 0x00, 0x00, 0x00, 0x00, 0x00, 0x00, 0x00, 0x00, 0x00, 0x00, 0x00,
    0xf2, 0x01, 0x09, 0x00, 0xff, 0x0f, 0x0c, 0x00, 0x00, 0x00, 0x00, 0x00, 0xfc, 0x03, 0x0a, 0x00,
];

pub const G_A_SPEC_WL2_A: [u8; 684] = [
    0x00, 0x00, 0x02, 0x00, 0x04, 0x00, 0x04, 0x00, 0xda, 0x00, 0x08, 0x00, 0x00, 0x00, 0x00, 0x00,
    0x05, 0x00, 0x04, 0x00, 0x10, 0x00, 0x05, 0x00, 0x6c, 0x00, 0x07, 0x00, 0x00, 0x00, 0x00, 0x00,
    0xdb, 0x00, 0x08, 0x00, 0xdc, 0x00, 0x08, 0x00, 0xe8, 0x03, 0x0a, 0x00, 0x00, 0x00, 0x00, 0x00,
    0x00, 0x00, 0x00, 0x00, 0x00, 0x00, 0x00, 0x00, 0x00, 0x00, 0x00, 0x00, 0x00, 0x00, 0x00, 0x00,
    0x06, 0x00, 0x04, 0x00, 0x11, 0x00, 0x05, 0x00, 0xdd, 0x00, 0x08, 0x00, 0x00, 0x00, 0x00, 0x00,
    0x12, 0x00, 0x05, 0x00, 0x13, 0x00, 0x05, 0x00, 0xde, 0x00, 0x08, 0x00, 0x00, 0x00, 0x00, 0x00,
    0xdf, 0x00, 0x08, 0x00, 0xe0, 0x00, 0x08, 0x00, 0xe9, 0x03, 0x0a, 0x00, 0x00, 0x00, 0x00, 0x00,
    0x00, 0x00, 0x00, 0x00, 0x00, 0x00, 0x00, 0x00, 0x00, 0x00, 0x00, 0x00, 0x00, 0x00, 0x00, 0x00,
    0xe1, 0x00, 0x08, 0x00, 0xe2, 0x00, 0x08, 0x00, 0xee, 0x01, 0x09, 0x00, 0x00, 0x00, 0x00, 0x00,
    0xe3, 0x00, 0x08, 0x00, 0xe4, 0x00, 0x08, 0x00, 0xea, 0x03, 0x0a, 0x00, 0x00, 0x00, 0x00, 0x00,
    0xeb, 0x03, 0x0a, 0x00, 0xec, 0x03, 0x0a, 0x00, 0xf8, 0x07, 0x0b, 0x00, 0x00, 0x00, 0x00, 0x00,
    0x00, 0x00, 0x00, 0x00, 0x00, 0x00, 0x00, 0x00, 0x00, 0x00, 0x00, 0x00, 0x00, 0x00, 0x00, 0x00,
    0x00, 0x00, 0x00, 0x00, 0x00, 0x00, 0x00, 0x00, 0x00, 0x00, 0x00, 0x00, 0x00, 0x00, 0x00, 0x00,
    0x00, 0x00, 0x00, 0x00, 0x00, 0x00, 0x00, 0x00, 0x00, 0x00, 0x00, 0x00, 0x00, 0x00, 0x00, 0x00,
    0x00, 0x00, 0x00, 0x00, 0x00, 0x00, 0x00, 0x00, 0x00, 0x00, 0x00, 0x00, 0x00, 0x00, 0x00, 0x00,
    0x00, 0x00, 0x00, 0x00, 0x00, 0x00, 0x00, 0x00, 0x00, 0x00, 0x00, 0x00, 0x00, 0x00, 0x00, 0x00,
    0x07, 0x00, 0x04, 0x00, 0x14, 0x00, 0x05, 0x00, 0xe5, 0x00, 0x08, 0x00, 0x00, 0x00, 0x00, 0x00,
    0x15, 0x00, 0x05, 0x00, 0x16, 0x00, 0x05, 0x00, 0xe6, 0x00, 0x08, 0x00, 0x00, 0x00, 0x00, 0x00,
    0xe7, 0x00, 0x08, 0x00, 0xef, 0x01, 0x09, 0x00, 0xed, 0x03, 0x0a, 0x00, 0x00, 0x00, 0x00, 0x00,
    0x00, 0x00, 0x00, 0x00, 0x00, 0x00, 0x00, 0x00, 0x00, 0x00, 0x00, 0x00, 0x00, 0x00, 0x00, 0x00,
    0x17, 0x00, 0x05, 0x00, 0x18, 0x00, 0x05, 0x00, 0xe8, 0x00, 0x08, 0x00, 0x00, 0x00, 0x00, 0x00,
    0x19, 0x00, 0x05, 0x00, 0x1a, 0x00, 0x05, 0x00, 0xe9, 0x00, 0x08, 0x00, 0x00, 0x00, 0x00, 0x00,
    0xf0, 0x01, 0x09, 0x00, 0xea, 0x00, 0x08, 0x00, 0xee, 0x03, 0x0a, 0x00, 0x00, 0x00, 0x00, 0x00,
    0x00, 0x00, 0x00, 0x00, 0x00, 0x00, 0x00, 0x00, 0x00, 0x00, 0x00, 0x00, 0x00, 0x00, 0x00, 0x00,
    0xeb, 0x00, 0x08, 0x00, 0xec, 0x00, 0x08, 0x00, 0xef, 0x03, 0x0a, 0x00, 0x00, 0x00, 0x00, 0x00,
    0xed, 0x00, 0x08, 0x00, 0xee, 0x00, 0x08, 0x00, 0xf0, 0x03, 0x0a, 0x00, 0x00, 0x00, 0x00, 0x00,
    0xf1, 0x01, 0x09, 0x00, 0xf2, 0x01, 0x09, 0x00, 0xf1, 0x03, 0x0a, 0x00, 0x00, 0x00, 0x00, 0x00,
    0x00, 0x00, 0x00, 0x00, 0x00, 0x00, 0x00, 0x00, 0x00, 0x00, 0x00, 0x00, 0x00, 0x00, 0x00, 0x00,
    0x00, 0x00, 0x00, 0x00, 0x00, 0x00, 0x00, 0x00, 0x00, 0x00, 0x00, 0x00, 0x00, 0x00, 0x00, 0x00,
    0x00, 0x00, 0x00, 0x00, 0x00, 0x00, 0x00, 0x00, 0x00, 0x00, 0x00, 0x00, 0x00, 0x00, 0x00, 0x00,
    0x00, 0x00, 0x00, 0x00, 0x00, 0x00, 0x00, 0x00, 0x00, 0x00, 0x00, 0x00, 0x00, 0x00, 0x00, 0x00,
    0x00, 0x00, 0x00, 0x00, 0x00, 0x00, 0x00, 0x00, 0x00, 0x00, 0x00, 0x00, 0x00, 0x00, 0x00, 0x00,
    0xef, 0x00, 0x08, 0x00, 0xf0, 0x00, 0x08, 0x00, 0xf2, 0x03, 0x0a, 0x00, 0x00, 0x00, 0x00, 0x00,
    0xf1, 0x00, 0x08, 0x00, 0xf2, 0x00, 0x08, 0x00, 0xf3, 0x03, 0x0a, 0x00, 0x00, 0x00, 0x00, 0x00,
    0xf4, 0x03, 0x0a, 0x00, 0xf5, 0x03, 0x0a, 0x00, 0xfe, 0x0f, 0x0c, 0x00, 0x00, 0x00, 0x00, 0x00,
    0x00, 0x00, 0x00, 0x00, 0x00, 0x00, 0x00, 0x00, 0x00, 0x00, 0x00, 0x00, 0x00, 0x00, 0x00, 0x00,
    0xf3, 0x00, 0x08, 0x00, 0xf4, 0x00, 0x08, 0x00, 0xf9, 0x07, 0x0b, 0x00, 0x00, 0x00, 0x00, 0x00,
    0xf5, 0x00, 0x08, 0x00, 0xf6, 0x00, 0x08, 0x00, 0xf6, 0x03, 0x0a, 0x00, 0x00, 0x00, 0x00, 0x00,
    0xf7, 0x03, 0x0a, 0x00, 0xf8, 0x03, 0x0a, 0x00, 0xfa, 0x07, 0x0b, 0x00, 0x00, 0x00, 0x00, 0x00,
    0x00, 0x00, 0x00, 0x00, 0x00, 0x00, 0x00, 0x00, 0x00, 0x00, 0x00, 0x00, 0x00, 0x00, 0x00, 0x00,
    0xf9, 0x03, 0x0a, 0x00, 0xfa, 0x03, 0x0a, 0x00, 0xfb, 0x07, 0x0b, 0x00, 0x00, 0x00, 0x00, 0x00,
    0xfb, 0x03, 0x0a, 0x00, 0xf3, 0x01, 0x09, 0x00, 0xfc, 0x07, 0x0b, 0x00, 0x00, 0x00, 0x00, 0x00,
    0xfd, 0x07, 0x0b, 0x00, 0xfe, 0x07, 0x0b, 0x00, 0xff, 0x0f, 0x0c, 0x00,
];

pub const G_A_SPEC_WL2_D: [u8; 684] = [
    0x00, 0x00, 0x01, 0x00, 0x08, 0x00, 0x04, 0x00, 0x2c, 0x00, 0x06, 0x00, 0x00, 0x00, 0x00, 0x00,
    0x14, 0x00, 0x05, 0x00, 0x2d, 0x00, 0x06, 0x00, 0x64, 0x00, 0x07, 0x00, 0x00, 0x00, 0x00, 0x00,
    0x2e, 0x00, 0x06, 0x00, 0x65, 0x00, 0x07, 0x00, 0xe0, 0x00, 0x08, 0x00, 0x00, 0x00, 0x00, 0x00,
    0x00, 0x00, 0x00, 0x00, 0x00, 0x00, 0x00, 0x00, 0x00, 0x00, 0x00, 0x00, 0x00, 0x00, 0x00, 0x00,
    0x15, 0x00, 0x05, 0x00, 0x66, 0x00, 0x07, 0x00, 0xe1, 0x00, 0x08, 0x00, 0x00, 0x00, 0x00, 0x00,
    0x2f, 0x00, 0x06, 0x00, 0x67, 0x00, 0x07, 0x00, 0xe2, 0x00, 0x08, 0x00, 0x00, 0x00, 0x00, 0x00,
    0x68, 0x00, 0x07, 0x00, 0xe3, 0x00, 0x08, 0x00, 0xe4, 0x00, 0x08, 0x00, 0x00, 0x00, 0x00, 0x00,
    0x00, 0x00, 0x00, 0x00, 0x00, 0x00, 0x00, 0x00, 0x00, 0x00, 0x00, 0x00, 0x00, 0x00, 0x00, 0x00,
    0x69, 0x00, 0x07, 0x00, 0xe5, 0x00, 0x08, 0x00, 0xee, 0x03, 0x0a, 0x00, 0x00, 0x00, 0x00, 0x00,
    0x6a, 0x00, 0x07, 0x00, 0xe6, 0x00, 0x08, 0x00, 0xef, 0x03, 0x0a, 0x00, 0x00, 0x00, 0x00, 0x00,
    0xe7, 0x00, 0x08, 0x00, 0xe4, 0x01, 0x09, 0x00, 0xe5, 0x01, 0x09, 0x00, 0x00, 0x00, 0x00, 0x00,
    0x00, 0x00, 0x00, 0x00, 0x00, 0x00, 0x00, 0x00, 0x00, 0x00, 0x00, 0x00, 0x00, 0x00, 0x00, 0x00,
    0x00, 0x00, 0x00, 0x00, 0x00, 0x00, 0x00, 0x00, 0x00, 0x00, 0x00, 0x00, 0x00, 0x00, 0x00, 0x00,
    0x00, 0x00, 0x00, 0x00, 0x00, 0x00, 0x00, 0x00, 0x00, 0x00, 0x00, 0x00, 0x00, 0x00, 0x00, 0x00,
    0x00, 0x00, 0x00, 0x00, 0x00, 0x00, 0x00, 0x00, 0x00, 0x00, 0x00, 0x00, 0x00, 0x00, 0x00, 0x00,
    0x00, 0x00, 0x00, 0x00, 0x00, 0x00, 0x00, 0x00, 0x00, 0x00, 0x00, 0x00, 0x00, 0x00, 0x00, 0x00,
    0x09, 0x00, 0x04, 0x00, 0x6b, 0x00, 0x07, 0x00, 0xe6, 0x01, 0x09, 0x00, 0x00, 0x00, 0x00, 0x00,
    0x6c, 0x00, 0x07, 0x00, 0xe8, 0x00, 0x08, 0x00, 0xe7, 0x01, 0x09, 0x00, 0x00, 0x00, 0x00, 0x00,
    0xe9, 0x00, 0x08, 0x00, 0xe8, 0x01, 0x09, 0x00, 0xe9, 0x01, 0x09, 0x00, 0x00, 0x00, 0x00, 0x00,
    0x00, 0x00, 0x00, 0x00, 0x00, 0x00, 0x00, 0x00, 0x00, 0x00, 0x00, 0x00, 0x00, 0x00, 0x00, 0x00,
    0x30, 0x00, 0x06, 0x00, 0xea, 0x00, 0x08, 0x00, 0xea, 0x01, 0x09, 0x00, 0x00, 0x00, 0x00, 0x00,
    0x6d, 0x00, 0x07, 0x00, 0xeb, 0x00, 0x08, 0x00, 0xeb, 0x01, 0x09, 0x00, 0x00, 0x00, 0x00, 0x00,
    0xec, 0x00, 0x08, 0x00, 0xec, 0x01, 0x09, 0x00, 0xed, 0x01, 0x09, 0x00, 0x00, 0x00, 0x00, 0x00,
    0x00, 0x00, 0x00, 0x00, 0x00, 0x00, 0x00, 0x00, 0x00, 0x00, 0x00, 0x00, 0x00, 0x00, 0x00, 0x00,
    0x6e, 0x00, 0x07, 0x00, 0xee, 0x01, 0x09, 0x00, 0xf0, 0x03, 0x0a, 0x00, 0x00, 0x00, 0x00, 0x00,
    0xed, 0x00, 0x08, 0x00, 0xef, 0x01, 0x09, 0x00, 0xf1, 0x03, 0x0a, 0x00, 0x00, 0x00, 0x00, 0x00,
    0xf0, 0x01, 0x09, 0x00, 0xf1, 0x01, 0x09, 0x00, 0xf2, 0x03, 0x0a, 0x00, 0x00, 0x00, 0x00, 0x00,
    0x00, 0x00, 0x00, 0x00, 0x00, 0x00, 0x00, 0x00, 0x00, 0x00, 0x00, 0x00, 0x00, 0x00, 0x00, 0x00,
    0x00, 0x00, 0x00, 0x00, 0x00, 0x00, 0x00, 0x00, 0x00, 0x00, 0x00, 0x00, 0x00, 0x00, 0x00, 0x00,
    0x00, 0x00, 0x00, 0x00, 0x00, 0x00, 0x00, 0x00, 0x00, 0x00, 0x00, 0x00, 0x00, 0x00, 0x00, 0x00,
    0x00, 0x00, 0x00, 0x00, 0x00, 0x00, 0x00, 0x00, 0x00, 0x00, 0x00, 0x00, 0x00, 0x00, 0x00, 0x00,
    0x00, 0x00, 0x00, 0x00, 0x00, 0x00, 0x00, 0x00, 0x00, 0x00, 0x00, 0x00, 0x00, 0x00, 0x00, 0x00,
    0x31, 0x00, 0x06, 0x00, 0xf2, 0x01, 0x09, 0x00, 0xf3, 0x03, 0x0a, 0x00, 0x00, 0x00, 0x00, 0x00,
    0xee, 0x00, 0x08, 0x00, 0xf3, 0x01, 0x09, 0x00, 0xf4, 0x03, 0x0a, 0x00, 0x00, 0x00, 0x00, 0x00,
    0xf5, 0x03, 0x0a, 0x00, 0xf6, 0x03, 0x0a, 0x00, 0xfa, 0x07, 0x0b, 0x00, 0x00, 0x00, 0x00, 0x00,
    0x00, 0x00, 0x00, 0x00, 0x00, 0x00, 0x00, 0x00, 0x00, 0x00, 0x00, 0x00, 0x00, 0x00, 0x00, 0x00,
    0x6f, 0x00, 0x07, 0x00, 0xf4, 0x01, 0x09, 0x00, 0xf7, 0x03, 0x0a, 0x00, 0x00, 0x00, 0x00, 0x00,
    0xef, 0x00, 0x08, 0x00, 0xf5, 0x01, 0x09, 0x00, 0xfb, 0x07, 0x0b, 0x00, 0x00, 0x00, 0x00, 0x00,
    0xf8, 0x03, 0x0a, 0x00, 0xf9, 0x03, 0x0a, 0x00, 0xfc, 0x07, 0x0b, 0x00, 0x00, 0x00, 0x00, 0x00,
    0x00, 0x00, 0x00, 0x00, 0x00, 0x00, 0x00, 0x00, 0x00, 0x00, 0x00, 0x00, 0x00, 0x00, 0x00, 0x00,
    0xf0, 0x00, 0x08, 0x00, 0xfa, 0x03, 0x0a, 0x00, 0xfd, 0x07, 0x0b, 0x00, 0x00, 0x00, 0x00, 0x00,
    0xf1, 0x00, 0x08, 0x00, 0xfb, 0x03, 0x0a, 0x00, 0xfe, 0x07, 0x0b, 0x00, 0x00, 0x00, 0x00, 0x00,
    0xf6, 0x01, 0x09, 0x00, 0xfc, 0x03, 0x0a, 0x00, 0xff, 0x07, 0x0b, 0x00,
];

pub const G_A_SPEC_WL2_E: [u8; 684] = [
    0x00, 0x00, 0x03, 0x00, 0x02, 0x00, 0x04, 0x00, 0x56, 0x00, 0x07, 0x00, 0x00, 0x00, 0x00, 0x00,
    0x08, 0x00, 0x05, 0x00, 0x09, 0x00, 0x05, 0x00, 0x57, 0x00, 0x07, 0x00, 0x00, 0x00, 0x00, 0x00,
    0x58, 0x00, 0x07, 0x00, 0x59, 0x00, 0x07, 0x00, 0xea, 0x00, 0x08, 0x00, 0x00, 0x00, 0x00, 0x00,
    0x00, 0x00, 0x00, 0x00, 0x00, 0x00, 0x00, 0x00, 0x00, 0x00, 0x00, 0x00, 0x00, 0x00, 0x00, 0x00,
    0x0a, 0x00, 0x05, 0x00, 0x0b, 0x00, 0x05, 0x00, 0x5a, 0x00, 0x07, 0x00, 0x00, 0x00, 0x00, 0x00,
    0x0c, 0x00, 0x05, 0x00, 0x0d, 0x00, 0x05, 0x00, 0x5b, 0x00, 0x07, 0x00, 0x00, 0x00, 0x00, 0x00,
    0x5c, 0x00, 0x07, 0x00, 0x5d, 0x00, 0x07, 0x00, 0xeb, 0x00, 0x08, 0x00, 0x00, 0x00, 0x00, 0x00,
    0x00, 0x00, 0x00, 0x00, 0x00, 0x00, 0x00, 0x00, 0x00, 0x00, 0x00, 0x00, 0x00, 0x00, 0x00, 0x00,
    0x5e, 0x00, 0x07, 0x00, 0x5f, 0x00, 0x07, 0x00, 0xee, 0x01, 0x09, 0x00, 0x00, 0x00, 0x00, 0x00,
    0x60, 0x00, 0x07, 0x00, 0x61, 0x00, 0x07, 0x00, 0xef, 0x01, 0x09, 0x00, 0x00, 0x00, 0x00, 0x00,
    0xf0, 0x01, 0x09, 0x00, 0xec, 0x00, 0x08, 0x00, 0xfc, 0x03, 0x0a, 0x00, 0x00, 0x00, 0x00, 0x00,
    0x00, 0x00, 0x00, 0x00, 0x00, 0x00, 0x00, 0x00, 0x00, 0x00, 0x00, 0x00, 0x00, 0x00, 0x00, 0x00,
    0x00, 0x00, 0x00, 0x00, 0x00, 0x00, 0x00, 0x00, 0x00, 0x00, 0x00, 0x00, 0x00, 0x00, 0x00, 0x00,
    0x00, 0x00, 0x00, 0x00, 0x00, 0x00, 0x00, 0x00, 0x00, 0x00, 0x00, 0x00, 0x00, 0x00, 0x00, 0x00,
    0x00, 0x00, 0x00, 0x00, 0x00, 0x00, 0x00, 0x00, 0x00, 0x00, 0x00, 0x00, 0x00, 0x00, 0x00, 0x00,
    0x00, 0x00, 0x00, 0x00, 0x00, 0x00, 0x00, 0x00, 0x00, 0x00, 0x00, 0x00, 0x00, 0x00, 0x00, 0x00,
    0x03, 0x00, 0x04, 0x00, 0x0e, 0x00, 0x05, 0x00, 0x62, 0x00, 0x07, 0x00, 0x00, 0x00, 0x00, 0x00,
    0x0f, 0x00, 0x05, 0x00, 0x10, 0x00, 0x05, 0x00, 0x63, 0x00, 0x07, 0x00, 0x00, 0x00, 0x00, 0x00,
    0x64, 0x00, 0x07, 0x00, 0x65, 0x00, 0x07, 0x00, 0xed, 0x00, 0x08, 0x00, 0x00, 0x00, 0x00, 0x00,
    0x00, 0x00, 0x00, 0x00, 0x00, 0x00, 0x00, 0x00, 0x00, 0x00, 0x00, 0x00, 0x00, 0x00, 0x00, 0x00,
    0x11, 0x00, 0x05, 0x00, 0x12, 0x00, 0x05, 0x00, 0x66, 0x00, 0x07, 0x00, 0x00, 0x00, 0x00, 0x00,
    0x13, 0x00, 0x05, 0x00, 0x14, 0x00, 0x05, 0x00, 0x67, 0x00, 0x07, 0x00, 0x00, 0x00, 0x00, 0x00,
    0x68, 0x00, 0x07, 0x00, 0x69, 0x00, 0x07, 0x00, 0xee, 0x00, 0x08, 0x00, 0x00, 0x00, 0x00, 0x00,
    0x00, 0x00, 0x00, 0x00, 0x00, 0x00, 0x00, 0x00, 0x00, 0x00, 0x00, 0x00, 0x00, 0x00, 0x00, 0x00,
    0x6a, 0x00, 0x07, 0x00, 0x6b, 0x00, 0x07, 0x00, 0xf1, 0x01, 0x09, 0x00, 0x00, 0x00, 0x00, 0x00,
    0x6c, 0x00, 0x07, 0x00, 0x2a, 0x00, 0x06, 0x00, 0xef, 0x00, 0x08, 0x00, 0x00, 0x00, 0x00, 0x00,
    0xf0, 0x00, 0x08, 0x00, 0xf1, 0x00, 0x08, 0x00, 0xf2, 0x01, 0x09, 0x00, 0x00, 0x00, 0x00, 0x00,
    0x00, 0x00, 0x00, 0x00, 0x00, 0x00, 0x00, 0x00, 0x00, 0x00, 0x00, 0x00, 0x00, 0x00, 0x00, 0x00,
    0x00, 0x00, 0x00, 0x00, 0x00, 0x00, 0x00, 0x00, 0x00, 0x00, 0x00, 0x00, 0x00, 0x00, 0x00, 0x00,
    0x00, 0x00, 0x00, 0x00, 0x00, 0x00, 0x00, 0x00, 0x00, 0x00, 0x00, 0x00, 0x00, 0x00, 0x00, 0x00,
    0x00, 0x00, 0x00, 0x00, 0x00, 0x00, 0x00, 0x00, 0x00, 0x00, 0x00, 0x00, 0x00, 0x00, 0x00, 0x00,
    0x00, 0x00, 0x00, 0x00, 0x00, 0x00, 0x00, 0x00, 0x00, 0x00, 0x00, 0x00, 0x00, 0x00, 0x00, 0x00,
    0x6d, 0x00, 0x07, 0x00, 0x6e, 0x00, 0x07, 0x00, 0xf3, 0x01, 0x09, 0x00, 0x00, 0x00, 0x00, 0x00,
    0x6f, 0x00, 0x07, 0x00, 0x70, 0x00, 0x07, 0x00, 0xf4, 0x01, 0x09, 0x00, 0x00, 0x00, 0x00, 0x00,
    0xf5, 0x01, 0x09, 0x00, 0xf6, 0x01, 0x09, 0x00, 0xfd, 0x03, 0x0a, 0x00, 0x00, 0x00, 0x00, 0x00,
    0x00, 0x00, 0x00, 0x00, 0x00, 0x00, 0x00, 0x00, 0x00, 0x00, 0x00, 0x00, 0x00, 0x00, 0x00, 0x00,
    0x71, 0x00, 0x07, 0x00, 0x72, 0x00, 0x07, 0x00, 0xf7, 0x01, 0x09, 0x00, 0x00, 0x00, 0x00, 0x00,
    0x73, 0x00, 0x07, 0x00, 0x74, 0x00, 0x07, 0x00, 0xf2, 0x00, 0x08, 0x00, 0x00, 0x00, 0x00, 0x00,
    0xf8, 0x01, 0x09, 0x00, 0xf3, 0x00, 0x08, 0x00, 0xf9, 0x01, 0x09, 0x00, 0x00, 0x00, 0x00, 0x00,
    0x00, 0x00, 0x00, 0x00, 0x00, 0x00, 0x00, 0x00, 0x00, 0x00, 0x00, 0x00, 0x00, 0x00, 0x00, 0x00,
    0xfa, 0x01, 0x09, 0x00, 0xf4, 0x00, 0x08, 0x00, 0xfe, 0x03, 0x0a, 0x00, 0x00, 0x00, 0x00, 0x00,
    0xf5, 0x00, 0x08, 0x00, 0xf6, 0x00, 0x08, 0x00, 0xfb, 0x01, 0x09, 0x00, 0x00, 0x00, 0x00, 0x00,
    0xfc, 0x01, 0x09, 0x00, 0xfd, 0x01, 0x09, 0x00, 0xff, 0x03, 0x0a, 0x00,
];

pub const G_A_SPEC_WL2_F: [u8; 256] = [
    0x00, 0x00, 0x01, 0x00, 0x04, 0x00, 0x03, 0x00, 0x78, 0x00, 0x07, 0x00, 0x00, 0x00, 0x00, 0x00,
    0x00, 0x00, 0x00, 0x00, 0x00, 0x00, 0x00, 0x00, 0xf6, 0x00, 0x08, 0x00, 0x05, 0x00, 0x03, 0x00,
    0x0c, 0x00, 0x04, 0x00, 0x38, 0x00, 0x06, 0x00, 0xf7, 0x00, 0x08, 0x00, 0x00, 0x00, 0x00, 0x00,
    0x00, 0x00, 0x00, 0x00, 0x00, 0x00, 0x00, 0x00, 0xf8, 0x00, 0x08, 0x00, 0x39, 0x00, 0x06, 0x00,
    0x79, 0x00, 0x07, 0x00, 0xf9, 0x00, 0x08, 0x00, 0xfe, 0x03, 0x0a, 0x00, 0x00, 0x00, 0x00, 0x00,
    0x00, 0x00, 0x00, 0x00, 0x00, 0x00, 0x00, 0x00, 0xfc, 0x01, 0x09, 0x00, 0xfa, 0x00, 0x08, 0x00,
    0x00, 0x00, 0x00, 0x00, 0x00, 0x00, 0x00, 0x00, 0x00, 0x00, 0x00, 0x00, 0x00, 0x00, 0x00, 0x00,
    0x00, 0x00, 0x00, 0x00, 0x00, 0x00, 0x00, 0x00, 0x00, 0x00, 0x00, 0x00, 0x00, 0x00, 0x00, 0x00,
    0x00, 0x00, 0x00, 0x00, 0x00, 0x00, 0x00, 0x00, 0x00, 0x00, 0x00, 0x00, 0x00, 0x00, 0x00, 0x00,
    0x00, 0x00, 0x00, 0x00, 0x00, 0x00, 0x00, 0x00, 0x00, 0x00, 0x00, 0x00, 0x00, 0x00, 0x00, 0x00,
    0x00, 0x00, 0x00, 0x00, 0x00, 0x00, 0x00, 0x00, 0x00, 0x00, 0x00, 0x00, 0x00, 0x00, 0x00, 0x00,
    0x00, 0x00, 0x00, 0x00, 0x00, 0x00, 0x00, 0x00, 0x00, 0x00, 0x00, 0x00, 0x00, 0x00, 0x00, 0x00,
    0x7a, 0x00, 0x07, 0x00, 0xfb, 0x00, 0x08, 0x00, 0xfd, 0x01, 0x09, 0x00, 0x00, 0x00, 0x00, 0x00,
    0x00, 0x00, 0x00, 0x00, 0x00, 0x00, 0x00, 0x00, 0xff, 0x03, 0x0a, 0x00, 0xfe, 0x01, 0x09, 0x00,
    0x0d, 0x00, 0x04, 0x00, 0x3a, 0x00, 0x06, 0x00, 0xfc, 0x00, 0x08, 0x00, 0x00, 0x00, 0x00, 0x00,
    0x00, 0x00, 0x00, 0x00, 0x00, 0x00, 0x00, 0x00, 0xfd, 0x00, 0x08, 0x00, 0x3b, 0x00, 0x06, 0x00,
];

pub const G_A_SPEC_WL2_G: [u8; 256] = [
    0x00, 0x00, 0x03, 0x00, 0x01, 0x00, 0x03, 0x00, 0x34, 0x00, 0x06, 0x00, 0x00, 0x00, 0x00, 0x00,
    0x00, 0x00, 0x00, 0x00, 0x00, 0x00, 0x00, 0x00, 0x35, 0x00, 0x06, 0x00, 0x02, 0x00, 0x03, 0x00,
    0x03, 0x00, 0x03, 0x00, 0x18, 0x00, 0x05, 0x00, 0x7a, 0x00, 0x07, 0x00, 0x00, 0x00, 0x00, 0x00,
    0x00, 0x00, 0x00, 0x00, 0x00, 0x00, 0x00, 0x00, 0x36, 0x00, 0x06, 0x00, 0x0a, 0x00, 0x04, 0x00,
    0x37, 0x00, 0x06, 0x00, 0x7b, 0x00, 0x07, 0x00, 0xfe, 0x00, 0x08, 0x00, 0x00, 0x00, 0x00, 0x00,
    0x00, 0x00, 0x00, 0x00, 0x00, 0x00, 0x00, 0x00, 0x7c, 0x00, 0x07, 0x00, 0x38, 0x00, 0x06, 0x00,
    0x00, 0x00, 0x00, 0x00, 0x00, 0x00, 0x00, 0x00, 0x00, 0x00, 0x00, 0x00, 0x00, 0x00, 0x00, 0x00,
    0x00, 0x00, 0x00, 0x00, 0x00, 0x00, 0x00, 0x00, 0x00, 0x00, 0x00, 0x00, 0x00, 0x00, 0x00, 0x00,
    0x00, 0x00, 0x00, 0x00, 0x00, 0x00, 0x00, 0x00, 0x00, 0x00, 0x00, 0x00, 0x00, 0x00, 0x00, 0x00,
    0x00, 0x00, 0x00, 0x00, 0x00, 0x00, 0x00, 0x00, 0x00, 0x00, 0x00, 0x00, 0x00, 0x00, 0x00, 0x00,
    0x00, 0x00, 0x00, 0x00, 0x00, 0x00, 0x00, 0x00, 0x00, 0x00, 0x00, 0x00, 0x00, 0x00, 0x00, 0x00,
    0x00, 0x00, 0x00, 0x00, 0x00, 0x00, 0x00, 0x00, 0x00, 0x00, 0x00, 0x00, 0x00, 0x00, 0x00, 0x00,
    0x39, 0x00, 0x06, 0x00, 0x3a, 0x00, 0x06, 0x00, 0x7d, 0x00, 0x07, 0x00, 0x00, 0x00, 0x00, 0x00,
    0x00, 0x00, 0x00, 0x00, 0x00, 0x00, 0x00, 0x00, 0xff, 0x00, 0x08, 0x00, 0x7e, 0x00, 0x07, 0x00,
    0x04, 0x00, 0x03, 0x00, 0x0b, 0x00, 0x04, 0x00, 0x3b, 0x00, 0x06, 0x00, 0x00, 0x00, 0x00, 0x00,
    0x00, 0x00, 0x00, 0x00, 0x00, 0x00, 0x00, 0x00, 0x3c, 0x00, 0x06, 0x00, 0x19, 0x00, 0x05, 0x00,
];

pub const G_A_SPEC_WL2_H: [u8; 684] = [
    0x00, 0x00, 0x02, 0x00, 0x04, 0x00, 0x04, 0x00, 0x66, 0x00, 0x07, 0x00, 0x00, 0x00, 0x00, 0x00,
    0x05, 0x00, 0x04, 0x00, 0x10, 0x00, 0x05, 0x00, 0x67, 0x00, 0x07, 0x00, 0x00, 0x00, 0x00, 0x00,
    0x68, 0x00, 0x07, 0x00, 0xdc, 0x00, 0x08, 0x00, 0xe8, 0x01, 0x09, 0x00, 0x00, 0x00, 0x00, 0x00,
    0x00, 0x00, 0x00, 0x00, 0x00, 0x00, 0x00, 0x00, 0x00, 0x00, 0x00, 0x00, 0x00, 0x00, 0x00, 0x00,
    0x06, 0x00, 0x04, 0x00, 0x11, 0x00, 0x05, 0x00, 0xdd, 0x00, 0x08, 0x00, 0x00, 0x00, 0x00, 0x00,
    0x12, 0x00, 0x05, 0x00, 0x13, 0x00, 0x05, 0x00, 0xde, 0x00, 0x08, 0x00, 0x00, 0x00, 0x00, 0x00,
    0xdf, 0x00, 0x08, 0x00, 0x69, 0x00, 0x07, 0x00, 0xe9, 0x01, 0x09, 0x00, 0x00, 0x00, 0x00, 0x00,
    0x00, 0x00, 0x00, 0x00, 0x00, 0x00, 0x00, 0x00, 0x00, 0x00, 0x00, 0x00, 0x00, 0x00, 0x00, 0x00,
    0x6a, 0x00, 0x07, 0x00, 0xe0, 0x00, 0x08, 0x00, 0xf2, 0x03, 0x0a, 0x00, 0x00, 0x00, 0x00, 0x00,
    0xe1, 0x00, 0x08, 0x00, 0xe2, 0x00, 0x08, 0x00, 0xea, 0x01, 0x09, 0x00, 0x00, 0x00, 0x00, 0x00,
    0xeb, 0x01, 0x09, 0x00, 0xec, 0x01, 0x09, 0x00, 0xf3, 0x03, 0x0a, 0x00, 0x00, 0x00, 0x00, 0x00,
    0x00, 0x00, 0x00, 0x00, 0x00, 0x00, 0x00, 0x00, 0x00, 0x00, 0x00, 0x00, 0x00, 0x00, 0x00, 0x00,
    0x00, 0x00, 0x00, 0x00, 0x00, 0x00, 0x00, 0x00, 0x00, 0x00, 0x00, 0x00, 0x00, 0x00, 0x00, 0x00,
    0x00, 0x00, 0x00, 0x00, 0x00, 0x00, 0x00, 0x00, 0x00, 0x00, 0x00, 0x00, 0x00, 0x00, 0x00, 0x00,
    0x00, 0x00, 0x00, 0x00, 0x00, 0x00, 0x00, 0x00, 0x00, 0x00, 0x00, 0x00, 0x00, 0x00, 0x00, 0x00,
    0x00, 0x00, 0x00, 0x00, 0x00, 0x00, 0x00, 0x00, 0x00, 0x00, 0x00, 0x00, 0x00, 0x00, 0x00, 0x00,
    0x07, 0x00, 0x04, 0x00, 0x14, 0x00, 0x05, 0x00, 0xe3, 0x00, 0x08, 0x00, 0x00, 0x00, 0x00, 0x00,
    0x15, 0x00, 0x05, 0x00, 0x30, 0x00, 0x06, 0x00, 0xe4, 0x00, 0x08, 0x00, 0x00, 0x00, 0x00, 0x00,
    0xe5, 0x00, 0x08, 0x00, 0xe6, 0x00, 0x08, 0x00, 0xed, 0x01, 0x09, 0x00, 0x00, 0x00, 0x00, 0x00,
    0x00, 0x00, 0x00, 0x00, 0x00, 0x00, 0x00, 0x00, 0x00, 0x00, 0x00, 0x00, 0x00, 0x00, 0x00, 0x00,
    0x16, 0x00, 0x05, 0x00, 0x31, 0x00, 0x06, 0x00, 0xe7, 0x00, 0x08, 0x00, 0x00, 0x00, 0x00, 0x00,
    0x17, 0x00, 0x05, 0x00, 0x32, 0x00, 0x06, 0x00, 0xe8, 0x00, 0x08, 0x00, 0x00, 0x00, 0x00, 0x00,
    0xe9, 0x00, 0x08, 0x00, 0xea, 0x00, 0x08, 0x00, 0xee, 0x01, 0x09, 0x00, 0x00, 0x00, 0x00, 0x00,
    0x00, 0x00, 0x00, 0x00, 0x00, 0x00, 0x00, 0x00, 0x00, 0x00, 0x00, 0x00, 0x00, 0x00, 0x00, 0x00,
    0xeb, 0x00, 0x08, 0x00, 0xec, 0x00, 0x08, 0x00, 0xf4, 0x03, 0x0a, 0x00, 0x00, 0x00, 0x00, 0x00,
    0x6b, 0x00, 0x07, 0x00, 0xed, 0x00, 0x08, 0x00, 0xef, 0x01, 0x09, 0x00, 0x00, 0x00, 0x00, 0x00,
    0xf0, 0x01, 0x09, 0x00, 0xf1, 0x01, 0x09, 0x00, 0xf5, 0x03, 0x0a, 0x00, 0x00, 0x00, 0x00, 0x00,
    0x00, 0x00, 0x00, 0x00, 0x00, 0x00, 0x00, 0x00, 0x00, 0x00, 0x00, 0x00, 0x00, 0x00, 0x00, 0x00,
    0x00, 0x00, 0x00, 0x00, 0x00, 0x00, 0x00, 0x00, 0x00, 0x00, 0x00, 0x00, 0x00, 0x00, 0x00, 0x00,
    0x00, 0x00, 0x00, 0x00, 0x00, 0x00, 0x00, 0x00, 0x00, 0x00, 0x00, 0x00, 0x00, 0x00, 0x00, 0x00,
    0x00, 0x00, 0x00, 0x00, 0x00, 0x00, 0x00, 0x00, 0x00, 0x00, 0x00, 0x00, 0x00, 0x00, 0x00, 0x00,
    0x00, 0x00, 0x00, 0x00, 0x00, 0x00, 0x00, 0x00, 0x00, 0x00, 0x00, 0x00, 0x00, 0x00, 0x00, 0x00,
    0x6c, 0x00, 0x07, 0x00, 0xee, 0x00, 0x08, 0x00, 0xf6, 0x03, 0x0a, 0x00, 0x00, 0x00, 0x00, 0x00,
    0xef, 0x00, 0x08, 0x00, 0xf0, 0x00, 0x08, 0x00, 0xf7, 0x03, 0x0a, 0x00, 0x00, 0x00, 0x00, 0x00,
    0xf8, 0x03, 0x0a, 0x00, 0xf9, 0x03, 0x0a, 0x00, 0xfc, 0x07, 0x0b, 0x00, 0x00, 0x00, 0x00, 0x00,
    0x00, 0x00, 0x00, 0x00, 0x00, 0x00, 0x00, 0x00, 0x00, 0x00, 0x00, 0x00, 0x00, 0x00, 0x00, 0x00,
    0x6d, 0x00, 0x07, 0x00, 0xf1, 0x00, 0x08, 0x00, 0xfa, 0x03, 0x0a, 0x00, 0x00, 0x00, 0x00, 0x00,
    0xf2, 0x00, 0x08, 0x00, 0xf3, 0x00, 0x08, 0x00, 0xf2, 0x01, 0x09, 0x00, 0x00, 0x00, 0x00, 0x00,
    0xf3, 0x01, 0x09, 0x00, 0xf4, 0x01, 0x09, 0x00, 0xfb, 0x03, 0x0a, 0x00, 0x00, 0x00, 0x00, 0x00,
    0x00, 0x00, 0x00, 0x00, 0x00, 0x00, 0x00, 0x00, 0x00, 0x00, 0x00, 0x00, 0x00, 0x00, 0x00, 0x00,
    0xf5, 0x01, 0x09, 0x00, 0xf6, 0x01, 0x09, 0x00, 0xfd, 0x07, 0x0b, 0x00, 0x00, 0x00, 0x00, 0x00,
    0xf7, 0x01, 0x09, 0x00, 0xf8, 0x01, 0x09, 0x00, 0xfe, 0x07, 0x0b, 0x00, 0x00, 0x00, 0x00, 0x00,
    0xfc, 0x03, 0x0a, 0x00, 0xfd, 0x03, 0x0a, 0x00, 0xff, 0x07, 0x0b, 0x00,
];

pub const G_A_SPEC_WL2_I: [u8; 684] = [
    0x00, 0x00, 0x01, 0x00, 0x08, 0x00, 0x04, 0x00, 0x70, 0x00, 0x07, 0x00, 0x00, 0x00, 0x00, 0x00,
    0x09, 0x00, 0x04, 0x00, 0x30, 0x00, 0x06, 0x00, 0xe8, 0x00, 0x08, 0x00, 0x00, 0x00, 0x00, 0x00,
    0xe9, 0x00, 0x08, 0x00, 0xea, 0x00, 0x08, 0x00, 0xea, 0x03, 0x0a, 0x00, 0x00, 0x00, 0x00, 0x00,
    0x00, 0x00, 0x00, 0x00, 0x00, 0x00, 0x00, 0x00, 0x00, 0x00, 0x00, 0x00, 0x00, 0x00, 0x00, 0x00,
    0x0a, 0x00, 0x04, 0x00, 0x31, 0x00, 0x06, 0x00, 0xe2, 0x01, 0x09, 0x00, 0x00, 0x00, 0x00, 0x00,
    0x32, 0x00, 0x06, 0x00, 0x33, 0x00, 0x06, 0x00, 0xe3, 0x01, 0x09, 0x00, 0x00, 0x00, 0x00, 0x00,
    0xeb, 0x00, 0x08, 0x00, 0xe4, 0x01, 0x09, 0x00, 0xeb, 0x03, 0x0a, 0x00, 0x00, 0x00, 0x00, 0x00,
    0x00, 0x00, 0x00, 0x00, 0x00, 0x00, 0x00, 0x00, 0x00, 0x00, 0x00, 0x00, 0x00, 0x00, 0x00, 0x00,
    0xec, 0x00, 0x08, 0x00, 0xe5, 0x01, 0x09, 0x00, 0xee, 0x07, 0x0b, 0x00, 0x00, 0x00, 0x00, 0x00,
    0xed, 0x00, 0x08, 0x00, 0xe6, 0x01, 0x09, 0x00, 0xef, 0x07, 0x0b, 0x00, 0x00, 0x00, 0x00, 0x00,
    0xec, 0x03, 0x0a, 0x00, 0xed, 0x03, 0x0a, 0x00, 0xf6, 0x0f, 0x0c, 0x00, 0x00, 0x00, 0x00, 0x00,
    0x00, 0x00, 0x00, 0x00, 0x00, 0x00, 0x00, 0x00, 0x00, 0x00, 0x00, 0x00, 0x00, 0x00, 0x00, 0x00,
    0x00, 0x00, 0x00, 0x00, 0x00, 0x00, 0x00, 0x00, 0x00, 0x00, 0x00, 0x00, 0x00, 0x00, 0x00, 0x00,
    0x00, 0x00, 0x00, 0x00, 0x00, 0x00, 0x00, 0x00, 0x00, 0x00, 0x00, 0x00, 0x00, 0x00, 0x00, 0x00,
    0x00, 0x00, 0x00, 0x00, 0x00, 0x00, 0x00, 0x00, 0x00, 0x00, 0x00, 0x00, 0x00, 0x00, 0x00, 0x00,
    0x00, 0x00, 0x00, 0x00, 0x00, 0x00, 0x00, 0x00, 0x00, 0x00, 0x00, 0x00, 0x00, 0x00, 0x00, 0x00,
    0x0b, 0x00, 0x04, 0x00, 0x34, 0x00, 0x06, 0x00, 0xe7, 0x01, 0x09, 0x00, 0x00, 0x00, 0x00, 0x00,
    0x35, 0x00, 0x06, 0x00, 0x71, 0x00, 0x07, 0x00, 0xe8, 0x01, 0x09, 0x00, 0x00, 0x00, 0x00, 0x00,
    0xe9, 0x01, 0x09, 0x00, 0xea, 0x01, 0x09, 0x00, 0xf0, 0x07, 0x0b, 0x00, 0x00, 0x00, 0x00, 0x00,
    0x00, 0x00, 0x00, 0x00, 0x00, 0x00, 0x00, 0x00, 0x00, 0x00, 0x00, 0x00, 0x00, 0x00, 0x00, 0x00,
    0x36, 0x00, 0x06, 0x00, 0x72, 0x00, 0x07, 0x00, 0xee, 0x03, 0x0a, 0x00, 0x00, 0x00, 0x00, 0x00,
    0x37, 0x00, 0x06, 0x00, 0x73, 0x00, 0x07, 0x00, 0xeb, 0x01, 0x09, 0x00, 0x00, 0x00, 0x00, 0x00,
    0xec, 0x01, 0x09, 0x00, 0xed, 0x01, 0x09, 0x00, 0xef, 0x03, 0x0a, 0x00, 0x00, 0x00, 0x00, 0x00,
    0x00, 0x00, 0x00, 0x00, 0x00, 0x00, 0x00, 0x00, 0x00, 0x00, 0x00, 0x00, 0x00, 0x00, 0x00, 0x00,
    0xee, 0x00, 0x08, 0x00, 0xf0, 0x03, 0x0a, 0x00, 0xf1, 0x07, 0x0b, 0x00, 0x00, 0x00, 0x00, 0x00,
    0xee, 0x01, 0x09, 0x00, 0xef, 0x01, 0x09, 0x00, 0xf2, 0x07, 0x0b, 0x00, 0x00, 0x00, 0x00, 0x00,
    0xf1, 0x03, 0x0a, 0x00, 0xf2, 0x03, 0x0a, 0x00, 0xf3, 0x07, 0x0b, 0x00, 0x00, 0x00, 0x00, 0x00,
    0x00, 0x00, 0x00, 0x00, 0x00, 0x00, 0x00, 0x00, 0x00, 0x00, 0x00, 0x00, 0x00, 0x00, 0x00, 0x00,
    0x00, 0x00, 0x00, 0x00, 0x00, 0x00, 0x00, 0x00, 0x00, 0x00, 0x00, 0x00, 0x00, 0x00, 0x00, 0x00,
    0x00, 0x00, 0x00, 0x00, 0x00, 0x00, 0x00, 0x00, 0x00, 0x00, 0x00, 0x00, 0x00, 0x00, 0x00, 0x00,
    0x00, 0x00, 0x00, 0x00, 0x00, 0x00, 0x00, 0x00, 0x00, 0x00, 0x00, 0x00, 0x00, 0x00, 0x00, 0x00,
    0x00, 0x00, 0x00, 0x00, 0x00, 0x00, 0x00, 0x00, 0x00, 0x00, 0x00, 0x00, 0x00, 0x00, 0x00, 0x00,
    0xef, 0x00, 0x08, 0x00, 0xf0, 0x01, 0x09, 0x00, 0xf7, 0x0f, 0x0c, 0x00, 0x00, 0x00, 0x00, 0x00,
    0xf1, 0x01, 0x09, 0x00, 0xf3, 0x03, 0x0a, 0x00, 0xf8, 0x0f, 0x0c, 0x00, 0x00, 0x00, 0x00, 0x00,
    0xf4, 0x07, 0x0b, 0x00, 0xf5, 0x07, 0x0b, 0x00, 0xf9, 0x0f, 0x0c, 0x00, 0x00, 0x00, 0x00, 0x00,
    0x00, 0x00, 0x00, 0x00, 0x00, 0x00, 0x00, 0x00, 0x00, 0x00, 0x00, 0x00, 0x00, 0x00, 0x00, 0x00,
    0xf0, 0x00, 0x08, 0x00, 0xf2, 0x01, 0x09, 0x00, 0xfa, 0x0f, 0x0c, 0x00, 0x00, 0x00, 0x00, 0x00,
    0xf3, 0x01, 0x09, 0x00, 0xf4, 0x01, 0x09, 0x00, 0xf6, 0x07, 0x0b, 0x00, 0x00, 0x00, 0x00, 0x00,
    0xf7, 0x07, 0x0b, 0x00, 0xf8, 0x07, 0x0b, 0x00, 0xfb, 0x0f, 0x0c, 0x00, 0x00, 0x00, 0x00, 0x00,
    0x00, 0x00, 0x00, 0x00, 0x00, 0x00, 0x00, 0x00, 0x00, 0x00, 0x00, 0x00, 0x00, 0x00, 0x00, 0x00,
    0xf4, 0x03, 0x0a, 0x00, 0xf9, 0x07, 0x0b, 0x00, 0xfc, 0x0f, 0x0c, 0x00, 0x00, 0x00, 0x00, 0x00,
    0xf5, 0x03, 0x0a, 0x00, 0xf6, 0x03, 0x0a, 0x00, 0xfd, 0x0f, 0x0c, 0x00, 0x00, 0x00, 0x00, 0x00,
    0xfe, 0x0f, 0x0c, 0x00, 0xfa, 0x07, 0x0b, 0x00, 0xff, 0x0f, 0x0c, 0x00,
];

pub const G_A_SPEC_WL2_J: [u8; 684] = [
    0x00, 0x00, 0x03, 0x00, 0x02, 0x00, 0x04, 0x00, 0x58, 0x00, 0x07, 0x00, 0x00, 0x00, 0x00, 0x00,
    0x0a, 0x00, 0x05, 0x00, 0x0b, 0x00, 0x05, 0x00, 0x59, 0x00, 0x07, 0x00, 0x00, 0x00, 0x00, 0x00,
    0x5a, 0x00, 0x07, 0x00, 0x5b, 0x00, 0x07, 0x00, 0xea, 0x01, 0x09, 0x00, 0x00, 0x00, 0x00, 0x00,
    0x00, 0x00, 0x00, 0x00, 0x00, 0x00, 0x00, 0x00, 0x00, 0x00, 0x00, 0x00, 0x00, 0x00, 0x00, 0x00,
    0x03, 0x00, 0x04, 0x00, 0x0c, 0x00, 0x05, 0x00, 0x5c, 0x00, 0x07, 0x00, 0x00, 0x00, 0x00, 0x00,
    0x0d, 0x00, 0x05, 0x00, 0x0e, 0x00, 0x05, 0x00, 0x5d, 0x00, 0x07, 0x00, 0x00, 0x00, 0x00, 0x00,
    0x5e, 0x00, 0x07, 0x00, 0x5f, 0x00, 0x07, 0x00, 0xec, 0x00, 0x08, 0x00, 0x00, 0x00, 0x00, 0x00,
    0x00, 0x00, 0x00, 0x00, 0x00, 0x00, 0x00, 0x00, 0x00, 0x00, 0x00, 0x00, 0x00, 0x00, 0x00, 0x00,
    0x60, 0x00, 0x07, 0x00, 0x61, 0x00, 0x07, 0x00, 0xeb, 0x01, 0x09, 0x00, 0x00, 0x00, 0x00, 0x00,
    0x62, 0x00, 0x07, 0x00, 0xed, 0x00, 0x08, 0x00, 0xec, 0x01, 0x09, 0x00, 0x00, 0x00, 0x00, 0x00,
    0xed, 0x01, 0x09, 0x00, 0xee, 0x00, 0x08, 0x00, 0xf8, 0x03, 0x0a, 0x00, 0x00, 0x00, 0x00, 0x00,
    0x00, 0x00, 0x00, 0x00, 0x00, 0x00, 0x00, 0x00, 0x00, 0x00, 0x00, 0x00, 0x00, 0x00, 0x00, 0x00,
    0x00, 0x00, 0x00, 0x00, 0x00, 0x00, 0x00, 0x00, 0x00, 0x00, 0x00, 0x00, 0x00, 0x00, 0x00, 0x00,
    0x00, 0x00, 0x00, 0x00, 0x00, 0x00, 0x00, 0x00, 0x00, 0x00, 0x00, 0x00, 0x00, 0x00, 0x00, 0x00,
    0x00, 0x00, 0x00, 0x00, 0x00, 0x00, 0x00, 0x00, 0x00, 0x00, 0x00, 0x00, 0x00, 0x00, 0x00, 0x00,
    0x00, 0x00, 0x00, 0x00, 0x00, 0x00, 0x00, 0x00, 0x00, 0x00, 0x00, 0x00, 0x00, 0x00, 0x00, 0x00,
    0x04, 0x00, 0x04, 0x00, 0x0f, 0x00, 0x05, 0x00, 0x63, 0x00, 0x07, 0x00, 0x00, 0x00, 0x00, 0x00,
    0x10, 0x00, 0x05, 0x00, 0x11, 0x00, 0x05, 0x00, 0x64, 0x00, 0x07, 0x00, 0x00, 0x00, 0x00, 0x00,
    0xef, 0x00, 0x08, 0x00, 0x65, 0x00, 0x07, 0x00, 0xee, 0x01, 0x09, 0x00, 0x00, 0x00, 0x00, 0x00,
    0x00, 0x00, 0x00, 0x00, 0x00, 0x00, 0x00, 0x00, 0x00, 0x00, 0x00, 0x00, 0x00, 0x00, 0x00, 0x00,
    0x12, 0x00, 0x05, 0x00, 0x13, 0x00, 0x05, 0x00, 0x66, 0x00, 0x07, 0x00, 0x00, 0x00, 0x00, 0x00,
    0x14, 0x00, 0x05, 0x00, 0x15, 0x00, 0x05, 0x00, 0x67, 0x00, 0x07, 0x00, 0x00, 0x00, 0x00, 0x00,
    0x68, 0x00, 0x07, 0x00, 0x69, 0x00, 0x07, 0x00, 0xf0, 0x00, 0x08, 0x00, 0x00, 0x00, 0x00, 0x00,
    0x00, 0x00, 0x00, 0x00, 0x00, 0x00, 0x00, 0x00, 0x00, 0x00, 0x00, 0x00, 0x00, 0x00, 0x00, 0x00,
    0x6a, 0x00, 0x07, 0x00, 0x6b, 0x00, 0x07, 0x00, 0xef, 0x01, 0x09, 0x00, 0x00, 0x00, 0x00, 0x00,
    0x6c, 0x00, 0x07, 0x00, 0x6d, 0x00, 0x07, 0x00, 0xf0, 0x01, 0x09, 0x00, 0x00, 0x00, 0x00, 0x00,
    0xf1, 0x00, 0x08, 0x00, 0xf2, 0x00, 0x08, 0x00, 0xf1, 0x01, 0x09, 0x00, 0x00, 0x00, 0x00, 0x00,
    0x00, 0x00, 0x00, 0x00, 0x00, 0x00, 0x00, 0x00, 0x00, 0x00, 0x00, 0x00, 0x00, 0x00, 0x00, 0x00,
    0x00, 0x00, 0x00, 0x00, 0x00, 0x00, 0x00, 0x00, 0x00, 0x00, 0x00, 0x00, 0x00, 0x00, 0x00, 0x00,
    0x00, 0x00, 0x00, 0x00, 0x00, 0x00, 0x00, 0x00, 0x00, 0x00, 0x00, 0x00, 0x00, 0x00, 0x00, 0x00,
    0x00, 0x00, 0x00, 0x00, 0x00, 0x00, 0x00, 0x00, 0x00, 0x00, 0x00, 0x00, 0x00, 0x00, 0x00, 0x00,
    0x00, 0x00, 0x00, 0x00, 0x00, 0x00, 0x00, 0x00, 0x00, 0x00, 0x00, 0x00, 0x00, 0x00, 0x00, 0x00,
    0x6e, 0x00, 0x07, 0x00, 0x6f, 0x00, 0x07, 0x00, 0xf9, 0x03, 0x0a, 0x00, 0x00, 0x00, 0x00, 0x00,
    0x70, 0x00, 0x07, 0x00, 0x71, 0x00, 0x07, 0x00, 0xf2, 0x01, 0x09, 0x00, 0x00, 0x00, 0x00, 0x00,
    0xf3, 0x01, 0x09, 0x00, 0xf4, 0x01, 0x09, 0x00, 0xfa, 0x03, 0x0a, 0x00, 0x00, 0x00, 0x00, 0x00,
    0x00, 0x00, 0x00, 0x00, 0x00, 0x00, 0x00, 0x00, 0x00, 0x00, 0x00, 0x00, 0x00, 0x00, 0x00, 0x00,
    0x72, 0x00, 0x07, 0x00, 0x73, 0x00, 0x07, 0x00, 0xf5, 0x01, 0x09, 0x00, 0x00, 0x00, 0x00, 0x00,
    0x74, 0x00, 0x07, 0x00, 0x75, 0x00, 0x07, 0x00, 0xf6, 0x01, 0x09, 0x00, 0x00, 0x00, 0x00, 0x00,
    0xf7, 0x01, 0x09, 0x00, 0xf8, 0x01, 0x09, 0x00, 0xfb, 0x03, 0x0a, 0x00, 0x00, 0x00, 0x00, 0x00,
    0x00, 0x00, 0x00, 0x00, 0x00, 0x00, 0x00, 0x00, 0x00, 0x00, 0x00, 0x00, 0x00, 0x00, 0x00, 0x00,
    0xf9, 0x01, 0x09, 0x00, 0xfa, 0x01, 0x09, 0x00, 0xfc, 0x03, 0x0a, 0x00, 0x00, 0x00, 0x00, 0x00,
    0xf3, 0x00, 0x08, 0x00, 0xf4, 0x00, 0x08, 0x00, 0xfd, 0x03, 0x0a, 0x00, 0x00, 0x00, 0x00, 0x00,
    0xfe, 0x03, 0x0a, 0x00, 0xfb, 0x01, 0x09, 0x00, 0xff, 0x03, 0x0a, 0x00,
];

pub const G_A_SPEC_WL2_K: [u8; 684] = [
    0x00, 0x00, 0x02, 0x00, 0x04, 0x00, 0x04, 0x00, 0x2c, 0x00, 0x06, 0x00, 0x00, 0x00, 0x00, 0x00,
    0x05, 0x00, 0x04, 0x00, 0x10, 0x00, 0x05, 0x00, 0x66, 0x00, 0x07, 0x00, 0x00, 0x00, 0x00, 0x00,
    0x67, 0x00, 0x07, 0x00, 0x68, 0x00, 0x07, 0x00, 0xe0, 0x00, 0x08, 0x00, 0x00, 0x00, 0x00, 0x00,
    0x00, 0x00, 0x00, 0x00, 0x00, 0x00, 0x00, 0x00, 0x00, 0x00, 0x00, 0x00, 0x00, 0x00, 0x00, 0x00,
    0x06, 0x00, 0x04, 0x00, 0x11, 0x00, 0x05, 0x00, 0x69, 0x00, 0x07, 0x00, 0x00, 0x00, 0x00, 0x00,
    0x12, 0x00, 0x05, 0x00, 0x2d, 0x00, 0x06, 0x00, 0xe1, 0x00, 0x08, 0x00, 0x00, 0x00, 0x00, 0x00,
    0x6a, 0x00, 0x07, 0x00, 0xe2, 0x00, 0x08, 0x00, 0xec, 0x01, 0x09, 0x00, 0x00, 0x00, 0x00, 0x00,
    0x00, 0x00, 0x00, 0x00, 0x00, 0x00, 0x00, 0x00, 0x00, 0x00, 0x00, 0x00, 0x00, 0x00, 0x00, 0x00,
    0x6b, 0x00, 0x07, 0x00, 0xe3, 0x00, 0x08, 0x00, 0xee, 0x03, 0x0a, 0x00, 0x00, 0x00, 0x00, 0x00,
    0x6c, 0x00, 0x07, 0x00, 0xe4, 0x00, 0x08, 0x00, 0xef, 0x03, 0x0a, 0x00, 0x00, 0x00, 0x00, 0x00,
    0xed, 0x01, 0x09, 0x00, 0xee, 0x01, 0x09, 0x00, 0xf0, 0x03, 0x0a, 0x00, 0x00, 0x00, 0x00, 0x00,
    0x00, 0x00, 0x00, 0x00, 0x00, 0x00, 0x00, 0x00, 0x00, 0x00, 0x00, 0x00, 0x00, 0x00, 0x00, 0x00,
    0x00, 0x00, 0x00, 0x00, 0x00, 0x00, 0x00, 0x00, 0x00, 0x00, 0x00, 0x00, 0x00, 0x00, 0x00, 0x00,
    0x00, 0x00, 0x00, 0x00, 0x00, 0x00, 0x00, 0x00, 0x00, 0x00, 0x00, 0x00, 0x00, 0x00, 0x00, 0x00,
    0x00, 0x00, 0x00, 0x00, 0x00, 0x00, 0x00, 0x00, 0x00, 0x00, 0x00, 0x00, 0x00, 0x00, 0x00, 0x00,
    0x00, 0x00, 0x00, 0x00, 0x00, 0x00, 0x00, 0x00, 0x00, 0x00, 0x00, 0x00, 0x00, 0x00, 0x00, 0x00,
    0x07, 0x00, 0x04, 0x00, 0x13, 0x00, 0x05, 0x00, 0xe5, 0x00, 0x08, 0x00, 0x00, 0x00, 0x00, 0x00,
    0x14, 0x00, 0x05, 0x00, 0x2e, 0x00, 0x06, 0x00, 0xe6, 0x00, 0x08, 0x00, 0x00, 0x00, 0x00, 0x00,
    0xe7, 0x00, 0x08, 0x00, 0xe8, 0x00, 0x08, 0x00, 0xef, 0x01, 0x09, 0x00, 0x00, 0x00, 0x00, 0x00,
    0x00, 0x00, 0x00, 0x00, 0x00, 0x00, 0x00, 0x00, 0x00, 0x00, 0x00, 0x00, 0x00, 0x00, 0x00, 0x00,
    0x15, 0x00, 0x05, 0x00, 0x2f, 0x00, 0x06, 0x00, 0xe9, 0x00, 0x08, 0x00, 0x00, 0x00, 0x00, 0x00,
    0x30, 0x00, 0x06, 0x00, 0x31, 0x00, 0x06, 0x00, 0xea, 0x00, 0x08, 0x00, 0x00, 0x00, 0x00, 0x00,
    0xeb, 0x00, 0x08, 0x00, 0xec, 0x00, 0x08, 0x00, 0xf0, 0x01, 0x09, 0x00, 0x00, 0x00, 0x00, 0x00,
    0x00, 0x00, 0x00, 0x00, 0x00, 0x00, 0x00, 0x00, 0x00, 0x00, 0x00, 0x00, 0x00, 0x00, 0x00, 0x00,
    0x6d, 0x00, 0x07, 0x00, 0xed, 0x00, 0x08, 0x00, 0xf1, 0x03, 0x0a, 0x00, 0x00, 0x00, 0x00, 0x00,
    0xee, 0x00, 0x08, 0x00, 0xef, 0x00, 0x08, 0x00, 0xf2, 0x03, 0x0a, 0x00, 0x00, 0x00, 0x00, 0x00,
    0xf1, 0x01, 0x09, 0x00, 0xf2, 0x01, 0x09, 0x00, 0xf3, 0x03, 0x0a, 0x00, 0x00, 0x00, 0x00, 0x00,
    0x00, 0x00, 0x00, 0x00, 0x00, 0x00, 0x00, 0x00, 0x00, 0x00, 0x00, 0x00, 0x00, 0x00, 0x00, 0x00,
    0x00, 0x00, 0x00, 0x00, 0x00, 0x00, 0x00, 0x00, 0x00, 0x00, 0x00, 0x00, 0x00, 0x00, 0x00, 0x00,
    0x00, 0x00, 0x00, 0x00, 0x00, 0x00, 0x00, 0x00, 0x00, 0x00, 0x00, 0x00, 0x00, 0x00, 0x00, 0x00,
    0x00, 0x00, 0x00, 0x00, 0x00, 0x00, 0x00, 0x00, 0x00, 0x00, 0x00, 0x00, 0x00, 0x00, 0x00, 0x00,
    0x00, 0x00, 0x00, 0x00, 0x00, 0x00, 0x00, 0x00, 0x00, 0x00, 0x00, 0x00, 0x00, 0x00, 0x00, 0x00,
    0x32, 0x00, 0x06, 0x00, 0xf0, 0x00, 0x08, 0x00, 0xf4, 0x03, 0x0a, 0x00, 0x00, 0x00, 0x00, 0x00,
    0x6e, 0x00, 0x07, 0x00, 0xf1, 0x00, 0x08, 0x00, 0xf5, 0x03, 0x0a, 0x00, 0x00, 0x00, 0x00, 0x00,
    0xf6, 0x03, 0x0a, 0x00, 0xf7, 0x03, 0x0a, 0x00, 0xfc, 0x07, 0x0b, 0x00, 0x00, 0x00, 0x00, 0x00,
    0x00, 0x00, 0x00, 0x00, 0x00, 0x00, 0x00, 0x00, 0x00, 0x00, 0x00, 0x00, 0x00, 0x00, 0x00, 0x00,
    0x6f, 0x00, 0x07, 0x00, 0xf2, 0x00, 0x08, 0x00, 0xf8, 0x03, 0x0a, 0x00, 0x00, 0x00, 0x00, 0x00,
    0xf3, 0x00, 0x08, 0x00, 0xf4, 0x00, 0x08, 0x00, 0xf9, 0x03, 0x0a, 0x00, 0x00, 0x00, 0x00, 0x00,
    0xf3, 0x01, 0x09, 0x00, 0xfa, 0x03, 0x0a, 0x00, 0xfd, 0x07, 0x0b, 0x00, 0x00, 0x00, 0x00, 0x00,
    0x00, 0x00, 0x00, 0x00, 0x00, 0x00, 0x00, 0x00, 0x00, 0x00, 0x00, 0x00, 0x00, 0x00, 0x00, 0x00,
    0xf5, 0x00, 0x08, 0x00, 0xf4, 0x01, 0x09, 0x00, 0xfe, 0x07, 0x0b, 0x00, 0x00, 0x00, 0x00, 0x00,
    0xf5, 0x01, 0x09, 0x00, 0xf6, 0x01, 0x09, 0x00, 0xfb, 0x03, 0x0a, 0x00, 0x00, 0x00, 0x00, 0x00,
    0xfc, 0x03, 0x0a, 0x00, 0xfd, 0x03, 0x0a, 0x00, 0xff, 0x07, 0x0b, 0x00,
];

pub const G_A_SPEC_WL2_L: [u8; 256] = [
    0x00, 0x00, 0x01, 0x00, 0x0a, 0x00, 0x04, 0x00, 0x38, 0x00, 0x06, 0x00, 0x00, 0x00, 0x00, 0x00,
    0x00, 0x00, 0x00, 0x00, 0x00, 0x00, 0x00, 0x00, 0x76, 0x00, 0x07, 0x00, 0x0b, 0x00, 0x04, 0x00,
    0x0c, 0x00, 0x04, 0x00, 0x39, 0x00, 0x06, 0x00, 0xfa, 0x00, 0x08, 0x00, 0x00, 0x00, 0x00, 0x00,
    0x00, 0x00, 0x00, 0x00, 0x00, 0x00, 0x00, 0x00, 0x77, 0x00, 0x07, 0x00, 0x1a, 0x00, 0x05, 0x00,
    0x78, 0x00, 0x07, 0x00, 0xfb, 0x00, 0x08, 0x00, 0xfc, 0x01, 0x09, 0x00, 0x00, 0x00, 0x00, 0x00,
    0x00, 0x00, 0x00, 0x00, 0x00, 0x00, 0x00, 0x00, 0xfd, 0x01, 0x09, 0x00, 0x79, 0x00, 0x07, 0x00,
    0x00, 0x00, 0x00, 0x00, 0x00, 0x00, 0x00, 0x00, 0x00, 0x00, 0x00, 0x00, 0x00, 0x00, 0x00, 0x00,
    0x00, 0x00, 0x00, 0x00, 0x00, 0x00, 0x00, 0x00, 0x00, 0x00, 0x00, 0x00, 0x00, 0x00, 0x00, 0x00,
    0x00, 0x00, 0x00, 0x00, 0x00, 0x00, 0x00, 0x00, 0x00, 0x00, 0x00, 0x00, 0x00, 0x00, 0x00, 0x00,
    0x00, 0x00, 0x00, 0x00, 0x00, 0x00, 0x00, 0x00, 0x00, 0x00, 0x00, 0x00, 0x00, 0x00, 0x00, 0x00,
    0x00, 0x00, 0x00, 0x00, 0x00, 0x00, 0x00, 0x00, 0x00, 0x00, 0x00, 0x00, 0x00, 0x00, 0x00, 0x00,
    0x00, 0x00, 0x00, 0x00, 0x00, 0x00, 0x00, 0x00, 0x00, 0x00, 0x00, 0x00, 0x00, 0x00, 0x00, 0x00,
    0x7a, 0x00, 0x07, 0x00, 0x7b, 0x00, 0x07, 0x00, 0xfe, 0x01, 0x09, 0x00, 0x00, 0x00, 0x00, 0x00,
    0x00, 0x00, 0x00, 0x00, 0x00, 0x00, 0x00, 0x00, 0xff, 0x01, 0x09, 0x00, 0xfc, 0x00, 0x08, 0x00,
    0x04, 0x00, 0x03, 0x00, 0x1b, 0x00, 0x05, 0x00, 0x7c, 0x00, 0x07, 0x00, 0x00, 0x00, 0x00, 0x00,
    0x00, 0x00, 0x00, 0x00, 0x00, 0x00, 0x00, 0x00, 0xfd, 0x00, 0x08, 0x00, 0x3a, 0x00, 0x06, 0x00,
];

pub const G_A_SPEC_WL2_M: [u8; 256] = [
    0x00, 0x00, 0x01, 0x00, 0x0a, 0x00, 0x04, 0x00, 0x76, 0x00, 0x07, 0x00, 0x00, 0x00, 0x00, 0x00,
    0x00, 0x00, 0x00, 0x00, 0x00, 0x00, 0x00, 0x00, 0x38, 0x00, 0x06, 0x00, 0x0b, 0x00, 0x04, 0x00,
    0x04, 0x00, 0x03, 0x00, 0x39, 0x00, 0x06, 0x00, 0xfa, 0x00, 0x08, 0x00, 0x00, 0x00, 0x00, 0x00,
    0x00, 0x00, 0x00, 0x00, 0x00, 0x00, 0x00, 0x00, 0x77, 0x00, 0x07, 0x00, 0x1a, 0x00, 0x05, 0x00,
    0x78, 0x00, 0x07, 0x00, 0xfb, 0x00, 0x08, 0x00, 0xfc, 0x01, 0x09, 0x00, 0x00, 0x00, 0x00, 0x00,
    0x00, 0x00, 0x00, 0x00, 0x00, 0x00, 0x00, 0x00, 0xfd, 0x01, 0x09, 0x00, 0x79, 0x00, 0x07, 0x00,
    0x00, 0x00, 0x00, 0x00, 0x00, 0x00, 0x00, 0x00, 0x00, 0x00, 0x00, 0x00, 0x00, 0x00, 0x00, 0x00,
    0x00, 0x00, 0x00, 0x00, 0x00, 0x00, 0x00, 0x00, 0x00, 0x00, 0x00, 0x00, 0x00, 0x00, 0x00, 0x00,
    0x00, 0x00, 0x00, 0x00, 0x00, 0x00, 0x00, 0x00, 0x00, 0x00, 0x00, 0x00, 0x00, 0x00, 0x00, 0x00,
    0x00, 0x00, 0x00, 0x00, 0x00, 0x00, 0x00, 0x00, 0x00, 0x00, 0x00, 0x00, 0x00, 0x00, 0x00, 0x00,
    0x00, 0x00, 0x00, 0x00, 0x00, 0x00, 0x00, 0x00, 0x00, 0x00, 0x00, 0x00, 0x00, 0x00, 0x00, 0x00,
    0x00, 0x00, 0x00, 0x00, 0x00, 0x00, 0x00, 0x00, 0x00, 0x00, 0x00, 0x00, 0x00, 0x00, 0x00, 0x00,
    0x7a, 0x00, 0x07, 0x00, 0x7b, 0x00, 0x07, 0x00, 0xfe, 0x01, 0x09, 0x00, 0x00, 0x00, 0x00, 0x00,
    0x00, 0x00, 0x00, 0x00, 0x00, 0x00, 0x00, 0x00, 0xff, 0x01, 0x09, 0x00, 0xfc, 0x00, 0x08, 0x00,
    0x0c, 0x00, 0x04, 0x00, 0x1b, 0x00, 0x05, 0x00, 0x7c, 0x00, 0x07, 0x00, 0x00, 0x00, 0x00, 0x00,
    0x00, 0x00, 0x00, 0x00, 0x00, 0x00, 0x00, 0x00, 0xfd, 0x00, 0x08, 0x00, 0x3a, 0x00, 0x06, 0x00,
];

pub const G_A_SPEC_WL2_N: [u8; 684] = [
    0x00, 0x00, 0x01, 0x00, 0x08, 0x00, 0x04, 0x00, 0x2e, 0x00, 0x06, 0x00, 0x00, 0x00, 0x00, 0x00,
    0x14, 0x00, 0x05, 0x00, 0x2f, 0x00, 0x06, 0x00, 0x30, 0x00, 0x06, 0x00, 0x00, 0x00, 0x00, 0x00,
    0x66, 0x00, 0x07, 0x00, 0x67, 0x00, 0x07, 0x00, 0xe4, 0x00, 0x08, 0x00, 0x00, 0x00, 0x00, 0x00,
    0x00, 0x00, 0x00, 0x00, 0x00, 0x00, 0x00, 0x00, 0x00, 0x00, 0x00, 0x00, 0x00, 0x00, 0x00, 0x00,
    0x15, 0x00, 0x05, 0x00, 0x68, 0x00, 0x07, 0x00, 0xe5, 0x00, 0x08, 0x00, 0x00, 0x00, 0x00, 0x00,
    0x69, 0x00, 0x07, 0x00, 0x6a, 0x00, 0x07, 0x00, 0xe6, 0x00, 0x08, 0x00, 0x00, 0x00, 0x00, 0x00,
    0x6b, 0x00, 0x07, 0x00, 0xe7, 0x00, 0x08, 0x00, 0xe8, 0x00, 0x08, 0x00, 0x00, 0x00, 0x00, 0x00,
    0x00, 0x00, 0x00, 0x00, 0x00, 0x00, 0x00, 0x00, 0x00, 0x00, 0x00, 0x00, 0x00, 0x00, 0x00, 0x00,
    0x6c, 0x00, 0x07, 0x00, 0xe4, 0x01, 0x09, 0x00, 0xec, 0x03, 0x0a, 0x00, 0x00, 0x00, 0x00, 0x00,
    0x6d, 0x00, 0x07, 0x00, 0xe5, 0x01, 0x09, 0x00, 0xed, 0x03, 0x0a, 0x00, 0x00, 0x00, 0x00, 0x00,
    0xe9, 0x00, 0x08, 0x00, 0xe6, 0x01, 0x09, 0x00, 0xee, 0x03, 0x0a, 0x00, 0x00, 0x00, 0x00, 0x00,
    0x00, 0x00, 0x00, 0x00, 0x00, 0x00, 0x00, 0x00, 0x00, 0x00, 0x00, 0x00, 0x00, 0x00, 0x00, 0x00,
    0x00, 0x00, 0x00, 0x00, 0x00, 0x00, 0x00, 0x00, 0x00, 0x00, 0x00, 0x00, 0x00, 0x00, 0x00, 0x00,
    0x00, 0x00, 0x00, 0x00, 0x00, 0x00, 0x00, 0x00, 0x00, 0x00, 0x00, 0x00, 0x00, 0x00, 0x00, 0x00,
    0x00, 0x00, 0x00, 0x00, 0x00, 0x00, 0x00, 0x00, 0x00, 0x00, 0x00, 0x00, 0x00, 0x00, 0x00, 0x00,
    0x00, 0x00, 0x00, 0x00, 0x00, 0x00, 0x00, 0x00, 0x00, 0x00, 0x00, 0x00, 0x00, 0x00, 0x00, 0x00,
    0x09, 0x00, 0x04, 0x00, 0x6e, 0x00, 0x07, 0x00, 0xe7, 0x01, 0x09, 0x00, 0x00, 0x00, 0x00, 0x00,
    0x6f, 0x00, 0x07, 0x00, 0xea, 0x00, 0x08, 0x00, 0xe8, 0x01, 0x09, 0x00, 0x00, 0x00, 0x00, 0x00,
    0xe9, 0x01, 0x09, 0x00, 0xea, 0x01, 0x09, 0x00, 0xef, 0x03, 0x0a, 0x00, 0x00, 0x00, 0x00, 0x00,
    0x00, 0x00, 0x00, 0x00, 0x00, 0x00, 0x00, 0x00, 0x00, 0x00, 0x00, 0x00, 0x00, 0x00, 0x00, 0x00,
    0x31, 0x00, 0x06, 0x00, 0xeb, 0x00, 0x08, 0x00, 0xeb, 0x01, 0x09, 0x00, 0x00, 0x00, 0x00, 0x00,
    0x70, 0x00, 0x07, 0x00, 0xec, 0x00, 0x08, 0x00, 0xec, 0x01, 0x09, 0x00, 0x00, 0x00, 0x00, 0x00,
    0xed, 0x01, 0x09, 0x00, 0xee, 0x01, 0x09, 0x00, 0xf0, 0x03, 0x0a, 0x00, 0x00, 0x00, 0x00, 0x00,
    0x00, 0x00, 0x00, 0x00, 0x00, 0x00, 0x00, 0x00, 0x00, 0x00, 0x00, 0x00, 0x00, 0x00, 0x00, 0x00,
    0x71, 0x00, 0x07, 0x00, 0xef, 0x01, 0x09, 0x00, 0xf6, 0x07, 0x0b, 0x00, 0x00, 0x00, 0x00, 0x00,
    0xed, 0x00, 0x08, 0x00, 0xf0, 0x01, 0x09, 0x00, 0xf1, 0x03, 0x0a, 0x00, 0x00, 0x00, 0x00, 0x00,
    0xf1, 0x01, 0x09, 0x00, 0xf2, 0x01, 0x09, 0x00, 0xf2, 0x03, 0x0a, 0x00, 0x00, 0x00, 0x00, 0x00,
    0x00, 0x00, 0x00, 0x00, 0x00, 0x00, 0x00, 0x00, 0x00, 0x00, 0x00, 0x00, 0x00, 0x00, 0x00, 0x00,
    0x00, 0x00, 0x00, 0x00, 0x00, 0x00, 0x00, 0x00, 0x00, 0x00, 0x00, 0x00, 0x00, 0x00, 0x00, 0x00,
    0x00, 0x00, 0x00, 0x00, 0x00, 0x00, 0x00, 0x00, 0x00, 0x00, 0x00, 0x00, 0x00, 0x00, 0x00, 0x00,
    0x00, 0x00, 0x00, 0x00, 0x00, 0x00, 0x00, 0x00, 0x00, 0x00, 0x00, 0x00, 0x00, 0x00, 0x00, 0x00,
    0x00, 0x00, 0x00, 0x00, 0x00, 0x00, 0x00, 0x00, 0x00, 0x00, 0x00, 0x00, 0x00, 0x00, 0x00, 0x00,
    0x16, 0x00, 0x05, 0x00, 0xf3, 0x01, 0x09, 0x00, 0xf7, 0x07, 0x0b, 0x00, 0x00, 0x00, 0x00, 0x00,
    0xee, 0x00, 0x08, 0x00, 0xf3, 0x03, 0x0a, 0x00, 0xf8, 0x07, 0x0b, 0x00, 0x00, 0x00, 0x00, 0x00,
    0xf4, 0x03, 0x0a, 0x00, 0xf9, 0x07, 0x0b, 0x00, 0xfe, 0x0f, 0x0c, 0x00, 0x00, 0x00, 0x00, 0x00,
    0x00, 0x00, 0x00, 0x00, 0x00, 0x00, 0x00, 0x00, 0x00, 0x00, 0x00, 0x00, 0x00, 0x00, 0x00, 0x00,
    0x32, 0x00, 0x06, 0x00, 0xf4, 0x01, 0x09, 0x00, 0xfa, 0x07, 0x0b, 0x00, 0x00, 0x00, 0x00, 0x00,
    0xef, 0x00, 0x08, 0x00, 0xf5, 0x01, 0x09, 0x00, 0xfb, 0x07, 0x0b, 0x00, 0x00, 0x00, 0x00, 0x00,
    0xf5, 0x03, 0x0a, 0x00, 0xf6, 0x03, 0x0a, 0x00, 0xfc, 0x07, 0x0b, 0x00, 0x00, 0x00, 0x00, 0x00,
    0x00, 0x00, 0x00, 0x00, 0x00, 0x00, 0x00, 0x00, 0x00, 0x00, 0x00, 0x00, 0x00, 0x00, 0x00, 0x00,
    0xf0, 0x00, 0x08, 0x00, 0xf7, 0x03, 0x0a, 0x00, 0xfd, 0x07, 0x0b, 0x00, 0x00, 0x00, 0x00, 0x00,
    0xf1, 0x00, 0x08, 0x00, 0xf8, 0x03, 0x0a, 0x00, 0xff, 0x0f, 0x0c, 0x00, 0x00, 0x00, 0x00, 0x00,
    0xf9, 0x03, 0x0a, 0x00, 0xfa, 0x03, 0x0a, 0x00, 0xfe, 0x07, 0x0b, 0x00,
];

pub const G_A_SPEC_WL3_B: [u8; 256] = [
    0x00, 0x00, 0x01, 0x00, 0x08, 0x00, 0x04, 0x00, 0x6c, 0x00, 0x07, 0x00, 0xea, 0x00, 0x08, 0x00,
    0x00, 0x00, 0x00, 0x00, 0xeb, 0x00, 0x08, 0x00, 0x6d, 0x00, 0x07, 0x00, 0x09, 0x00, 0x04, 0x00,
    0x0a, 0x00, 0x04, 0x00, 0x34, 0x00, 0x06, 0x00, 0xec, 0x00, 0x08, 0x00, 0xf2, 0x01, 0x09, 0x00,
    0x00, 0x00, 0x00, 0x00, 0xed, 0x00, 0x08, 0x00, 0x6e, 0x00, 0x07, 0x00, 0x18, 0x00, 0x05, 0x00,
    0x6f, 0x00, 0x07, 0x00, 0xee, 0x00, 0x08, 0x00, 0xf3, 0x01, 0x09, 0x00, 0xf4, 0x01, 0x09, 0x00,
    0x00, 0x00, 0x00, 0x00, 0xf5, 0x01, 0x09, 0x00, 0xef, 0x00, 0x08, 0x00, 0x70, 0x00, 0x07, 0x00,
    0xf0, 0x00, 0x08, 0x00, 0xf1, 0x00, 0x08, 0x00, 0xf6, 0x01, 0x09, 0x00, 0xfc, 0x03, 0x0a, 0x00,
    0x00, 0x00, 0x00, 0x00, 0xfd, 0x03, 0x0a, 0x00, 0xf7, 0x01, 0x09, 0x00, 0xf2, 0x00, 0x08, 0x00,
    0x00, 0x00, 0x00, 0x00, 0x00, 0x00, 0x00, 0x00, 0x00, 0x00, 0x00, 0x00, 0x00, 0x00, 0x00, 0x00,
    0x00, 0x00, 0x00, 0x00, 0x00, 0x00, 0x00, 0x00, 0x00, 0x00, 0x00, 0x00, 0x00, 0x00, 0x00, 0x00,
    0xf3, 0x00, 0x08, 0x00, 0xf4, 0x00, 0x08, 0x00, 0xf8, 0x01, 0x09, 0x00, 0xfe, 0x03, 0x0a, 0x00,
    0x00, 0x00, 0x00, 0x00, 0xff, 0x03, 0x0a, 0x00, 0xf9, 0x01, 0x09, 0x00, 0xf5, 0x00, 0x08, 0x00,
    0x71, 0x00, 0x07, 0x00, 0x72, 0x00, 0x07, 0x00, 0xf6, 0x00, 0x08, 0x00, 0xfa, 0x01, 0x09, 0x00,
    0x00, 0x00, 0x00, 0x00, 0xfb, 0x01, 0x09, 0x00, 0xfc, 0x01, 0x09, 0x00, 0x73, 0x00, 0x07, 0x00,
    0x0b, 0x00, 0x04, 0x00, 0x19, 0x00, 0x05, 0x00, 0x74, 0x00, 0x07, 0x00, 0xf7, 0x00, 0x08, 0x00,
    0x00, 0x00, 0x00, 0x00, 0xfd, 0x01, 0x09, 0x00, 0xf8, 0x00, 0x08, 0x00, 0x35, 0x00, 0x06, 0x00,
];

pub const G_A_SPEC_WL3_C: [u8; 256] = [
    0x00, 0x00, 0x03, 0x00, 0x01, 0x00, 0x03, 0x00, 0x30, 0x00, 0x06, 0x00, 0x6c, 0x00, 0x07, 0x00,
    0x00, 0x00, 0x00, 0x00, 0x6d, 0x00, 0x07, 0x00, 0x31, 0x00, 0x06, 0x00, 0x02, 0x00, 0x03, 0x00,
    0x03, 0x00, 0x03, 0x00, 0x14, 0x00, 0x05, 0x00, 0x6e, 0x00, 0x07, 0x00, 0xec, 0x00, 0x08, 0x00,
    0x00, 0x00, 0x00, 0x00, 0xed, 0x00, 0x08, 0x00, 0x6f, 0x00, 0x07, 0x00, 0x15, 0x00, 0x05, 0x00,
    0x32, 0x00, 0x06, 0x00, 0x70, 0x00, 0x07, 0x00, 0xee, 0x00, 0x08, 0x00, 0xf8, 0x01, 0x09, 0x00,
    0x00, 0x00, 0x00, 0x00, 0xef, 0x00, 0x08, 0x00, 0xf0, 0x00, 0x08, 0x00, 0x33, 0x00, 0x06, 0x00,
    0x71, 0x00, 0x07, 0x00, 0xf1, 0x00, 0x08, 0x00, 0xf9, 0x01, 0x09, 0x00, 0xfa, 0x01, 0x09, 0x00,
    0x00, 0x00, 0x00, 0x00, 0xfb, 0x01, 0x09, 0x00, 0xf2, 0x00, 0x08, 0x00, 0xf3, 0x00, 0x08, 0x00,
    0x00, 0x00, 0x00, 0x00, 0x00, 0x00, 0x00, 0x00, 0x00, 0x00, 0x00, 0x00, 0x00, 0x00, 0x00, 0x00,
    0x00, 0x00, 0x00, 0x00, 0x00, 0x00, 0x00, 0x00, 0x00, 0x00, 0x00, 0x00, 0x00, 0x00, 0x00, 0x00,
    0x72, 0x00, 0x07, 0x00, 0xf4, 0x00, 0x08, 0x00, 0xf5, 0x00, 0x08, 0x00, 0xfc, 0x01, 0x09, 0x00,
    0x00, 0x00, 0x00, 0x00, 0xfd, 0x01, 0x09, 0x00, 0xfe, 0x01, 0x09, 0x00, 0xf6, 0x00, 0x08, 0x00,
    0x34, 0x00, 0x06, 0x00, 0x35, 0x00, 0x06, 0x00, 0xf7, 0x00, 0x08, 0x00, 0xf8, 0x00, 0x08, 0x00,
    0x00, 0x00, 0x00, 0x00, 0xff, 0x01, 0x09, 0x00, 0xf9, 0x00, 0x08, 0x00, 0x73, 0x00, 0x07, 0x00,
    0x04, 0x00, 0x03, 0x00, 0x16, 0x00, 0x05, 0x00, 0x74, 0x00, 0x07, 0x00, 0xfa, 0x00, 0x08, 0x00,
    0x00, 0x00, 0x00, 0x00, 0xfb, 0x00, 0x08, 0x00, 0x75, 0x00, 0x07, 0x00, 0x17, 0x00, 0x05, 0x00,
];

pub const G_A_SPEC_WL3_D: [u8; 1024] = [
    0x00, 0x00, 0x03, 0x00, 0x06, 0x00, 0x05, 0x00, 0xb8, 0x00, 0x08, 0x00, 0x92, 0x03, 0x0a, 0x00,
    0x02, 0x00, 0x04, 0x00, 0x07, 0x00, 0x05, 0x00, 0x4e, 0x00, 0x07, 0x00, 0xa8, 0x01, 0x09, 0x00,
    0x4f, 0x00, 0x07, 0x00, 0xb9, 0x00, 0x08, 0x00, 0x93, 0x03, 0x0a, 0x00, 0x94, 0x03, 0x0a, 0x00,
    0xcc, 0x0f, 0x0c, 0x00, 0x95, 0x03, 0x0a, 0x00, 0x96, 0x03, 0x0a, 0x00, 0xcd, 0x0f, 0x0c, 0x00,
    0x08, 0x00, 0x05, 0x00, 0x09, 0x00, 0x05, 0x00, 0xba, 0x00, 0x08, 0x00, 0xa9, 0x01, 0x09, 0x00,
    0x0a, 0x00, 0x05, 0x00, 0x0b, 0x00, 0x05, 0x00, 0x50, 0x00, 0x07, 0x00, 0xbb, 0x00, 0x08, 0x00,
    0xbc, 0x00, 0x08, 0x00, 0x51, 0x00, 0x07, 0x00, 0x97, 0x03, 0x0a, 0x00, 0x98, 0x03, 0x0a, 0x00,
    0x99, 0x03, 0x0a, 0x00, 0xaa, 0x01, 0x09, 0x00, 0x9a, 0x03, 0x0a, 0x00, 0xab, 0x01, 0x09, 0x00,
    0xbd, 0x00, 0x08, 0x00, 0xbe, 0x00, 0x08, 0x00, 0xac, 0x01, 0x09, 0x00, 0xad, 0x01, 0x09, 0x00,
    0x52, 0x00, 0x07, 0x00, 0xbf, 0x00, 0x08, 0x00, 0x9b, 0x03, 0x0a, 0x00, 0x9c, 0x03, 0x0a, 0x00,
    0xae, 0x01, 0x09, 0x00, 0xc0, 0x00, 0x08, 0x00, 0x9d, 0x03, 0x0a, 0x00, 0xc6, 0x07, 0x0b, 0x00,
    0x9e, 0x03, 0x0a, 0x00, 0x9f, 0x03, 0x0a, 0x00, 0xc7, 0x07, 0x0b, 0x00, 0xc8, 0x07, 0x0b, 0x00,
    0xa0, 0x03, 0x0a, 0x00, 0xa1, 0x03, 0x0a, 0x00, 0xc9, 0x07, 0x0b, 0x00, 0xce, 0x0f, 0x0c, 0x00,
    0xa2, 0x03, 0x0a, 0x00, 0xa3, 0x03, 0x0a, 0x00, 0xa4, 0x03, 0x0a, 0x00, 0xcf, 0x0f, 0x0c, 0x00,
    0xca, 0x07, 0x0b, 0x00, 0xa5, 0x03, 0x0a, 0x00, 0xd0, 0x0f, 0x0c, 0x00, 0xd1, 0x0f, 0x0c, 0x00,
    0xcb, 0x07, 0x0b, 0x00, 0xa6, 0x03, 0x0a, 0x00, 0xd2, 0x0f, 0x0c, 0x00, 0xcc, 0x07, 0x0b, 0x00,
    0x0c, 0x00, 0x05, 0x00, 0x0d, 0x00, 0x05, 0x00, 0xc1, 0x00, 0x08, 0x00, 0xa7, 0x03, 0x0a, 0x00,
    0x0e, 0x00, 0x05, 0x00, 0x0f, 0x00, 0x05, 0x00, 0xc2, 0x00, 0x08, 0x00, 0xa8, 0x03, 0x0a, 0x00,
    0x53, 0x00, 0x07, 0x00, 0xc3, 0x00, 0x08, 0x00, 0xaf, 0x01, 0x09, 0x00, 0xa9, 0x03, 0x0a, 0x00,
    0xaa, 0x03, 0x0a, 0x00, 0xb0, 0x01, 0x09, 0x00, 0xcd, 0x07, 0x0b, 0x00, 0xd3, 0x0f, 0x0c, 0x00,
    0x10, 0x00, 0x05, 0x00, 0x11, 0x00, 0x05, 0x00, 0xc4, 0x00, 0x08, 0x00, 0xb1, 0x01, 0x09, 0x00,
    0x12, 0x00, 0x05, 0x00, 0x26, 0x00, 0x06, 0x00, 0x54, 0x00, 0x07, 0x00, 0xb2, 0x01, 0x09, 0x00,
    0xc5, 0x00, 0x08, 0x00, 0xc6, 0x00, 0x08, 0x00, 0xc7, 0x00, 0x08, 0x00, 0xab, 0x03, 0x0a, 0x00,
    0xac, 0x03, 0x0a, 0x00, 0xb3, 0x01, 0x09, 0x00, 0xad, 0x03, 0x0a, 0x00, 0xae, 0x03, 0x0a, 0x00,
    0xc8, 0x00, 0x08, 0x00, 0xc9, 0x00, 0x08, 0x00, 0xaf, 0x03, 0x0a, 0x00, 0xce, 0x07, 0x0b, 0x00,
    0x55, 0x00, 0x07, 0x00, 0xca, 0x00, 0x08, 0x00, 0xb4, 0x01, 0x09, 0x00, 0xcf, 0x07, 0x0b, 0x00,
    0xcb, 0x00, 0x08, 0x00, 0x56, 0x00, 0x07, 0x00, 0xb0, 0x03, 0x0a, 0x00, 0xd0, 0x07, 0x0b, 0x00,
    0xd1, 0x07, 0x0b, 0x00, 0xb1, 0x03, 0x0a, 0x00, 0xb5, 0x01, 0x09, 0x00, 0xb2, 0x03, 0x0a, 0x00,
    0xb3, 0x03, 0x0a, 0x00, 0xb6, 0x01, 0x09, 0x00, 0xd4, 0x0f, 0x0c, 0x00, 0xb4, 0x03, 0x0a, 0x00,
    0xb7, 0x01, 0x09, 0x00, 0xd2, 0x07, 0x0b, 0x00, 0xb5, 0x03, 0x0a, 0x00, 0xb6, 0x03, 0x0a, 0x00,
    0xb8, 0x01, 0x09, 0x00, 0xb9, 0x01, 0x09, 0x00, 0xb7, 0x03, 0x0a, 0x00, 0xd3, 0x07, 0x0b, 0x00,
    0xb8, 0x03, 0x0a, 0x00, 0xb9, 0x03, 0x0a, 0x00, 0xd4, 0x07, 0x0b, 0x00, 0xd5, 0x0f, 0x0c, 0x00,
    0x57, 0x00, 0x07, 0x00, 0xcc, 0x00, 0x08, 0x00, 0xba, 0x03, 0x0a, 0x00, 0xbb, 0x03, 0x0a, 0x00,
    0xcd, 0x00, 0x08, 0x00, 0x58, 0x00, 0x07, 0x00, 0xbc, 0x03, 0x0a, 0x00, 0xbd, 0x03, 0x0a, 0x00,
    0xba, 0x01, 0x09, 0x00, 0xbb, 0x01, 0x09, 0x00, 0xd5, 0x07, 0x0b, 0x00, 0xbe, 0x03, 0x0a, 0x00,
    0xd6, 0x07, 0x0b, 0x00, 0xbf, 0x03, 0x0a, 0x00, 0xd6, 0x0f, 0x0c, 0x00, 0xc0, 0x03, 0x0a, 0x00,
    0x59, 0x00, 0x07, 0x00, 0x5a, 0x00, 0x07, 0x00, 0xc1, 0x03, 0x0a, 0x00, 0xd7, 0x0f, 0x0c, 0x00,
    0x5b, 0x00, 0x07, 0x00, 0xce, 0x00, 0x08, 0x00, 0xcf, 0x00, 0x08, 0x00, 0xc2, 0x03, 0x0a, 0x00,
    0xd7, 0x07, 0x0b, 0x00, 0xbc, 0x01, 0x09, 0x00, 0xd0, 0x00, 0x08, 0x00, 0xc3, 0x03, 0x0a, 0x00,
    0xd8, 0x07, 0x0b, 0x00, 0xc4, 0x03, 0x0a, 0x00, 0xc5, 0x03, 0x0a, 0x00, 0xd8, 0x0f, 0x0c, 0x00,
    0xd1, 0x00, 0x08, 0x00, 0xbd, 0x01, 0x09, 0x00, 0xc6, 0x03, 0x0a, 0x00, 0xd9, 0x0f, 0x0c, 0x00,
    0xbe, 0x01, 0x09, 0x00, 0xc7, 0x03, 0x0a, 0x00, 0xbf, 0x01, 0x09, 0x00, 0xc8, 0x03, 0x0a, 0x00,
    0xd9, 0x07, 0x0b, 0x00, 0xc0, 0x01, 0x09, 0x00, 0xda, 0x07, 0x0b, 0x00, 0xc9, 0x03, 0x0a, 0x00,
    0xda, 0x0f, 0x0c, 0x00, 0xdb, 0x0f, 0x0c, 0x00, 0xdb, 0x07, 0x0b, 0x00, 0xca, 0x03, 0x0a, 0x00,
    0xdc, 0x07, 0x0b, 0x00, 0xcb, 0x03, 0x0a, 0x00, 0xc1, 0x01, 0x09, 0x00, 0xdc, 0x0f, 0x0c, 0x00,
    0xcc, 0x03, 0x0a, 0x00, 0xc2, 0x01, 0x09, 0x00, 0xcd, 0x03, 0x0a, 0x00, 0xdd, 0x0f, 0x0c, 0x00,
    0xdd, 0x07, 0x0b, 0x00, 0xde, 0x07, 0x0b, 0x00, 0xde, 0x0f, 0x0c, 0x00, 0xce, 0x03, 0x0a, 0x00,
    0xdf, 0x0f, 0x0c, 0x00, 0xe0, 0x0f, 0x0c, 0x00, 0xe1, 0x0f, 0x0c, 0x00, 0xe2, 0x0f, 0x0c, 0x00,
    0xcf, 0x03, 0x0a, 0x00, 0xc3, 0x01, 0x09, 0x00, 0xdf, 0x07, 0x0b, 0x00, 0xe0, 0x07, 0x0b, 0x00,
    0xd0, 0x03, 0x0a, 0x00, 0xd1, 0x03, 0x0a, 0x00, 0xe1, 0x07, 0x0b, 0x00, 0xe3, 0x0f, 0x0c, 0x00,
    0xc4, 0x01, 0x09, 0x00, 0xe2, 0x07, 0x0b, 0x00, 0xe4, 0x0f, 0x0c, 0x00, 0xe5, 0x0f, 0x0c, 0x00,
    0xe6, 0x0f, 0x0c, 0x00, 0xe7, 0x0f, 0x0c, 0x00, 0xe3, 0x07, 0x0b, 0x00, 0xe8, 0x0f, 0x0c, 0x00,
    0xc5, 0x01, 0x09, 0x00, 0xc6, 0x01, 0x09, 0x00, 0xe9, 0x0f, 0x0c, 0x00, 0xea, 0x0f, 0x0c, 0x00,
    0xd2, 0x00, 0x08, 0x00, 0xc7, 0x01, 0x09, 0x00, 0xd2, 0x03, 0x0a, 0x00, 0xeb, 0x0f, 0x0c, 0x00,
    0xec, 0x0f, 0x0c, 0x00, 0xed, 0x0f, 0x0c, 0x00, 0xe4, 0x07, 0x0b, 0x00, 0xee, 0x0f, 0x0c, 0x00,
    0xe5, 0x07, 0x0b, 0x00, 0xef, 0x0f, 0x0c, 0x00, 0xd3, 0x03, 0x0a, 0x00, 0xf0, 0x0f, 0x0c, 0x00,
    0xd4, 0x03, 0x0a, 0x00, 0xd5, 0x03, 0x0a, 0x00, 0xd6, 0x03, 0x0a, 0x00, 0xf1, 0x0f, 0x0c, 0x00,
    0xd3, 0x00, 0x08, 0x00, 0xd7, 0x03, 0x0a, 0x00, 0xd8, 0x03, 0x0a, 0x00, 0xf2, 0x0f, 0x0c, 0x00,
    0xf3, 0x0f, 0x0c, 0x00, 0xc8, 0x01, 0x09, 0x00, 0xf4, 0x0f, 0x0c, 0x00, 0xd9, 0x03, 0x0a, 0x00,
    0xf5, 0x0f, 0x0c, 0x00, 0xda, 0x03, 0x0a, 0x00, 0xf6, 0x0f, 0x0c, 0x00, 0xf7, 0x0f, 0x0c, 0x00,
    0xdb, 0x03, 0x0a, 0x00, 0xdc, 0x03, 0x0a, 0x00, 0xf8, 0x0f, 0x0c, 0x00, 0xf9, 0x0f, 0x0c, 0x00,
    0xdd, 0x03, 0x0a, 0x00, 0xde, 0x03, 0x0a, 0x00, 0xdf, 0x03, 0x0a, 0x00, 0xfa, 0x0f, 0x0c, 0x00,
    0xe0, 0x03, 0x0a, 0x00, 0xfb, 0x0f, 0x0c, 0x00, 0xfc, 0x0f, 0x0c, 0x00, 0xfd, 0x0f, 0x0c, 0x00,
    0xe1, 0x03, 0x0a, 0x00, 0xfe, 0x0f, 0x0c, 0x00, 0xe2, 0x03, 0x0a, 0x00, 0xff, 0x0f, 0x0c, 0x00,
];

pub const G_A_SPEC_WL3_E: [u8; 32] = [
    0x00, 0x00, 0x02, 0x00, 0x04, 0x00, 0x03, 0x00, 0x05, 0x00, 0x03, 0x00, 0x0e, 0x00, 0x04, 0x00,
    0x00, 0x00, 0x00, 0x00, 0x0f, 0x00, 0x04, 0x00, 0x06, 0x00, 0x03, 0x00, 0x01, 0x00, 0x02, 0x00,
];

pub const G_A_SPEC_WL3_F: [u8; 32] = [
    0x00, 0x00, 0x02, 0x00, 0x01, 0x00, 0x02, 0x00, 0x04, 0x00, 0x03, 0x00, 0x0e, 0x00, 0x04, 0x00,
    0x00, 0x00, 0x00, 0x00, 0x0f, 0x00, 0x04, 0x00, 0x05, 0x00, 0x03, 0x00, 0x06, 0x00, 0x03, 0x00,
];

pub const G_A_SPEC_WL3_G: [u8; 1024] = [
    0x00, 0x00, 0x03, 0x00, 0x02, 0x00, 0x04, 0x00, 0x48, 0x00, 0x07, 0x00, 0x9a, 0x01, 0x09, 0x00,
    0x06, 0x00, 0x05, 0x00, 0x07, 0x00, 0x05, 0x00, 0x49, 0x00, 0x07, 0x00, 0x90, 0x03, 0x0a, 0x00,
    0xb0, 0x00, 0x08, 0x00, 0x4a, 0x00, 0x07, 0x00, 0x9b, 0x01, 0x09, 0x00, 0x9c, 0x01, 0x09, 0x00,
    0x91, 0x03, 0x0a, 0x00, 0x92, 0x03, 0x0a, 0x00, 0xb6, 0x07, 0x0b, 0x00, 0xb7, 0x07, 0x0b, 0x00,
    0x08, 0x00, 0x05, 0x00, 0x09, 0x00, 0x05, 0x00, 0xb1, 0x00, 0x08, 0x00, 0x9d, 0x01, 0x09, 0x00,
    0x0a, 0x00, 0x05, 0x00, 0x20, 0x00, 0x06, 0x00, 0xb2, 0x00, 0x08, 0x00, 0x9e, 0x01, 0x09, 0x00,
    0x4b, 0x00, 0x07, 0x00, 0x4c, 0x00, 0x07, 0x00, 0x4d, 0x00, 0x07, 0x00, 0x93, 0x03, 0x0a, 0x00,
    0x94, 0x03, 0x0a, 0x00, 0x9f, 0x01, 0x09, 0x00, 0xb8, 0x07, 0x0b, 0x00, 0x95, 0x03, 0x0a, 0x00,
    0xa0, 0x01, 0x09, 0x00, 0x4e, 0x00, 0x07, 0x00, 0xb9, 0x07, 0x0b, 0x00, 0x96, 0x03, 0x0a, 0x00,
    0xb3, 0x00, 0x08, 0x00, 0xb4, 0x00, 0x08, 0x00, 0x97, 0x03, 0x0a, 0x00, 0xba, 0x07, 0x0b, 0x00,
    0x98, 0x03, 0x0a, 0x00, 0x99, 0x03, 0x0a, 0x00, 0x9a, 0x03, 0x0a, 0x00, 0x9b, 0x03, 0x0a, 0x00,
    0x9c, 0x03, 0x0a, 0x00, 0xa1, 0x01, 0x09, 0x00, 0x9d, 0x03, 0x0a, 0x00, 0x9e, 0x03, 0x0a, 0x00,
    0xa2, 0x01, 0x09, 0x00, 0xa3, 0x01, 0x09, 0x00, 0xbb, 0x07, 0x0b, 0x00, 0xbc, 0x07, 0x0b, 0x00,
    0xa4, 0x01, 0x09, 0x00, 0xa5, 0x01, 0x09, 0x00, 0x9f, 0x03, 0x0a, 0x00, 0xbd, 0x07, 0x0b, 0x00,
    0xa0, 0x03, 0x0a, 0x00, 0xa1, 0x03, 0x0a, 0x00, 0xbe, 0x07, 0x0b, 0x00, 0xbf, 0x07, 0x0b, 0x00,
    0xc0, 0x07, 0x0b, 0x00, 0xa2, 0x03, 0x0a, 0x00, 0xc1, 0x07, 0x0b, 0x00, 0xc2, 0x07, 0x0b, 0x00,
    0x0b, 0x00, 0x05, 0x00, 0x0c, 0x00, 0x05, 0x00, 0xb5, 0x00, 0x08, 0x00, 0xc3, 0x07, 0x0b, 0x00,
    0x21, 0x00, 0x06, 0x00, 0x22, 0x00, 0x06, 0x00, 0xb6, 0x00, 0x08, 0x00, 0xa6, 0x01, 0x09, 0x00,
    0xa7, 0x01, 0x09, 0x00, 0x4f, 0x00, 0x07, 0x00, 0xa3, 0x03, 0x0a, 0x00, 0xa8, 0x01, 0x09, 0x00,
    0xc4, 0x07, 0x0b, 0x00, 0xa9, 0x01, 0x09, 0x00, 0xa4, 0x03, 0x0a, 0x00, 0xc5, 0x07, 0x0b, 0x00,
    0x0d, 0x00, 0x05, 0x00, 0x0e, 0x00, 0x05, 0x00, 0xb7, 0x00, 0x08, 0x00, 0xaa, 0x01, 0x09, 0x00,
    0x23, 0x00, 0x06, 0x00, 0x0f, 0x00, 0x05, 0x00, 0x50, 0x00, 0x07, 0x00, 0xa5, 0x03, 0x0a, 0x00,
    0x51, 0x00, 0x07, 0x00, 0xb8, 0x00, 0x08, 0x00, 0x52, 0x00, 0x07, 0x00, 0xab, 0x01, 0x09, 0x00,
    0xa6, 0x03, 0x0a, 0x00, 0xac, 0x01, 0x09, 0x00, 0xad, 0x01, 0x09, 0x00, 0xc6, 0x07, 0x0b, 0x00,
    0xb9, 0x00, 0x08, 0x00, 0xba, 0x00, 0x08, 0x00, 0xae, 0x01, 0x09, 0x00, 0xa7, 0x03, 0x0a, 0x00,
    0xbb, 0x00, 0x08, 0x00, 0xbc, 0x00, 0x08, 0x00, 0xbd, 0x00, 0x08, 0x00, 0xa8, 0x03, 0x0a, 0x00,
    0xbe, 0x00, 0x08, 0x00, 0xbf, 0x00, 0x08, 0x00, 0xa9, 0x03, 0x0a, 0x00, 0xaa, 0x03, 0x0a, 0x00,
    0xab, 0x03, 0x0a, 0x00, 0xc0, 0x00, 0x08, 0x00, 0xac, 0x03, 0x0a, 0x00, 0xad, 0x03, 0x0a, 0x00,
    0xc7, 0x07, 0x0b, 0x00, 0xc8, 0x07, 0x0b, 0x00, 0xc9, 0x07, 0x0b, 0x00, 0xae, 0x03, 0x0a, 0x00,
    0xaf, 0x03, 0x0a, 0x00, 0xc1, 0x00, 0x08, 0x00, 0xca, 0x07, 0x0b, 0x00, 0xcb, 0x07, 0x0b, 0x00,
    0xb0, 0x03, 0x0a, 0x00, 0xcc, 0x07, 0x0b, 0x00, 0xb1, 0x03, 0x0a, 0x00, 0xcd, 0x07, 0x0b, 0x00,
    0xce, 0x07, 0x0b, 0x00, 0xb2, 0x03, 0x0a, 0x00, 0xaf, 0x01, 0x09, 0x00, 0xcf, 0x07, 0x0b, 0x00,
    0x53, 0x00, 0x07, 0x00, 0x54, 0x00, 0x07, 0x00, 0xd0, 0x07, 0x0b, 0x00, 0xb3, 0x03, 0x0a, 0x00,
    0xc2, 0x00, 0x08, 0x00, 0x55, 0x00, 0x07, 0x00, 0xb0, 0x01, 0x09, 0x00, 0xb4, 0x03, 0x0a, 0x00,
    0xb1, 0x01, 0x09, 0x00, 0xc3, 0x00, 0x08, 0x00, 0xb5, 0x03, 0x0a, 0x00, 0xd1, 0x07, 0x0b, 0x00,
    0xd2, 0x07, 0x0b, 0x00, 0xd3, 0x07, 0x0b, 0x00, 0xb6, 0x03, 0x0a, 0x00, 0xb7, 0x03, 0x0a, 0x00,
    0xc4, 0x00, 0x08, 0x00, 0xc5, 0x00, 0x08, 0x00, 0xc6, 0x00, 0x08, 0x00, 0xb8, 0x03, 0x0a, 0x00,
    0x56, 0x00, 0x07, 0x00, 0x57, 0x00, 0x07, 0x00, 0xb2, 0x01, 0x09, 0x00, 0xd4, 0x07, 0x0b, 0x00,
    0xb9, 0x03, 0x0a, 0x00, 0xc7, 0x00, 0x08, 0x00, 0xb3, 0x01, 0x09, 0x00, 0xd5, 0x07, 0x0b, 0x00,
    0xb4, 0x01, 0x09, 0x00, 0xba, 0x03, 0x0a, 0x00, 0xbb, 0x03, 0x0a, 0x00, 0xd6, 0x07, 0x0b, 0x00,
    0xb5, 0x01, 0x09, 0x00, 0xb6, 0x01, 0x09, 0x00, 0xb7, 0x01, 0x09, 0x00, 0xd7, 0x07, 0x0b, 0x00,
    0xc8, 0x00, 0x08, 0x00, 0xc9, 0x00, 0x08, 0x00, 0xb8, 0x01, 0x09, 0x00, 0xbc, 0x03, 0x0a, 0x00,
    0xb9, 0x01, 0x09, 0x00, 0xca, 0x00, 0x08, 0x00, 0xbd, 0x03, 0x0a, 0x00, 0xbe, 0x03, 0x0a, 0x00,
    0xbf, 0x03, 0x0a, 0x00, 0xba, 0x01, 0x09, 0x00, 0xd8, 0x07, 0x0b, 0x00, 0xc0, 0x03, 0x0a, 0x00,
    0xc1, 0x03, 0x0a, 0x00, 0xc2, 0x03, 0x0a, 0x00, 0xd9, 0x07, 0x0b, 0x00, 0xda, 0x07, 0x0b, 0x00,
    0xdb, 0x07, 0x0b, 0x00, 0xdc, 0x07, 0x0b, 0x00, 0xdd, 0x07, 0x0b, 0x00, 0xbb, 0x01, 0x09, 0x00,
    0xc3, 0x03, 0x0a, 0x00, 0xbc, 0x01, 0x09, 0x00, 0xde, 0x07, 0x0b, 0x00, 0xdf, 0x07, 0x0b, 0x00,
    0xe0, 0x07, 0x0b, 0x00, 0xc4, 0x03, 0x0a, 0x00, 0xc5, 0x03, 0x0a, 0x00, 0xc6, 0x03, 0x0a, 0x00,
    0xc7, 0x03, 0x0a, 0x00, 0xbd, 0x01, 0x09, 0x00, 0xc8, 0x03, 0x0a, 0x00, 0xe1, 0x07, 0x0b, 0x00,
    0xbe, 0x01, 0x09, 0x00, 0xbf, 0x01, 0x09, 0x00, 0xe2, 0x07, 0x0b, 0x00, 0xe3, 0x07, 0x0b, 0x00,
    0xc0, 0x01, 0x09, 0x00, 0xc9, 0x03, 0x0a, 0x00, 0xca, 0x03, 0x0a, 0x00, 0xe4, 0x07, 0x0b, 0x00,
    0xe5, 0x07, 0x0b, 0x00, 0xe6, 0x07, 0x0b, 0x00, 0xcb, 0x03, 0x0a, 0x00, 0xe7, 0x07, 0x0b, 0x00,
    0xc1, 0x01, 0x09, 0x00, 0xcb, 0x00, 0x08, 0x00, 0xcc, 0x03, 0x0a, 0x00, 0xe8, 0x07, 0x0b, 0x00,
    0xcc, 0x00, 0x08, 0x00, 0xcd, 0x03, 0x0a, 0x00, 0xce, 0x03, 0x0a, 0x00, 0xcf, 0x03, 0x0a, 0x00,
    0xd0, 0x03, 0x0a, 0x00, 0xe9, 0x07, 0x0b, 0x00, 0xea, 0x07, 0x0b, 0x00, 0xeb, 0x07, 0x0b, 0x00,
    0xec, 0x07, 0x0b, 0x00, 0xc2, 0x01, 0x09, 0x00, 0xed, 0x07, 0x0b, 0x00, 0xee, 0x07, 0x0b, 0x00,
    0xd1, 0x03, 0x0a, 0x00, 0xc3, 0x01, 0x09, 0x00, 0xd2, 0x03, 0x0a, 0x00, 0xef, 0x07, 0x0b, 0x00,
    0xc4, 0x01, 0x09, 0x00, 0xd3, 0x03, 0x0a, 0x00, 0xc5, 0x01, 0x09, 0x00, 0xf0, 0x07, 0x0b, 0x00,
    0xd4, 0x03, 0x0a, 0x00, 0xc6, 0x01, 0x09, 0x00, 0xd5, 0x03, 0x0a, 0x00, 0xf1, 0x07, 0x0b, 0x00,
    0xf2, 0x07, 0x0b, 0x00, 0xf3, 0x07, 0x0b, 0x00, 0xf4, 0x07, 0x0b, 0x00, 0xf5, 0x07, 0x0b, 0x00,
    0xf6, 0x07, 0x0b, 0x00, 0xf7, 0x07, 0x0b, 0x00, 0xf8, 0x07, 0x0b, 0x00, 0xd6, 0x03, 0x0a, 0x00,
    0xd7, 0x03, 0x0a, 0x00, 0xf9, 0x07, 0x0b, 0x00, 0xd8, 0x03, 0x0a, 0x00, 0xfa, 0x07, 0x0b, 0x00,
    0xc7, 0x01, 0x09, 0x00, 0xfb, 0x07, 0x0b, 0x00, 0xfc, 0x07, 0x0b, 0x00, 0xfd, 0x07, 0x0b, 0x00,
    0xfe, 0x07, 0x0b, 0x00, 0xd9, 0x03, 0x0a, 0x00, 0xda, 0x03, 0x0a, 0x00, 0xff, 0x07, 0x0b, 0x00,
];

pub const G_A_SPEC_WL3_H: [u8; 256] = [
    0x00, 0x00, 0x02, 0x00, 0x02, 0x00, 0x03, 0x00, 0x30, 0x00, 0x06, 0x00, 0xee, 0x00, 0x08, 0x00,
    0x00, 0x00, 0x00, 0x00, 0xef, 0x00, 0x08, 0x00, 0x31, 0x00, 0x06, 0x00, 0x06, 0x00, 0x04, 0x00,
    0x07, 0x00, 0x04, 0x00, 0x16, 0x00, 0x05, 0x00, 0x70, 0x00, 0x07, 0x00, 0xf0, 0x00, 0x08, 0x00,
    0x00, 0x00, 0x00, 0x00, 0xf1, 0x00, 0x08, 0x00, 0x32, 0x00, 0x06, 0x00, 0x08, 0x00, 0x04, 0x00,
    0x33, 0x00, 0x06, 0x00, 0x71, 0x00, 0x07, 0x00, 0xf2, 0x00, 0x08, 0x00, 0xf6, 0x01, 0x09, 0x00,
    0x00, 0x00, 0x00, 0x00, 0xf3, 0x00, 0x08, 0x00, 0x72, 0x00, 0x07, 0x00, 0x34, 0x00, 0x06, 0x00,
    0xf4, 0x00, 0x08, 0x00, 0xf7, 0x01, 0x09, 0x00, 0xfc, 0x03, 0x0a, 0x00, 0xfd, 0x03, 0x0a, 0x00,
    0x00, 0x00, 0x00, 0x00, 0xf8, 0x01, 0x09, 0x00, 0xf9, 0x01, 0x09, 0x00, 0xf5, 0x00, 0x08, 0x00,
    0x00, 0x00, 0x00, 0x00, 0x00, 0x00, 0x00, 0x00, 0x00, 0x00, 0x00, 0x00, 0x00, 0x00, 0x00, 0x00,
    0x00, 0x00, 0x00, 0x00, 0x00, 0x00, 0x00, 0x00, 0x00, 0x00, 0x00, 0x00, 0x00, 0x00, 0x00, 0x00,
    0xf6, 0x00, 0x08, 0x00, 0x73, 0x00, 0x07, 0x00, 0xf7, 0x00, 0x08, 0x00, 0xfe, 0x03, 0x0a, 0x00,
    0x00, 0x00, 0x00, 0x00, 0xff, 0x03, 0x0a, 0x00, 0xfa, 0x01, 0x09, 0x00, 0xfb, 0x01, 0x09, 0x00,
    0x35, 0x00, 0x06, 0x00, 0x36, 0x00, 0x06, 0x00, 0x74, 0x00, 0x07, 0x00, 0xf8, 0x00, 0x08, 0x00,
    0x00, 0x00, 0x00, 0x00, 0xfc, 0x01, 0x09, 0x00, 0xfd, 0x01, 0x09, 0x00, 0x75, 0x00, 0x07, 0x00,
    0x09, 0x00, 0x04, 0x00, 0x0a, 0x00, 0x04, 0x00, 0x37, 0x00, 0x06, 0x00, 0xf9, 0x00, 0x08, 0x00,
    0x00, 0x00, 0x00, 0x00, 0xfa, 0x00, 0x08, 0x00, 0x76, 0x00, 0x07, 0x00, 0x17, 0x00, 0x05, 0x00,
];

pub const G_A_SPEC_WL3_I: [u8; 256] = [
    0x00, 0x00, 0x01, 0x00, 0x08, 0x00, 0x04, 0x00, 0x6a, 0x00, 0x07, 0x00, 0x6b, 0x00, 0x07, 0x00,
    0x00, 0x00, 0x00, 0x00, 0x6c, 0x00, 0x07, 0x00, 0x30, 0x00, 0x06, 0x00, 0x09, 0x00, 0x04, 0x00,
    0x0a, 0x00, 0x04, 0x00, 0x31, 0x00, 0x06, 0x00, 0xec, 0x00, 0x08, 0x00, 0xed, 0x00, 0x08, 0x00,
    0x00, 0x00, 0x00, 0x00, 0xee, 0x00, 0x08, 0x00, 0x6d, 0x00, 0x07, 0x00, 0x32, 0x00, 0x06, 0x00,
    0x6e, 0x00, 0x07, 0x00, 0xef, 0x00, 0x08, 0x00, 0xf2, 0x01, 0x09, 0x00, 0xf3, 0x01, 0x09, 0x00,
    0x00, 0x00, 0x00, 0x00, 0xf4, 0x01, 0x09, 0x00, 0xf0, 0x00, 0x08, 0x00, 0x6f, 0x00, 0x07, 0x00,
    0x70, 0x00, 0x07, 0x00, 0xf1, 0x00, 0x08, 0x00, 0xf5, 0x01, 0x09, 0x00, 0xf6, 0x01, 0x09, 0x00,
    0x00, 0x00, 0x00, 0x00, 0xf7, 0x01, 0x09, 0x00, 0xf8, 0x01, 0x09, 0x00, 0xf2, 0x00, 0x08, 0x00,
    0x00, 0x00, 0x00, 0x00, 0x00, 0x00, 0x00, 0x00, 0x00, 0x00, 0x00, 0x00, 0x00, 0x00, 0x00, 0x00,
    0x00, 0x00, 0x00, 0x00, 0x00, 0x00, 0x00, 0x00, 0x00, 0x00, 0x00, 0x00, 0x00, 0x00, 0x00, 0x00,
    0x71, 0x00, 0x07, 0x00, 0xf3, 0x00, 0x08, 0x00, 0xf4, 0x00, 0x08, 0x00, 0xf9, 0x01, 0x09, 0x00,
    0x00, 0x00, 0x00, 0x00, 0xfa, 0x01, 0x09, 0x00, 0xfb, 0x01, 0x09, 0x00, 0xf5, 0x00, 0x08, 0x00,
    0x72, 0x00, 0x07, 0x00, 0x73, 0x00, 0x07, 0x00, 0xfc, 0x01, 0x09, 0x00, 0xfd, 0x01, 0x09, 0x00,
    0x00, 0x00, 0x00, 0x00, 0xfe, 0x01, 0x09, 0x00, 0xff, 0x01, 0x09, 0x00, 0xf6, 0x00, 0x08, 0x00,
    0x0b, 0x00, 0x04, 0x00, 0x33, 0x00, 0x06, 0x00, 0x74, 0x00, 0x07, 0x00, 0xf7, 0x00, 0x08, 0x00,
    0x00, 0x00, 0x00, 0x00, 0xf8, 0x00, 0x08, 0x00, 0x75, 0x00, 0x07, 0x00, 0x34, 0x00, 0x06, 0x00,
];

pub const G_A_SPEC_WL3_J: [u8; 1024] = [
    0x00, 0x00, 0x02, 0x00, 0x08, 0x00, 0x05, 0x00, 0x9c, 0x00, 0x08, 0x00, 0x98, 0x03, 0x0a, 0x00,
    0x09, 0x00, 0x05, 0x00, 0x18, 0x00, 0x06, 0x00, 0x9d, 0x00, 0x08, 0x00, 0x70, 0x01, 0x09, 0x00,
    0x46, 0x00, 0x07, 0x00, 0x9e, 0x00, 0x08, 0x00, 0x99, 0x03, 0x0a, 0x00, 0x9a, 0x03, 0x0a, 0x00,
    0x9b, 0x03, 0x0a, 0x00, 0xf2, 0x07, 0x0b, 0x00, 0xf3, 0x07, 0x0b, 0x00, 0xf4, 0x07, 0x0b, 0x00,
    0x0a, 0x00, 0x05, 0x00, 0x19, 0x00, 0x06, 0x00, 0x9f, 0x00, 0x08, 0x00, 0x9c, 0x03, 0x0a, 0x00,
    0x1a, 0x00, 0x06, 0x00, 0x1b, 0x00, 0x06, 0x00, 0xa0, 0x00, 0x08, 0x00, 0x9d, 0x03, 0x0a, 0x00,
    0xa1, 0x00, 0x08, 0x00, 0xa2, 0x00, 0x08, 0x00, 0xa3, 0x00, 0x08, 0x00, 0x9e, 0x03, 0x0a, 0x00,
    0x9f, 0x03, 0x0a, 0x00, 0x71, 0x01, 0x09, 0x00, 0xa0, 0x03, 0x0a, 0x00, 0xa1, 0x03, 0x0a, 0x00,
    0xa4, 0x00, 0x08, 0x00, 0xa5, 0x00, 0x08, 0x00, 0xa2, 0x03, 0x0a, 0x00, 0xa3, 0x03, 0x0a, 0x00,
    0xa6, 0x00, 0x08, 0x00, 0xa7, 0x00, 0x08, 0x00, 0xa4, 0x03, 0x0a, 0x00, 0xa5, 0x03, 0x0a, 0x00,
    0xa6, 0x03, 0x0a, 0x00, 0x72, 0x01, 0x09, 0x00, 0xa7, 0x03, 0x0a, 0x00, 0xa8, 0x03, 0x0a, 0x00,
    0xa9, 0x03, 0x0a, 0x00, 0xaa, 0x03, 0x0a, 0x00, 0xab, 0x03, 0x0a, 0x00, 0xac, 0x03, 0x0a, 0x00,
    0xad, 0x03, 0x0a, 0x00, 0xae, 0x03, 0x0a, 0x00, 0xf5, 0x07, 0x0b, 0x00, 0xf6, 0x07, 0x0b, 0x00,
    0xaf, 0x03, 0x0a, 0x00, 0x73, 0x01, 0x09, 0x00, 0xb0, 0x03, 0x0a, 0x00, 0xb1, 0x03, 0x0a, 0x00,
    0xf7, 0x07, 0x0b, 0x00, 0xb2, 0x03, 0x0a, 0x00, 0xb3, 0x03, 0x0a, 0x00, 0xb4, 0x03, 0x0a, 0x00,
    0xf8, 0x07, 0x0b, 0x00, 0xb5, 0x03, 0x0a, 0x00, 0xb6, 0x03, 0x0a, 0x00, 0xb7, 0x03, 0x0a, 0x00,
    0x0b, 0x00, 0x05, 0x00, 0x1c, 0x00, 0x06, 0x00, 0xa8, 0x00, 0x08, 0x00, 0x74, 0x01, 0x09, 0x00,
    0x1d, 0x00, 0x06, 0x00, 0x1e, 0x00, 0x06, 0x00, 0xa9, 0x00, 0x08, 0x00, 0xb8, 0x03, 0x0a, 0x00,
    0xaa, 0x00, 0x08, 0x00, 0xab, 0x00, 0x08, 0x00, 0xb9, 0x03, 0x0a, 0x00, 0xba, 0x03, 0x0a, 0x00,
    0xbb, 0x03, 0x0a, 0x00, 0xbc, 0x03, 0x0a, 0x00, 0xbd, 0x03, 0x0a, 0x00, 0xbe, 0x03, 0x0a, 0x00,
    0x1f, 0x00, 0x06, 0x00, 0x20, 0x00, 0x06, 0x00, 0xac, 0x00, 0x08, 0x00, 0xbf, 0x03, 0x0a, 0x00,
    0x21, 0x00, 0x06, 0x00, 0x22, 0x00, 0x06, 0x00, 0x47, 0x00, 0x07, 0x00, 0x75, 0x01, 0x09, 0x00,
    0xad, 0x00, 0x08, 0x00, 0x48, 0x00, 0x07, 0x00, 0x76, 0x01, 0x09, 0x00, 0x77, 0x01, 0x09, 0x00,
    0xc0, 0x03, 0x0a, 0x00, 0x78, 0x01, 0x09, 0x00, 0x79, 0x01, 0x09, 0x00, 0x7a, 0x01, 0x09, 0x00,
    0xae, 0x00, 0x08, 0x00, 0x49, 0x00, 0x07, 0x00, 0xc1, 0x03, 0x0a, 0x00, 0xc2, 0x03, 0x0a, 0x00,
    0xaf, 0x00, 0x08, 0x00, 0x4a, 0x00, 0x07, 0x00, 0x7b, 0x01, 0x09, 0x00, 0x7c, 0x01, 0x09, 0x00,
    0xc3, 0x03, 0x0a, 0x00, 0xb0, 0x00, 0x08, 0x00, 0x7d, 0x01, 0x09, 0x00, 0x7e, 0x01, 0x09, 0x00,
    0xc4, 0x03, 0x0a, 0x00, 0x7f, 0x01, 0x09, 0x00, 0x80, 0x01, 0x09, 0x00, 0x81, 0x01, 0x09, 0x00,
    0xc5, 0x03, 0x0a, 0x00, 0xc6, 0x03, 0x0a, 0x00, 0xc7, 0x03, 0x0a, 0x00, 0xc8, 0x03, 0x0a, 0x00,
    0x82, 0x01, 0x09, 0x00, 0x83, 0x01, 0x09, 0x00, 0x84, 0x01, 0x09, 0x00, 0x85, 0x01, 0x09, 0x00,
    0xc9, 0x03, 0x0a, 0x00, 0x86, 0x01, 0x09, 0x00, 0x87, 0x01, 0x09, 0x00, 0x88, 0x01, 0x09, 0x00,
    0xca, 0x03, 0x0a, 0x00, 0x89, 0x01, 0x09, 0x00, 0x8a, 0x01, 0x09, 0x00, 0x8b, 0x01, 0x09, 0x00,
    0xb1, 0x00, 0x08, 0x00, 0xb2, 0x00, 0x08, 0x00, 0x8c, 0x01, 0x09, 0x00, 0xf9, 0x07, 0x0b, 0x00,
    0xb3, 0x00, 0x08, 0x00, 0x4b, 0x00, 0x07, 0x00, 0x8d, 0x01, 0x09, 0x00, 0x8e, 0x01, 0x09, 0x00,
    0xcb, 0x03, 0x0a, 0x00, 0x8f, 0x01, 0x09, 0x00, 0xcc, 0x03, 0x0a, 0x00, 0xcd, 0x03, 0x0a, 0x00,
    0xfa, 0x07, 0x0b, 0x00, 0xce, 0x03, 0x0a, 0x00, 0xcf, 0x03, 0x0a, 0x00, 0xd0, 0x03, 0x0a, 0x00,
    0xb4, 0x00, 0x08, 0x00, 0x4c, 0x00, 0x07, 0x00, 0xd1, 0x03, 0x0a, 0x00, 0xd2, 0x03, 0x0a, 0x00,
    0x4d, 0x00, 0x07, 0x00, 0xb5, 0x00, 0x08, 0x00, 0x90, 0x01, 0x09, 0x00, 0x91, 0x01, 0x09, 0x00,
    0x92, 0x01, 0x09, 0x00, 0x93, 0x01, 0x09, 0x00, 0x94, 0x01, 0x09, 0x00, 0x95, 0x01, 0x09, 0x00,
    0xd3, 0x03, 0x0a, 0x00, 0x96, 0x01, 0x09, 0x00, 0x97, 0x01, 0x09, 0x00, 0x98, 0x01, 0x09, 0x00,
    0x99, 0x01, 0x09, 0x00, 0x9a, 0x01, 0x09, 0x00, 0xd4, 0x03, 0x0a, 0x00, 0xd5, 0x03, 0x0a, 0x00,
    0x9b, 0x01, 0x09, 0x00, 0xb6, 0x00, 0x08, 0x00, 0x9c, 0x01, 0x09, 0x00, 0x9d, 0x01, 0x09, 0x00,
    0x9e, 0x01, 0x09, 0x00, 0x9f, 0x01, 0x09, 0x00, 0xa0, 0x01, 0x09, 0x00, 0xa1, 0x01, 0x09, 0x00,
    0xd6, 0x03, 0x0a, 0x00, 0xa2, 0x01, 0x09, 0x00, 0xa3, 0x01, 0x09, 0x00, 0xa4, 0x01, 0x09, 0x00,
    0xd7, 0x03, 0x0a, 0x00, 0xd8, 0x03, 0x0a, 0x00, 0xd9, 0x03, 0x0a, 0x00, 0xda, 0x03, 0x0a, 0x00,
    0xdb, 0x03, 0x0a, 0x00, 0xa5, 0x01, 0x09, 0x00, 0xa6, 0x01, 0x09, 0x00, 0xa7, 0x01, 0x09, 0x00,
    0xdc, 0x03, 0x0a, 0x00, 0xa8, 0x01, 0x09, 0x00, 0xa9, 0x01, 0x09, 0x00, 0xaa, 0x01, 0x09, 0x00,
    0xdd, 0x03, 0x0a, 0x00, 0xab, 0x01, 0x09, 0x00, 0xac, 0x01, 0x09, 0x00, 0xad, 0x01, 0x09, 0x00,
    0xae, 0x01, 0x09, 0x00, 0xde, 0x03, 0x0a, 0x00, 0xdf, 0x03, 0x0a, 0x00, 0xfb, 0x07, 0x0b, 0x00,
    0xaf, 0x01, 0x09, 0x00, 0xb0, 0x01, 0x09, 0x00, 0xe0, 0x03, 0x0a, 0x00, 0xe1, 0x03, 0x0a, 0x00,
    0xe2, 0x03, 0x0a, 0x00, 0xe3, 0x03, 0x0a, 0x00, 0xe4, 0x03, 0x0a, 0x00, 0xe5, 0x03, 0x0a, 0x00,
    0xfe, 0x0f, 0x0c, 0x00, 0xe6, 0x03, 0x0a, 0x00, 0xe7, 0x03, 0x0a, 0x00, 0xe8, 0x03, 0x0a, 0x00,
    0xe9, 0x03, 0x0a, 0x00, 0xea, 0x03, 0x0a, 0x00, 0xeb, 0x03, 0x0a, 0x00, 0xec, 0x03, 0x0a, 0x00,
    0xb1, 0x01, 0x09, 0x00, 0xb7, 0x00, 0x08, 0x00, 0xb2, 0x01, 0x09, 0x00, 0xb3, 0x01, 0x09, 0x00,
    0xed, 0x03, 0x0a, 0x00, 0xb4, 0x01, 0x09, 0x00, 0xb5, 0x01, 0x09, 0x00, 0xb6, 0x01, 0x09, 0x00,
    0xee, 0x03, 0x0a, 0x00, 0xb7, 0x01, 0x09, 0x00, 0xb8, 0x01, 0x09, 0x00, 0xb9, 0x01, 0x09, 0x00,
    0xff, 0x0f, 0x0c, 0x00, 0xef, 0x03, 0x0a, 0x00, 0xf0, 0x03, 0x0a, 0x00, 0xf1, 0x03, 0x0a, 0x00,
    0xf2, 0x03, 0x0a, 0x00, 0xba, 0x01, 0x09, 0x00, 0xbb, 0x01, 0x09, 0x00, 0xbc, 0x01, 0x09, 0x00,
    0xf3, 0x03, 0x0a, 0x00, 0xbd, 0x01, 0x09, 0x00, 0xbe, 0x01, 0x09, 0x00, 0xbf, 0x01, 0x09, 0x00,
    0xf4, 0x03, 0x0a, 0x00, 0xc0, 0x01, 0x09, 0x00, 0xc1, 0x01, 0x09, 0x00, 0xc2, 0x01, 0x09, 0x00,
    0xfc, 0x07, 0x0b, 0x00, 0xf5, 0x03, 0x0a, 0x00, 0xf6, 0x03, 0x0a, 0x00, 0xf7, 0x03, 0x0a, 0x00,
    0xf8, 0x03, 0x0a, 0x00, 0xc3, 0x01, 0x09, 0x00, 0xc4, 0x01, 0x09, 0x00, 0xc5, 0x01, 0x09, 0x00,
    0xfd, 0x07, 0x0b, 0x00, 0xc6, 0x01, 0x09, 0x00, 0xc7, 0x01, 0x09, 0x00, 0xc8, 0x01, 0x09, 0x00,
    0xfe, 0x07, 0x0b, 0x00, 0xc9, 0x01, 0x09, 0x00, 0xca, 0x01, 0x09, 0x00, 0xcb, 0x01, 0x09, 0x00,
];

pub const G_A_SPEC_WL3_K: [u8; 256] = [
    0x00, 0x00, 0x02, 0x00, 0x06, 0x00, 0x04, 0x00, 0x2c, 0x00, 0x06, 0x00, 0x6a, 0x00, 0x07, 0x00,
    0x00, 0x00, 0x00, 0x00, 0x6b, 0x00, 0x07, 0x00, 0x2d, 0x00, 0x06, 0x00, 0x07, 0x00, 0x04, 0x00,
    0x08, 0x00, 0x04, 0x00, 0x12, 0x00, 0x05, 0x00, 0x6c, 0x00, 0x07, 0x00, 0x6d, 0x00, 0x07, 0x00,
    0x00, 0x00, 0x00, 0x00, 0x6e, 0x00, 0x07, 0x00, 0x2e, 0x00, 0x06, 0x00, 0x13, 0x00, 0x05, 0x00,
    0x2f, 0x00, 0x06, 0x00, 0x6f, 0x00, 0x07, 0x00, 0xf2, 0x00, 0x08, 0x00, 0xf3, 0x00, 0x08, 0x00,
    0x00, 0x00, 0x00, 0x00, 0xf4, 0x00, 0x08, 0x00, 0xf5, 0x00, 0x08, 0x00, 0x30, 0x00, 0x06, 0x00,
    0x70, 0x00, 0x07, 0x00, 0x71, 0x00, 0x07, 0x00, 0xf6, 0x00, 0x08, 0x00, 0xfc, 0x01, 0x09, 0x00,
    0x00, 0x00, 0x00, 0x00, 0xfd, 0x01, 0x09, 0x00, 0xf7, 0x00, 0x08, 0x00, 0x72, 0x00, 0x07, 0x00,
    0x00, 0x00, 0x00, 0x00, 0x00, 0x00, 0x00, 0x00, 0x00, 0x00, 0x00, 0x00, 0x00, 0x00, 0x00, 0x00,
    0x00, 0x00, 0x00, 0x00, 0x00, 0x00, 0x00, 0x00, 0x00, 0x00, 0x00, 0x00, 0x00, 0x00, 0x00, 0x00,
    0x73, 0x00, 0x07, 0x00, 0x74, 0x00, 0x07, 0x00, 0xf8, 0x00, 0x08, 0x00, 0xfe, 0x01, 0x09, 0x00,
    0x00, 0x00, 0x00, 0x00, 0xff, 0x01, 0x09, 0x00, 0xf9, 0x00, 0x08, 0x00, 0x75, 0x00, 0x07, 0x00,
    0x31, 0x00, 0x06, 0x00, 0x32, 0x00, 0x06, 0x00, 0xfa, 0x00, 0x08, 0x00, 0xfb, 0x00, 0x08, 0x00,
    0x00, 0x00, 0x00, 0x00, 0xfc, 0x00, 0x08, 0x00, 0xfd, 0x00, 0x08, 0x00, 0x76, 0x00, 0x07, 0x00,
    0x02, 0x00, 0x03, 0x00, 0x14, 0x00, 0x05, 0x00, 0x33, 0x00, 0x06, 0x00, 0x77, 0x00, 0x07, 0x00,
    0x00, 0x00, 0x00, 0x00, 0x78, 0x00, 0x07, 0x00, 0x34, 0x00, 0x06, 0x00, 0x15, 0x00, 0x05, 0x00,
];

pub const G_A_SPEC_WL3_L: [u8; 32] = [
    0x00, 0x00, 0x01, 0x00, 0x06, 0x00, 0x03, 0x00, 0x1c, 0x00, 0x05, 0x00, 0x1d, 0x00, 0x05, 0x00,
    0x00, 0x00, 0x00, 0x00, 0x1e, 0x00, 0x05, 0x00, 0x1f, 0x00, 0x05, 0x00, 0x02, 0x00, 0x02, 0x00,
];

pub const G_A_SPEC_WL3_M: [u8; 32] = [
    0x00, 0x00, 0x01, 0x00, 0x02, 0x00, 0x02, 0x00, 0x1c, 0x00, 0x05, 0x00, 0x1d, 0x00, 0x05, 0x00,
    0x00, 0x00, 0x00, 0x00, 0x1e, 0x00, 0x05, 0x00, 0x1f, 0x00, 0x05, 0x00, 0x06, 0x00, 0x03, 0x00,
];

pub const G_A_SPEC_WL3_N: [u8; 1024] = [
    0x00, 0x00, 0x01, 0x00, 0x10, 0x00, 0x05, 0x00, 0x5c, 0x01, 0x09, 0x00, 0x5d, 0x01, 0x09, 0x00,
    0x22, 0x00, 0x06, 0x00, 0x4c, 0x00, 0x07, 0x00, 0x5e, 0x01, 0x09, 0x00, 0x5f, 0x01, 0x09, 0x00,
    0x86, 0x03, 0x0a, 0x00, 0x87, 0x03, 0x0a, 0x00, 0xe8, 0x07, 0x0b, 0x00, 0xe9, 0x07, 0x0b, 0x00,
    0xea, 0x07, 0x0b, 0x00, 0x88, 0x03, 0x0a, 0x00, 0x89, 0x03, 0x0a, 0x00, 0x8a, 0x03, 0x0a, 0x00,
    0x23, 0x00, 0x06, 0x00, 0xaa, 0x00, 0x08, 0x00, 0x8b, 0x03, 0x0a, 0x00, 0x8c, 0x03, 0x0a, 0x00,
    0x4d, 0x00, 0x07, 0x00, 0x4e, 0x00, 0x07, 0x00, 0x60, 0x01, 0x09, 0x00, 0x61, 0x01, 0x09, 0x00,
    0x62, 0x01, 0x09, 0x00, 0x63, 0x01, 0x09, 0x00, 0x8d, 0x03, 0x0a, 0x00, 0x8e, 0x03, 0x0a, 0x00,
    0xeb, 0x07, 0x0b, 0x00, 0x8f, 0x03, 0x0a, 0x00, 0x90, 0x03, 0x0a, 0x00, 0x91, 0x03, 0x0a, 0x00,
    0x92, 0x03, 0x0a, 0x00, 0xec, 0x07, 0x0b, 0x00, 0x93, 0x03, 0x0a, 0x00, 0xed, 0x07, 0x0b, 0x00,
    0x94, 0x03, 0x0a, 0x00, 0x64, 0x01, 0x09, 0x00, 0x95, 0x03, 0x0a, 0x00, 0x96, 0x03, 0x0a, 0x00,
    0xee, 0x07, 0x0b, 0x00, 0x97, 0x03, 0x0a, 0x00, 0x98, 0x03, 0x0a, 0x00, 0x99, 0x03, 0x0a, 0x00,
    0xef, 0x07, 0x0b, 0x00, 0x9a, 0x03, 0x0a, 0x00, 0x9b, 0x03, 0x0a, 0x00, 0x9c, 0x03, 0x0a, 0x00,
    0xf0, 0x07, 0x0b, 0x00, 0xf1, 0x07, 0x0b, 0x00, 0xf2, 0x07, 0x0b, 0x00, 0xf3, 0x07, 0x0b, 0x00,
    0x9d, 0x03, 0x0a, 0x00, 0x9e, 0x03, 0x0a, 0x00, 0x9f, 0x03, 0x0a, 0x00, 0xa0, 0x03, 0x0a, 0x00,
    0xf4, 0x07, 0x0b, 0x00, 0xa1, 0x03, 0x0a, 0x00, 0xa2, 0x03, 0x0a, 0x00, 0xa3, 0x03, 0x0a, 0x00,
    0xa4, 0x03, 0x0a, 0x00, 0xa5, 0x03, 0x0a, 0x00, 0xa6, 0x03, 0x0a, 0x00, 0xa7, 0x03, 0x0a, 0x00,
    0x24, 0x00, 0x06, 0x00, 0x4f, 0x00, 0x07, 0x00, 0xa8, 0x03, 0x0a, 0x00, 0xf5, 0x07, 0x0b, 0x00,
    0x50, 0x00, 0x07, 0x00, 0x51, 0x00, 0x07, 0x00, 0x65, 0x01, 0x09, 0x00, 0xa9, 0x03, 0x0a, 0x00,
    0xaa, 0x03, 0x0a, 0x00, 0xab, 0x03, 0x0a, 0x00, 0x66, 0x01, 0x09, 0x00, 0xac, 0x03, 0x0a, 0x00,
    0xf6, 0x07, 0x0b, 0x00, 0xad, 0x03, 0x0a, 0x00, 0xae, 0x03, 0x0a, 0x00, 0xaf, 0x03, 0x0a, 0x00,
    0x25, 0x00, 0x06, 0x00, 0x52, 0x00, 0x07, 0x00, 0x67, 0x01, 0x09, 0x00, 0xb0, 0x03, 0x0a, 0x00,
    0x53, 0x00, 0x07, 0x00, 0x54, 0x00, 0x07, 0x00, 0xab, 0x00, 0x08, 0x00, 0x68, 0x01, 0x09, 0x00,
    0x69, 0x01, 0x09, 0x00, 0x6a, 0x01, 0x09, 0x00, 0x6b, 0x01, 0x09, 0x00, 0x6c, 0x01, 0x09, 0x00,
    0xb1, 0x03, 0x0a, 0x00, 0x6d, 0x01, 0x09, 0x00, 0x6e, 0x01, 0x09, 0x00, 0x6f, 0x01, 0x09, 0x00,
    0xb2, 0x03, 0x0a, 0x00, 0xb3, 0x03, 0x0a, 0x00, 0xb4, 0x03, 0x0a, 0x00, 0xb5, 0x03, 0x0a, 0x00,
    0x70, 0x01, 0x09, 0x00, 0x71, 0x01, 0x09, 0x00, 0x72, 0x01, 0x09, 0x00, 0x73, 0x01, 0x09, 0x00,
    0xb6, 0x03, 0x0a, 0x00, 0x74, 0x01, 0x09, 0x00, 0x75, 0x01, 0x09, 0x00, 0x76, 0x01, 0x09, 0x00,
    0xb7, 0x03, 0x0a, 0x00, 0x77, 0x01, 0x09, 0x00, 0x78, 0x01, 0x09, 0x00, 0x79, 0x01, 0x09, 0x00,
    0xb8, 0x03, 0x0a, 0x00, 0x7a, 0x01, 0x09, 0x00, 0xb9, 0x03, 0x0a, 0x00, 0xba, 0x03, 0x0a, 0x00,
    0xbb, 0x03, 0x0a, 0x00, 0x7b, 0x01, 0x09, 0x00, 0x7c, 0x01, 0x09, 0x00, 0x7d, 0x01, 0x09, 0x00,
    0xbc, 0x03, 0x0a, 0x00, 0x7e, 0x01, 0x09, 0x00, 0x7f, 0x01, 0x09, 0x00, 0x80, 0x01, 0x09, 0x00,
    0xbd, 0x03, 0x0a, 0x00, 0x81, 0x01, 0x09, 0x00, 0x82, 0x01, 0x09, 0x00, 0x83, 0x01, 0x09, 0x00,
    0x84, 0x01, 0x09, 0x00, 0x85, 0x01, 0x09, 0x00, 0xf7, 0x07, 0x0b, 0x00, 0xf8, 0x07, 0x0b, 0x00,
    0xf9, 0x07, 0x0b, 0x00, 0x86, 0x01, 0x09, 0x00, 0xbe, 0x03, 0x0a, 0x00, 0xbf, 0x03, 0x0a, 0x00,
    0xc0, 0x03, 0x0a, 0x00, 0xc1, 0x03, 0x0a, 0x00, 0xc2, 0x03, 0x0a, 0x00, 0xc3, 0x03, 0x0a, 0x00,
    0xfa, 0x07, 0x0b, 0x00, 0xc4, 0x03, 0x0a, 0x00, 0xc5, 0x03, 0x0a, 0x00, 0xc6, 0x03, 0x0a, 0x00,
    0x87, 0x01, 0x09, 0x00, 0x88, 0x01, 0x09, 0x00, 0xc7, 0x03, 0x0a, 0x00, 0xc8, 0x03, 0x0a, 0x00,
    0x89, 0x01, 0x09, 0x00, 0x8a, 0x01, 0x09, 0x00, 0x8b, 0x01, 0x09, 0x00, 0x8c, 0x01, 0x09, 0x00,
    0x8d, 0x01, 0x09, 0x00, 0x8e, 0x01, 0x09, 0x00, 0x8f, 0x01, 0x09, 0x00, 0x90, 0x01, 0x09, 0x00,
    0xc9, 0x03, 0x0a, 0x00, 0x91, 0x01, 0x09, 0x00, 0x92, 0x01, 0x09, 0x00, 0x93, 0x01, 0x09, 0x00,
    0xca, 0x03, 0x0a, 0x00, 0xcb, 0x03, 0x0a, 0x00, 0xcc, 0x03, 0x0a, 0x00, 0xcd, 0x03, 0x0a, 0x00,
    0x94, 0x01, 0x09, 0x00, 0x95, 0x01, 0x09, 0x00, 0x96, 0x01, 0x09, 0x00, 0x97, 0x01, 0x09, 0x00,
    0xce, 0x03, 0x0a, 0x00, 0xac, 0x00, 0x08, 0x00, 0x98, 0x01, 0x09, 0x00, 0x99, 0x01, 0x09, 0x00,
    0xcf, 0x03, 0x0a, 0x00, 0x9a, 0x01, 0x09, 0x00, 0x9b, 0x01, 0x09, 0x00, 0x9c, 0x01, 0x09, 0x00,
    0xd0, 0x03, 0x0a, 0x00, 0xd1, 0x03, 0x0a, 0x00, 0xd2, 0x03, 0x0a, 0x00, 0xd3, 0x03, 0x0a, 0x00,
    0xd4, 0x03, 0x0a, 0x00, 0x9d, 0x01, 0x09, 0x00, 0x9e, 0x01, 0x09, 0x00, 0x9f, 0x01, 0x09, 0x00,
    0xd5, 0x03, 0x0a, 0x00, 0xa0, 0x01, 0x09, 0x00, 0xa1, 0x01, 0x09, 0x00, 0xa2, 0x01, 0x09, 0x00,
    0xd6, 0x03, 0x0a, 0x00, 0xa3, 0x01, 0x09, 0x00, 0xa4, 0x01, 0x09, 0x00, 0xa5, 0x01, 0x09, 0x00,
    0xad, 0x00, 0x08, 0x00, 0xfb, 0x07, 0x0b, 0x00, 0xfc, 0x07, 0x0b, 0x00, 0xfd, 0x07, 0x0b, 0x00,
    0xd7, 0x03, 0x0a, 0x00, 0xd8, 0x03, 0x0a, 0x00, 0xd9, 0x03, 0x0a, 0x00, 0xda, 0x03, 0x0a, 0x00,
    0xfe, 0x07, 0x0b, 0x00, 0xdb, 0x03, 0x0a, 0x00, 0xdc, 0x03, 0x0a, 0x00, 0xdd, 0x03, 0x0a, 0x00,
    0xff, 0x07, 0x0b, 0x00, 0xde, 0x03, 0x0a, 0x00, 0xdf, 0x03, 0x0a, 0x00, 0xe0, 0x03, 0x0a, 0x00,
    0xa6, 0x01, 0x09, 0x00, 0xa7, 0x01, 0x09, 0x00, 0xe1, 0x03, 0x0a, 0x00, 0xe2, 0x03, 0x0a, 0x00,
    0xe3, 0x03, 0x0a, 0x00, 0xa8, 0x01, 0x09, 0x00, 0xa9, 0x01, 0x09, 0x00, 0xaa, 0x01, 0x09, 0x00,
    0xe4, 0x03, 0x0a, 0x00, 0xab, 0x01, 0x09, 0x00, 0xac, 0x01, 0x09, 0x00, 0xad, 0x01, 0x09, 0x00,
    0xe5, 0x03, 0x0a, 0x00, 0xae, 0x01, 0x09, 0x00, 0xaf, 0x01, 0x09, 0x00, 0xb0, 0x01, 0x09, 0x00,
    0xe6, 0x03, 0x0a, 0x00, 0xe7, 0x03, 0x0a, 0x00, 0xe8, 0x03, 0x0a, 0x00, 0xe9, 0x03, 0x0a, 0x00,
    0xea, 0x03, 0x0a, 0x00, 0xb1, 0x01, 0x09, 0x00, 0xb2, 0x01, 0x09, 0x00, 0xb3, 0x01, 0x09, 0x00,
    0xeb, 0x03, 0x0a, 0x00, 0xb4, 0x01, 0x09, 0x00, 0xb5, 0x01, 0x09, 0x00, 0xb6, 0x01, 0x09, 0x00,
    0xec, 0x03, 0x0a, 0x00, 0xb7, 0x01, 0x09, 0x00, 0xb8, 0x01, 0x09, 0x00, 0xb9, 0x01, 0x09, 0x00,
    0xed, 0x03, 0x0a, 0x00, 0xee, 0x03, 0x0a, 0x00, 0xef, 0x03, 0x0a, 0x00, 0xf0, 0x03, 0x0a, 0x00,
    0xf1, 0x03, 0x0a, 0x00, 0xba, 0x01, 0x09, 0x00, 0xbb, 0x01, 0x09, 0x00, 0xbc, 0x01, 0x09, 0x00,
    0xf2, 0x03, 0x0a, 0x00, 0xbd, 0x01, 0x09, 0x00, 0xbe, 0x01, 0x09, 0x00, 0xbf, 0x01, 0x09, 0x00,
    0xf3, 0x03, 0x0a, 0x00, 0xc0, 0x01, 0x09, 0x00, 0xc1, 0x01, 0x09, 0x00, 0xc2, 0x01, 0x09, 0x00,
];

pub const G_A_SPEC_WL4_B: [u8; 1024] = [
    0x00, 0x00, 0x02, 0x00, 0x04, 0x00, 0x04, 0x00, 0x26, 0x00, 0x06, 0x00, 0x56, 0x00, 0x07, 0x00,
    0xcc, 0x00, 0x08, 0x00, 0x57, 0x00, 0x07, 0x00, 0x00, 0x00, 0x00, 0x00, 0x00, 0x00, 0x00, 0x00,
    0x00, 0x00, 0x00, 0x00, 0x00, 0x00, 0x00, 0x00, 0x00, 0x00, 0x00, 0x00, 0x58, 0x00, 0x07, 0x00,
    0xcd, 0x00, 0x08, 0x00, 0x59, 0x00, 0x07, 0x00, 0x27, 0x00, 0x06, 0x00, 0x05, 0x00, 0x04, 0x00,
    0x06, 0x00, 0x04, 0x00, 0x28, 0x00, 0x06, 0x00, 0x5a, 0x00, 0x07, 0x00, 0xce, 0x00, 0x08, 0x00,
    0xd0, 0x01, 0x09, 0x00, 0xcf, 0x00, 0x08, 0x00, 0x00, 0x00, 0x00, 0x00, 0x00, 0x00, 0x00, 0x00,
    0x00, 0x00, 0x00, 0x00, 0x00, 0x00, 0x00, 0x00, 0x00, 0x00, 0x00, 0x00, 0xd0, 0x00, 0x08, 0x00,
    0xd1, 0x00, 0x08, 0x00, 0xd2, 0x00, 0x08, 0x00, 0x5b, 0x00, 0x07, 0x00, 0x10, 0x00, 0x05, 0x00,
    0x29, 0x00, 0x06, 0x00, 0x5c, 0x00, 0x07, 0x00, 0xd3, 0x00, 0x08, 0x00, 0xd1, 0x01, 0x09, 0x00,
    0xd2, 0x01, 0x09, 0x00, 0xd4, 0x00, 0x08, 0x00, 0x00, 0x00, 0x00, 0x00, 0x00, 0x00, 0x00, 0x00,
    0x00, 0x00, 0x00, 0x00, 0x00, 0x00, 0x00, 0x00, 0x00, 0x00, 0x00, 0x00, 0xd3, 0x01, 0x09, 0x00,
    0xe4, 0x03, 0x0a, 0x00, 0xd4, 0x01, 0x09, 0x00, 0xd5, 0x00, 0x08, 0x00, 0x5d, 0x00, 0x07, 0x00,
    0x5e, 0x00, 0x07, 0x00, 0xd6, 0x00, 0x08, 0x00, 0xd5, 0x01, 0x09, 0x00, 0xe5, 0x03, 0x0a, 0x00,
    0xe6, 0x03, 0x0a, 0x00, 0xd6, 0x01, 0x09, 0x00, 0x00, 0x00, 0x00, 0x00, 0x00, 0x00, 0x00, 0x00,
    0x00, 0x00, 0x00, 0x00, 0x00, 0x00, 0x00, 0x00, 0x00, 0x00, 0x00, 0x00, 0xd7, 0x01, 0x09, 0x00,
    0xe7, 0x03, 0x0a, 0x00, 0xe8, 0x03, 0x0a, 0x00, 0xd8, 0x01, 0x09, 0x00, 0xd7, 0x00, 0x08, 0x00,
    0xd8, 0x00, 0x08, 0x00, 0xd9, 0x01, 0x09, 0x00, 0xda, 0x01, 0x09, 0x00, 0xe9, 0x03, 0x0a, 0x00,
    0xea, 0x03, 0x0a, 0x00, 0xeb, 0x03, 0x0a, 0x00, 0x00, 0x00, 0x00, 0x00, 0x00, 0x00, 0x00, 0x00,
    0x00, 0x00, 0x00, 0x00, 0x00, 0x00, 0x00, 0x00, 0x00, 0x00, 0x00, 0x00, 0xec, 0x03, 0x0a, 0x00,
    0xfc, 0x07, 0x0b, 0x00, 0xed, 0x03, 0x0a, 0x00, 0xdb, 0x01, 0x09, 0x00, 0xdc, 0x01, 0x09, 0x00,
    0x5f, 0x00, 0x07, 0x00, 0xd9, 0x00, 0x08, 0x00, 0xdd, 0x01, 0x09, 0x00, 0xde, 0x01, 0x09, 0x00,
    0xee, 0x03, 0x0a, 0x00, 0xef, 0x03, 0x0a, 0x00, 0x00, 0x00, 0x00, 0x00, 0x00, 0x00, 0x00, 0x00,
    0x00, 0x00, 0x00, 0x00, 0x00, 0x00, 0x00, 0x00, 0x00, 0x00, 0x00, 0x00, 0xfd, 0x07, 0x0b, 0x00,
    0xf0, 0x03, 0x0a, 0x00, 0xdf, 0x01, 0x09, 0x00, 0xe0, 0x01, 0x09, 0x00, 0xda, 0x00, 0x08, 0x00,
    0x00, 0x00, 0x00, 0x00, 0x00, 0x00, 0x00, 0x00, 0x00, 0x00, 0x00, 0x00, 0x00, 0x00, 0x00, 0x00,
    0x00, 0x00, 0x00, 0x00, 0x00, 0x00, 0x00, 0x00, 0x00, 0x00, 0x00, 0x00, 0x00, 0x00, 0x00, 0x00,
    0x00, 0x00, 0x00, 0x00, 0x00, 0x00, 0x00, 0x00, 0x00, 0x00, 0x00, 0x00, 0x00, 0x00, 0x00, 0x00,
    0x00, 0x00, 0x00, 0x00, 0x00, 0x00, 0x00, 0x00, 0x00, 0x00, 0x00, 0x00, 0x00, 0x00, 0x00, 0x00,
    0x00, 0x00, 0x00, 0x00, 0x00, 0x00, 0x00, 0x00, 0x00, 0x00, 0x00, 0x00, 0x00, 0x00, 0x00, 0x00,
    0x00, 0x00, 0x00, 0x00, 0x00, 0x00, 0x00, 0x00, 0x00, 0x00, 0x00, 0x00, 0x00, 0x00, 0x00, 0x00,
    0x00, 0x00, 0x00, 0x00, 0x00, 0x00, 0x00, 0x00, 0x00, 0x00, 0x00, 0x00, 0x00, 0x00, 0x00, 0x00,
    0x00, 0x00, 0x00, 0x00, 0x00, 0x00, 0x00, 0x00, 0x00, 0x00, 0x00, 0x00, 0x00, 0x00, 0x00, 0x00,
    0x00, 0x00, 0x00, 0x00, 0x00, 0x00, 0x00, 0x00, 0x00, 0x00, 0x00, 0x00, 0x00, 0x00, 0x00, 0x00,
    0x00, 0x00, 0x00, 0x00, 0x00, 0x00, 0x00, 0x00, 0x00, 0x00, 0x00, 0x00, 0x00, 0x00, 0x00, 0x00,
    0x00, 0x00, 0x00, 0x00, 0x00, 0x00, 0x00, 0x00, 0x00, 0x00, 0x00, 0x00, 0x00, 0x00, 0x00, 0x00,
    0x00, 0x00, 0x00, 0x00, 0x00, 0x00, 0x00, 0x00, 0x00, 0x00, 0x00, 0x00, 0x00, 0x00, 0x00, 0x00,
    0x00, 0x00, 0x00, 0x00, 0x00, 0x00, 0x00, 0x00, 0x00, 0x00, 0x00, 0x00, 0x00, 0x00, 0x00, 0x00,
    0x00, 0x00, 0x00, 0x00, 0x00, 0x00, 0x00, 0x00, 0x00, 0x00, 0x00, 0x00, 0x00, 0x00, 0x00, 0x00,
    0x00, 0x00, 0x00, 0x00, 0x00, 0x00, 0x00, 0x00, 0x00, 0x00, 0x00, 0x00, 0x00, 0x00, 0x00, 0x00,
    0x00, 0x00, 0x00, 0x00, 0x00, 0x00, 0x00, 0x00, 0x00, 0x00, 0x00, 0x00, 0x00, 0x00, 0x00, 0x00,
    0x00, 0x00, 0x00, 0x00, 0x00, 0x00, 0x00, 0x00, 0x00, 0x00, 0x00, 0x00, 0x00, 0x00, 0x00, 0x00,
    0x00, 0x00, 0x00, 0x00, 0x00, 0x00, 0x00, 0x00, 0x00, 0x00, 0x00, 0x00, 0x00, 0x00, 0x00, 0x00,
    0x00, 0x00, 0x00, 0x00, 0x00, 0x00, 0x00, 0x00, 0x00, 0x00, 0x00, 0x00, 0x00, 0x00, 0x00, 0x00,
    0x00, 0x00, 0x00, 0x00, 0x00, 0x00, 0x00, 0x00, 0x00, 0x00, 0x00, 0x00, 0x00, 0x00, 0x00, 0x00,
    0x60, 0x00, 0x07, 0x00, 0xdb, 0x00, 0x08, 0x00, 0xe1, 0x01, 0x09, 0x00, 0xe2, 0x01, 0x09, 0x00,
    0xf1, 0x03, 0x0a, 0x00, 0xfe, 0x07, 0x0b, 0x00, 0x00, 0x00, 0x00, 0x00, 0x00, 0x00, 0x00, 0x00,
    0x00, 0x00, 0x00, 0x00, 0x00, 0x00, 0x00, 0x00, 0x00, 0x00, 0x00, 0x00, 0xff, 0x07, 0x0b, 0x00,
    0xf2, 0x03, 0x0a, 0x00, 0xe3, 0x01, 0x09, 0x00, 0xdc, 0x00, 0x08, 0x00, 0xdd, 0x00, 0x08, 0x00,
    0xde, 0x00, 0x08, 0x00, 0xe4, 0x01, 0x09, 0x00, 0xe5, 0x01, 0x09, 0x00, 0xf3, 0x03, 0x0a, 0x00,
    0xf4, 0x03, 0x0a, 0x00, 0xf5, 0x03, 0x0a, 0x00, 0x00, 0x00, 0x00, 0x00, 0x00, 0x00, 0x00, 0x00,
    0x00, 0x00, 0x00, 0x00, 0x00, 0x00, 0x00, 0x00, 0x00, 0x00, 0x00, 0x00, 0xe6, 0x01, 0x09, 0x00,
    0xf6, 0x03, 0x0a, 0x00, 0xf7, 0x03, 0x0a, 0x00, 0xe7, 0x01, 0x09, 0x00, 0xe8, 0x01, 0x09, 0x00,
    0x61, 0x00, 0x07, 0x00, 0xdf, 0x00, 0x08, 0x00, 0xe9, 0x01, 0x09, 0x00, 0xf8, 0x03, 0x0a, 0x00,
    0xf9, 0x03, 0x0a, 0x00, 0xfa, 0x03, 0x0a, 0x00, 0x00, 0x00, 0x00, 0x00, 0x00, 0x00, 0x00, 0x00,
    0x00, 0x00, 0x00, 0x00, 0x00, 0x00, 0x00, 0x00, 0x00, 0x00, 0x00, 0x00, 0xea, 0x01, 0x09, 0x00,
    0xfb, 0x03, 0x0a, 0x00, 0xfc, 0x03, 0x0a, 0x00, 0xeb, 0x01, 0x09, 0x00, 0xe0, 0x00, 0x08, 0x00,
    0x2a, 0x00, 0x06, 0x00, 0x62, 0x00, 0x07, 0x00, 0xe1, 0x00, 0x08, 0x00, 0xec, 0x01, 0x09, 0x00,
    0xed, 0x01, 0x09, 0x00, 0xe2, 0x00, 0x08, 0x00, 0x00, 0x00, 0x00, 0x00, 0x00, 0x00, 0x00, 0x00,
    0x00, 0x00, 0x00, 0x00, 0x00, 0x00, 0x00, 0x00, 0x00, 0x00, 0x00, 0x00, 0xee, 0x01, 0x09, 0x00,
    0xfd, 0x03, 0x0a, 0x00, 0xef, 0x01, 0x09, 0x00, 0xe3, 0x00, 0x08, 0x00, 0x63, 0x00, 0x07, 0x00,
    0x07, 0x00, 0x04, 0x00, 0x11, 0x00, 0x05, 0x00, 0x64, 0x00, 0x07, 0x00, 0xe4, 0x00, 0x08, 0x00,
    0xf0, 0x01, 0x09, 0x00, 0xe5, 0x00, 0x08, 0x00, 0x00, 0x00, 0x00, 0x00, 0x00, 0x00, 0x00, 0x00,
    0x00, 0x00, 0x00, 0x00, 0x00, 0x00, 0x00, 0x00, 0x00, 0x00, 0x00, 0x00, 0xe6, 0x00, 0x08, 0x00,
    0xf1, 0x01, 0x09, 0x00, 0xe7, 0x00, 0x08, 0x00, 0x65, 0x00, 0x07, 0x00, 0x12, 0x00, 0x05, 0x00,
];

pub const G_A_SPEC_WL4_C: [u8; 24] = [
    0x00, 0x00, 0x02, 0x00, 0x01, 0x00, 0x02, 0x00, 0x02, 0x00, 0x02, 0x00, 0x06, 0x00, 0x03, 0x00,
    0x0e, 0x00, 0x04, 0x00, 0x0f, 0x00, 0x04, 0x00,
];

pub const G_A_SPEC_WL4_G: [u8; 1024] = [
    0x00, 0x00, 0x04, 0x00, 0x02, 0x00, 0x05, 0x00, 0x03, 0x00, 0x05, 0x00, 0x12, 0x00, 0x06, 0x00,
    0x3c, 0x00, 0x07, 0x00, 0xc0, 0x00, 0x08, 0x00, 0x00, 0x00, 0x00, 0x00, 0x00, 0x00, 0x00, 0x00,
    0x00, 0x00, 0x00, 0x00, 0x00, 0x00, 0x00, 0x00, 0x00, 0x00, 0x00, 0x00, 0xc1, 0x00, 0x08, 0x00,
    0x3d, 0x00, 0x07, 0x00, 0x3e, 0x00, 0x07, 0x00, 0x04, 0x00, 0x05, 0x00, 0x05, 0x00, 0x05, 0x00,
    0x13, 0x00, 0x06, 0x00, 0x14, 0x00, 0x06, 0x00, 0x15, 0x00, 0x06, 0x00, 0x16, 0x00, 0x06, 0x00,
    0xc2, 0x00, 0x08, 0x00, 0xc3, 0x00, 0x08, 0x00, 0x00, 0x00, 0x00, 0x00, 0x00, 0x00, 0x00, 0x00,
    0x00, 0x00, 0x00, 0x00, 0x00, 0x00, 0x00, 0x00, 0x00, 0x00, 0x00, 0x00, 0xc4, 0x00, 0x08, 0x00,
    0xc5, 0x00, 0x08, 0x00, 0x3f, 0x00, 0x07, 0x00, 0x40, 0x00, 0x07, 0x00, 0x17, 0x00, 0x06, 0x00,
    0x06, 0x00, 0x05, 0x00, 0x18, 0x00, 0x06, 0x00, 0x41, 0x00, 0x07, 0x00, 0x42, 0x00, 0x07, 0x00,
    0x43, 0x00, 0x07, 0x00, 0xc6, 0x00, 0x08, 0x00, 0x00, 0x00, 0x00, 0x00, 0x00, 0x00, 0x00, 0x00,
    0x00, 0x00, 0x00, 0x00, 0x00, 0x00, 0x00, 0x00, 0x00, 0x00, 0x00, 0x00, 0xc7, 0x00, 0x08, 0x00,
    0xc8, 0x00, 0x08, 0x00, 0x44, 0x00, 0x07, 0x00, 0x45, 0x00, 0x07, 0x00, 0x19, 0x00, 0x06, 0x00,
    0x46, 0x00, 0x07, 0x00, 0x47, 0x00, 0x07, 0x00, 0x48, 0x00, 0x07, 0x00, 0xc9, 0x00, 0x08, 0x00,
    0xca, 0x00, 0x08, 0x00, 0xcb, 0x00, 0x08, 0x00, 0x00, 0x00, 0x00, 0x00, 0x00, 0x00, 0x00, 0x00,
    0x00, 0x00, 0x00, 0x00, 0x00, 0x00, 0x00, 0x00, 0x00, 0x00, 0x00, 0x00, 0x49, 0x00, 0x07, 0x00,
    0x4a, 0x00, 0x07, 0x00, 0xcc, 0x00, 0x08, 0x00, 0x4b, 0x00, 0x07, 0x00, 0x4c, 0x00, 0x07, 0x00,
    0xcd, 0x00, 0x08, 0x00, 0xce, 0x00, 0x08, 0x00, 0xcf, 0x00, 0x08, 0x00, 0xd0, 0x00, 0x08, 0x00,
    0xd1, 0x00, 0x08, 0x00, 0xd2, 0x00, 0x08, 0x00, 0x00, 0x00, 0x00, 0x00, 0x00, 0x00, 0x00, 0x00,
    0x00, 0x00, 0x00, 0x00, 0x00, 0x00, 0x00, 0x00, 0x00, 0x00, 0x00, 0x00, 0xd3, 0x00, 0x08, 0x00,
    0xd4, 0x00, 0x08, 0x00, 0xd5, 0x00, 0x08, 0x00, 0x4d, 0x00, 0x07, 0x00, 0xd6, 0x00, 0x08, 0x00,
    0x4e, 0x00, 0x07, 0x00, 0xd7, 0x00, 0x08, 0x00, 0xd8, 0x00, 0x08, 0x00, 0xd9, 0x00, 0x08, 0x00,
    0xda, 0x00, 0x08, 0x00, 0xdb, 0x00, 0x08, 0x00, 0x00, 0x00, 0x00, 0x00, 0x00, 0x00, 0x00, 0x00,
    0x00, 0x00, 0x00, 0x00, 0x00, 0x00, 0x00, 0x00, 0x00, 0x00, 0x00, 0x00, 0xdc, 0x00, 0x08, 0x00,
    0xdd, 0x00, 0x08, 0x00, 0xde, 0x00, 0x08, 0x00, 0xdf, 0x00, 0x08, 0x00, 0x4f, 0x00, 0x07, 0x00,
    0x00, 0x00, 0x00, 0x00, 0x00, 0x00, 0x00, 0x00, 0x00, 0x00, 0x00, 0x00, 0x00, 0x00, 0x00, 0x00,
    0x00, 0x00, 0x00, 0x00, 0x00, 0x00, 0x00, 0x00, 0x00, 0x00, 0x00, 0x00, 0x00, 0x00, 0x00, 0x00,
    0x00, 0x00, 0x00, 0x00, 0x00, 0x00, 0x00, 0x00, 0x00, 0x00, 0x00, 0x00, 0x00, 0x00, 0x00, 0x00,
    0x00, 0x00, 0x00, 0x00, 0x00, 0x00, 0x00, 0x00, 0x00, 0x00, 0x00, 0x00, 0x00, 0x00, 0x00, 0x00,
    0x00, 0x00, 0x00, 0x00, 0x00, 0x00, 0x00, 0x00, 0x00, 0x00, 0x00, 0x00, 0x00, 0x00, 0x00, 0x00,
    0x00, 0x00, 0x00, 0x00, 0x00, 0x00, 0x00, 0x00, 0x00, 0x00, 0x00, 0x00, 0x00, 0x00, 0x00, 0x00,
    0x00, 0x00, 0x00, 0x00, 0x00, 0x00, 0x00, 0x00, 0x00, 0x00, 0x00, 0x00, 0x00, 0x00, 0x00, 0x00,
    0x00, 0x00, 0x00, 0x00, 0x00, 0x00, 0x00, 0x00, 0x00, 0x00, 0x00, 0x00, 0x00, 0x00, 0x00, 0x00,
    0x00, 0x00, 0x00, 0x00, 0x00, 0x00, 0x00, 0x00, 0x00, 0x00, 0x00, 0x00, 0x00, 0x00, 0x00, 0x00,
    0x00, 0x00, 0x00, 0x00, 0x00, 0x00, 0x00, 0x00, 0x00, 0x00, 0x00, 0x00, 0x00, 0x00, 0x00, 0x00,
    0x00, 0x00, 0x00, 0x00, 0x00, 0x00, 0x00, 0x00, 0x00, 0x00, 0x00, 0x00, 0x00, 0x00, 0x00, 0x00,
    0x00, 0x00, 0x00, 0x00, 0x00, 0x00, 0x00, 0x00, 0x00, 0x00, 0x00, 0x00, 0x00, 0x00, 0x00, 0x00,
    0x00, 0x00, 0x00, 0x00, 0x00, 0x00, 0x00, 0x00, 0x00, 0x00, 0x00, 0x00, 0x00, 0x00, 0x00, 0x00,
    0x00, 0x00, 0x00, 0x00, 0x00, 0x00, 0x00, 0x00, 0x00, 0x00, 0x00, 0x00, 0x00, 0x00, 0x00, 0x00,
    0x00, 0x00, 0x00, 0x00, 0x00, 0x00, 0x00, 0x00, 0x00, 0x00, 0x00, 0x00, 0x00, 0x00, 0x00, 0x00,
    0x00, 0x00, 0x00, 0x00, 0x00, 0x00, 0x00, 0x00, 0x00, 0x00, 0x00, 0x00, 0x00, 0x00, 0x00, 0x00,
    0x00, 0x00, 0x00, 0x00, 0x00, 0x00, 0x00, 0x00, 0x00, 0x00, 0x00, 0x00, 0x00, 0x00, 0x00, 0x00,
    0x00, 0x00, 0x00, 0x00, 0x00, 0x00, 0x00, 0x00, 0x00, 0x00, 0x00, 0x00, 0x00, 0x00, 0x00, 0x00,
    0x00, 0x00, 0x00, 0x00, 0x00, 0x00, 0x00, 0x00, 0x00, 0x00, 0x00, 0x00, 0x00, 0x00, 0x00, 0x00,
    0x00, 0x00, 0x00, 0x00, 0x00, 0x00, 0x00, 0x00, 0x00, 0x00, 0x00, 0x00, 0x00, 0x00, 0x00, 0x00,
    0xe0, 0x00, 0x08, 0x00, 0xe1, 0x00, 0x08, 0x00, 0x50, 0x00, 0x07, 0x00, 0xe2, 0x00, 0x08, 0x00,
    0xe3, 0x00, 0x08, 0x00, 0xe4, 0x00, 0x08, 0x00, 0x00, 0x00, 0x00, 0x00, 0x00, 0x00, 0x00, 0x00,
    0x00, 0x00, 0x00, 0x00, 0x00, 0x00, 0x00, 0x00, 0x00, 0x00, 0x00, 0x00, 0xe5, 0x00, 0x08, 0x00,
    0xe6, 0x00, 0x08, 0x00, 0xe7, 0x00, 0x08, 0x00, 0xe8, 0x00, 0x08, 0x00, 0xe9, 0x00, 0x08, 0x00,
    0x51, 0x00, 0x07, 0x00, 0xea, 0x00, 0x08, 0x00, 0xeb, 0x00, 0x08, 0x00, 0xec, 0x00, 0x08, 0x00,
    0xed, 0x00, 0x08, 0x00, 0xee, 0x00, 0x08, 0x00, 0x00, 0x00, 0x00, 0x00, 0x00, 0x00, 0x00, 0x00,
    0x00, 0x00, 0x00, 0x00, 0x00, 0x00, 0x00, 0x00, 0x00, 0x00, 0x00, 0x00, 0xef, 0x00, 0x08, 0x00,
    0xf0, 0x00, 0x08, 0x00, 0xf1, 0x00, 0x08, 0x00, 0xf2, 0x00, 0x08, 0x00, 0x52, 0x00, 0x07, 0x00,
    0xf3, 0x00, 0x08, 0x00, 0x53, 0x00, 0x07, 0x00, 0x54, 0x00, 0x07, 0x00, 0xf4, 0x00, 0x08, 0x00,
    0xf5, 0x00, 0x08, 0x00, 0xf6, 0x00, 0x08, 0x00, 0x00, 0x00, 0x00, 0x00, 0x00, 0x00, 0x00, 0x00,
    0x00, 0x00, 0x00, 0x00, 0x00, 0x00, 0x00, 0x00, 0x00, 0x00, 0x00, 0x00, 0x55, 0x00, 0x07, 0x00,
    0xf7, 0x00, 0x08, 0x00, 0x56, 0x00, 0x07, 0x00, 0xf8, 0x00, 0x08, 0x00, 0x57, 0x00, 0x07, 0x00,
    0x07, 0x00, 0x05, 0x00, 0x1a, 0x00, 0x06, 0x00, 0x58, 0x00, 0x07, 0x00, 0xf9, 0x00, 0x08, 0x00,
    0x59, 0x00, 0x07, 0x00, 0xfa, 0x00, 0x08, 0x00, 0x00, 0x00, 0x00, 0x00, 0x00, 0x00, 0x00, 0x00,
    0x00, 0x00, 0x00, 0x00, 0x00, 0x00, 0x00, 0x00, 0x00, 0x00, 0x00, 0x00, 0xfb, 0x00, 0x08, 0x00,
    0xfc, 0x00, 0x08, 0x00, 0x5a, 0x00, 0x07, 0x00, 0x1b, 0x00, 0x06, 0x00, 0x5b, 0x00, 0x07, 0x00,
    0x5c, 0x00, 0x07, 0x00, 0x5d, 0x00, 0x07, 0x00, 0x5e, 0x00, 0x07, 0x00, 0x5f, 0x00, 0x07, 0x00,
    0xfd, 0x00, 0x08, 0x00, 0xfe, 0x01, 0x09, 0x00, 0x00, 0x00, 0x00, 0x00, 0x00, 0x00, 0x00, 0x00,
    0x00, 0x00, 0x00, 0x00, 0x00, 0x00, 0x00, 0x00, 0x00, 0x00, 0x00, 0x00, 0xff, 0x01, 0x09, 0x00,
    0xfe, 0x00, 0x08, 0x00, 0x1c, 0x00, 0x06, 0x00, 0x08, 0x00, 0x05, 0x00, 0x1d, 0x00, 0x06, 0x00,
];

pub const G_A_SPEC_WL4_H: [u8; 1024] = [
    0x00, 0x00, 0x01, 0x00, 0x08, 0x00, 0x04, 0x00, 0x68, 0x00, 0x07, 0x00, 0xc6, 0x01, 0x09, 0x00,
    0xc8, 0x03, 0x0a, 0x00, 0xc7, 0x01, 0x09, 0x00, 0x00, 0x00, 0x00, 0x00, 0x00, 0x00, 0x00, 0x00,
    0x00, 0x00, 0x00, 0x00, 0x00, 0x00, 0x00, 0x00, 0x00, 0x00, 0x00, 0x00, 0xc8, 0x01, 0x09, 0x00,
    0xc9, 0x01, 0x09, 0x00, 0xca, 0x01, 0x09, 0x00, 0x69, 0x00, 0x07, 0x00, 0x09, 0x00, 0x04, 0x00,
    0x0a, 0x00, 0x04, 0x00, 0x30, 0x00, 0x06, 0x00, 0xda, 0x00, 0x08, 0x00, 0xcb, 0x01, 0x09, 0x00,
    0xc9, 0x03, 0x0a, 0x00, 0xca, 0x03, 0x0a, 0x00, 0x00, 0x00, 0x00, 0x00, 0x00, 0x00, 0x00, 0x00,
    0x00, 0x00, 0x00, 0x00, 0x00, 0x00, 0x00, 0x00, 0x00, 0x00, 0x00, 0x00, 0xcc, 0x01, 0x09, 0x00,
    0xcb, 0x03, 0x0a, 0x00, 0xcd, 0x01, 0x09, 0x00, 0xdb, 0x00, 0x08, 0x00, 0x31, 0x00, 0x06, 0x00,
    0x6a, 0x00, 0x07, 0x00, 0xdc, 0x00, 0x08, 0x00, 0xce, 0x01, 0x09, 0x00, 0xcc, 0x03, 0x0a, 0x00,
    0xcd, 0x03, 0x0a, 0x00, 0xce, 0x03, 0x0a, 0x00, 0x00, 0x00, 0x00, 0x00, 0x00, 0x00, 0x00, 0x00,
    0x00, 0x00, 0x00, 0x00, 0x00, 0x00, 0x00, 0x00, 0x00, 0x00, 0x00, 0x00, 0xcf, 0x03, 0x0a, 0x00,
    0xd0, 0x03, 0x0a, 0x00, 0xcf, 0x01, 0x09, 0x00, 0xdd, 0x00, 0x08, 0x00, 0x6b, 0x00, 0x07, 0x00,
    0xd0, 0x01, 0x09, 0x00, 0xd1, 0x01, 0x09, 0x00, 0xd1, 0x03, 0x0a, 0x00, 0xd2, 0x03, 0x0a, 0x00,
    0xea, 0x07, 0x0b, 0x00, 0xeb, 0x07, 0x0b, 0x00, 0x00, 0x00, 0x00, 0x00, 0x00, 0x00, 0x00, 0x00,
    0x00, 0x00, 0x00, 0x00, 0x00, 0x00, 0x00, 0x00, 0x00, 0x00, 0x00, 0x00, 0xd3, 0x03, 0x0a, 0x00,
    0xd4, 0x03, 0x0a, 0x00, 0xd5, 0x03, 0x0a, 0x00, 0xd2, 0x01, 0x09, 0x00, 0xd3, 0x01, 0x09, 0x00,
    0xd6, 0x03, 0x0a, 0x00, 0xd7, 0x03, 0x0a, 0x00, 0xd8, 0x03, 0x0a, 0x00, 0xec, 0x07, 0x0b, 0x00,
    0xfe, 0x0f, 0x0c, 0x00, 0xed, 0x07, 0x0b, 0x00, 0x00, 0x00, 0x00, 0x00, 0x00, 0x00, 0x00, 0x00,
    0x00, 0x00, 0x00, 0x00, 0x00, 0x00, 0x00, 0x00, 0x00, 0x00, 0x00, 0x00, 0xee, 0x07, 0x0b, 0x00,
    0xef, 0x07, 0x0b, 0x00, 0xd9, 0x03, 0x0a, 0x00, 0xda, 0x03, 0x0a, 0x00, 0xd4, 0x01, 0x09, 0x00,
    0xd5, 0x01, 0x09, 0x00, 0xdb, 0x03, 0x0a, 0x00, 0xdc, 0x03, 0x0a, 0x00, 0xf0, 0x07, 0x0b, 0x00,
    0xf1, 0x07, 0x0b, 0x00, 0xf2, 0x07, 0x0b, 0x00, 0x00, 0x00, 0x00, 0x00, 0x00, 0x00, 0x00, 0x00,
    0x00, 0x00, 0x00, 0x00, 0x00, 0x00, 0x00, 0x00, 0x00, 0x00, 0x00, 0x00, 0xf3, 0x07, 0x0b, 0x00,
    0xdd, 0x03, 0x0a, 0x00, 0xde, 0x03, 0x0a, 0x00, 0xd6, 0x01, 0x09, 0x00, 0xd7, 0x01, 0x09, 0x00,
    0x00, 0x00, 0x00, 0x00, 0x00, 0x00, 0x00, 0x00, 0x00, 0x00, 0x00, 0x00, 0x00, 0x00, 0x00, 0x00,
    0x00, 0x00, 0x00, 0x00, 0x00, 0x00, 0x00, 0x00, 0x00, 0x00, 0x00, 0x00, 0x00, 0x00, 0x00, 0x00,
    0x00, 0x00, 0x00, 0x00, 0x00, 0x00, 0x00, 0x00, 0x00, 0x00, 0x00, 0x00, 0x00, 0x00, 0x00, 0x00,
    0x00, 0x00, 0x00, 0x00, 0x00, 0x00, 0x00, 0x00, 0x00, 0x00, 0x00, 0x00, 0x00, 0x00, 0x00, 0x00,
    0x00, 0x00, 0x00, 0x00, 0x00, 0x00, 0x00, 0x00, 0x00, 0x00, 0x00, 0x00, 0x00, 0x00, 0x00, 0x00,
    0x00, 0x00, 0x00, 0x00, 0x00, 0x00, 0x00, 0x00, 0x00, 0x00, 0x00, 0x00, 0x00, 0x00, 0x00, 0x00,
    0x00, 0x00, 0x00, 0x00, 0x00, 0x00, 0x00, 0x00, 0x00, 0x00, 0x00, 0x00, 0x00, 0x00, 0x00, 0x00,
    0x00, 0x00, 0x00, 0x00, 0x00, 0x00, 0x00, 0x00, 0x00, 0x00, 0x00, 0x00, 0x00, 0x00, 0x00, 0x00,
    0x00, 0x00, 0x00, 0x00, 0x00, 0x00, 0x00, 0x00, 0x00, 0x00, 0x00, 0x00, 0x00, 0x00, 0x00, 0x00,
    0x00, 0x00, 0x00, 0x00, 0x00, 0x00, 0x00, 0x00, 0x00, 0x00, 0x00, 0x00, 0x00, 0x00, 0x00, 0x00,
    0x00, 0x00, 0x00, 0x00, 0x00, 0x00, 0x00, 0x00, 0x00, 0x00, 0x00, 0x00, 0x00, 0x00, 0x00, 0x00,
    0x00, 0x00, 0x00, 0x00, 0x00, 0x00, 0x00, 0x00, 0x00, 0x00, 0x00, 0x00, 0x00, 0x00, 0x00, 0x00,
    0x00, 0x00, 0x00, 0x00, 0x00, 0x00, 0x00, 0x00, 0x00, 0x00, 0x00, 0x00, 0x00, 0x00, 0x00, 0x00,
    0x00, 0x00, 0x00, 0x00, 0x00, 0x00, 0x00, 0x00, 0x00, 0x00, 0x00, 0x00, 0x00, 0x00, 0x00, 0x00,
    0x00, 0x00, 0x00, 0x00, 0x00, 0x00, 0x00, 0x00, 0x00, 0x00, 0x00, 0x00, 0x00, 0x00, 0x00, 0x00,
    0x00, 0x00, 0x00, 0x00, 0x00, 0x00, 0x00, 0x00, 0x00, 0x00, 0x00, 0x00, 0x00, 0x00, 0x00, 0x00,
    0x00, 0x00, 0x00, 0x00, 0x00, 0x00, 0x00, 0x00, 0x00, 0x00, 0x00, 0x00, 0x00, 0x00, 0x00, 0x00,
    0x00, 0x00, 0x00, 0x00, 0x00, 0x00, 0x00, 0x00, 0x00, 0x00, 0x00, 0x00, 0x00, 0x00, 0x00, 0x00,
    0x00, 0x00, 0x00, 0x00, 0x00, 0x00, 0x00, 0x00, 0x00, 0x00, 0x00, 0x00, 0x00, 0x00, 0x00, 0x00,
    0x00, 0x00, 0x00, 0x00, 0x00, 0x00, 0x00, 0x00, 0x00, 0x00, 0x00, 0x00, 0x00, 0x00, 0x00, 0x00,
    0xd8, 0x01, 0x09, 0x00, 0xd9, 0x01, 0x09, 0x00, 0xdf, 0x03, 0x0a, 0x00, 0xe0, 0x03, 0x0a, 0x00,
    0xf4, 0x07, 0x0b, 0x00, 0xf5, 0x07, 0x0b, 0x00, 0x00, 0x00, 0x00, 0x00, 0x00, 0x00, 0x00, 0x00,
    0x00, 0x00, 0x00, 0x00, 0x00, 0x00, 0x00, 0x00, 0x00, 0x00, 0x00, 0x00, 0xff, 0x0f, 0x0c, 0x00,
    0xf6, 0x07, 0x0b, 0x00, 0xf7, 0x07, 0x0b, 0x00, 0xe1, 0x03, 0x0a, 0x00, 0xe2, 0x03, 0x0a, 0x00,
    0xda, 0x01, 0x09, 0x00, 0xe3, 0x03, 0x0a, 0x00, 0xe4, 0x03, 0x0a, 0x00, 0xe5, 0x03, 0x0a, 0x00,
    0xf8, 0x07, 0x0b, 0x00, 0xe6, 0x03, 0x0a, 0x00, 0x00, 0x00, 0x00, 0x00, 0x00, 0x00, 0x00, 0x00,
    0x00, 0x00, 0x00, 0x00, 0x00, 0x00, 0x00, 0x00, 0x00, 0x00, 0x00, 0x00, 0xf9, 0x07, 0x0b, 0x00,
    0xfa, 0x07, 0x0b, 0x00, 0xfb, 0x07, 0x0b, 0x00, 0xe7, 0x03, 0x0a, 0x00, 0xe8, 0x03, 0x0a, 0x00,
    0xdb, 0x01, 0x09, 0x00, 0xdc, 0x01, 0x09, 0x00, 0xdd, 0x01, 0x09, 0x00, 0xe9, 0x03, 0x0a, 0x00,
    0xfc, 0x07, 0x0b, 0x00, 0xea, 0x03, 0x0a, 0x00, 0x00, 0x00, 0x00, 0x00, 0x00, 0x00, 0x00, 0x00,
    0x00, 0x00, 0x00, 0x00, 0x00, 0x00, 0x00, 0x00, 0x00, 0x00, 0x00, 0x00, 0xfd, 0x07, 0x0b, 0x00,
    0xfe, 0x07, 0x0b, 0x00, 0xeb, 0x03, 0x0a, 0x00, 0xec, 0x03, 0x0a, 0x00, 0xde, 0x01, 0x09, 0x00,
    0x6c, 0x00, 0x07, 0x00, 0xde, 0x00, 0x08, 0x00, 0xdf, 0x00, 0x08, 0x00, 0xdf, 0x01, 0x09, 0x00,
    0xed, 0x03, 0x0a, 0x00, 0xee, 0x03, 0x0a, 0x00, 0x00, 0x00, 0x00, 0x00, 0x00, 0x00, 0x00, 0x00,
    0x00, 0x00, 0x00, 0x00, 0x00, 0x00, 0x00, 0x00, 0x00, 0x00, 0x00, 0x00, 0xef, 0x03, 0x0a, 0x00,
    0xf0, 0x03, 0x0a, 0x00, 0xf1, 0x03, 0x0a, 0x00, 0xe0, 0x01, 0x09, 0x00, 0xe0, 0x00, 0x08, 0x00,
    0x0b, 0x00, 0x04, 0x00, 0x32, 0x00, 0x06, 0x00, 0xe1, 0x00, 0x08, 0x00, 0xe1, 0x01, 0x09, 0x00,
    0xf2, 0x03, 0x0a, 0x00, 0xe2, 0x01, 0x09, 0x00, 0x00, 0x00, 0x00, 0x00, 0x00, 0x00, 0x00, 0x00,
    0x00, 0x00, 0x00, 0x00, 0x00, 0x00, 0x00, 0x00, 0x00, 0x00, 0x00, 0x00, 0xf3, 0x03, 0x0a, 0x00,
    0xf4, 0x03, 0x0a, 0x00, 0xe3, 0x01, 0x09, 0x00, 0xe2, 0x00, 0x08, 0x00, 0x33, 0x00, 0x06, 0x00,
];

pub const G_A_SPEC_WL4_I: [u8; 1024] = [
    0x00, 0x00, 0x02, 0x00, 0x04, 0x00, 0x04, 0x00, 0x28, 0x00, 0x06, 0x00, 0xc6, 0x00, 0x08, 0x00,
    0xc8, 0x01, 0x09, 0x00, 0xc7, 0x00, 0x08, 0x00, 0x00, 0x00, 0x00, 0x00, 0x00, 0x00, 0x00, 0x00,
    0x00, 0x00, 0x00, 0x00, 0x00, 0x00, 0x00, 0x00, 0x00, 0x00, 0x00, 0x00, 0xc8, 0x00, 0x08, 0x00,
    0xc9, 0x00, 0x08, 0x00, 0xca, 0x00, 0x08, 0x00, 0x29, 0x00, 0x06, 0x00, 0x05, 0x00, 0x04, 0x00,
    0x06, 0x00, 0x04, 0x00, 0x10, 0x00, 0x05, 0x00, 0x5a, 0x00, 0x07, 0x00, 0xcb, 0x00, 0x08, 0x00,
    0xc9, 0x01, 0x09, 0x00, 0xca, 0x01, 0x09, 0x00, 0x00, 0x00, 0x00, 0x00, 0x00, 0x00, 0x00, 0x00,
    0x00, 0x00, 0x00, 0x00, 0x00, 0x00, 0x00, 0x00, 0x00, 0x00, 0x00, 0x00, 0xcc, 0x00, 0x08, 0x00,
    0xcb, 0x01, 0x09, 0x00, 0xcd, 0x00, 0x08, 0x00, 0x5b, 0x00, 0x07, 0x00, 0x11, 0x00, 0x05, 0x00,
    0x2a, 0x00, 0x06, 0x00, 0x5c, 0x00, 0x07, 0x00, 0xce, 0x00, 0x08, 0x00, 0xcc, 0x01, 0x09, 0x00,
    0xcd, 0x01, 0x09, 0x00, 0xce, 0x01, 0x09, 0x00, 0x00, 0x00, 0x00, 0x00, 0x00, 0x00, 0x00, 0x00,
    0x00, 0x00, 0x00, 0x00, 0x00, 0x00, 0x00, 0x00, 0x00, 0x00, 0x00, 0x00, 0xcf, 0x01, 0x09, 0x00,
    0xd0, 0x01, 0x09, 0x00, 0xcf, 0x00, 0x08, 0x00, 0x5d, 0x00, 0x07, 0x00, 0x2b, 0x00, 0x06, 0x00,
    0xd0, 0x00, 0x08, 0x00, 0xd1, 0x00, 0x08, 0x00, 0xd1, 0x01, 0x09, 0x00, 0xd2, 0x01, 0x09, 0x00,
    0xea, 0x03, 0x0a, 0x00, 0xeb, 0x03, 0x0a, 0x00, 0x00, 0x00, 0x00, 0x00, 0x00, 0x00, 0x00, 0x00,
    0x00, 0x00, 0x00, 0x00, 0x00, 0x00, 0x00, 0x00, 0x00, 0x00, 0x00, 0x00, 0xd3, 0x01, 0x09, 0x00,
    0xd4, 0x01, 0x09, 0x00, 0xd5, 0x01, 0x09, 0x00, 0xd2, 0x00, 0x08, 0x00, 0xd3, 0x00, 0x08, 0x00,
    0xd6, 0x01, 0x09, 0x00, 0xd7, 0x01, 0x09, 0x00, 0xd8, 0x01, 0x09, 0x00, 0xec, 0x03, 0x0a, 0x00,
    0xfe, 0x07, 0x0b, 0x00, 0xed, 0x03, 0x0a, 0x00, 0x00, 0x00, 0x00, 0x00, 0x00, 0x00, 0x00, 0x00,
    0x00, 0x00, 0x00, 0x00, 0x00, 0x00, 0x00, 0x00, 0x00, 0x00, 0x00, 0x00, 0xee, 0x03, 0x0a, 0x00,
    0xef, 0x03, 0x0a, 0x00, 0xd9, 0x01, 0x09, 0x00, 0xda, 0x01, 0x09, 0x00, 0xd4, 0x00, 0x08, 0x00,
    0xd5, 0x00, 0x08, 0x00, 0xdb, 0x01, 0x09, 0x00, 0xdc, 0x01, 0x09, 0x00, 0xf0, 0x03, 0x0a, 0x00,
    0xf1, 0x03, 0x0a, 0x00, 0xf2, 0x03, 0x0a, 0x00, 0x00, 0x00, 0x00, 0x00, 0x00, 0x00, 0x00, 0x00,
    0x00, 0x00, 0x00, 0x00, 0x00, 0x00, 0x00, 0x00, 0x00, 0x00, 0x00, 0x00, 0xf3, 0x03, 0x0a, 0x00,
    0xdd, 0x01, 0x09, 0x00, 0xde, 0x01, 0x09, 0x00, 0xd6, 0x00, 0x08, 0x00, 0xd7, 0x00, 0x08, 0x00,
    0x00, 0x00, 0x00, 0x00, 0x00, 0x00, 0x00, 0x00, 0x00, 0x00, 0x00, 0x00, 0x00, 0x00, 0x00, 0x00,
    0x00, 0x00, 0x00, 0x00, 0x00, 0x00, 0x00, 0x00, 0x00, 0x00, 0x00, 0x00, 0x00, 0x00, 0x00, 0x00,
    0x00, 0x00, 0x00, 0x00, 0x00, 0x00, 0x00, 0x00, 0x00, 0x00, 0x00, 0x00, 0x00, 0x00, 0x00, 0x00,
    0x00, 0x00, 0x00, 0x00, 0x00, 0x00, 0x00, 0x00, 0x00, 0x00, 0x00, 0x00, 0x00, 0x00, 0x00, 0x00,
    0x00, 0x00, 0x00, 0x00, 0x00, 0x00, 0x00, 0x00, 0x00, 0x00, 0x00, 0x00, 0x00, 0x00, 0x00, 0x00,
    0x00, 0x00, 0x00, 0x00, 0x00, 0x00, 0x00, 0x00, 0x00, 0x00, 0x00, 0x00, 0x00, 0x00, 0x00, 0x00,
    0x00, 0x00, 0x00, 0x00, 0x00, 0x00, 0x00, 0x00, 0x00, 0x00, 0x00, 0x00, 0x00, 0x00, 0x00, 0x00,
    0x00, 0x00, 0x00, 0x00, 0x00, 0x00, 0x00, 0x00, 0x00, 0x00, 0x00, 0x00, 0x00, 0x00, 0x00, 0x00,
    0x00, 0x00, 0x00, 0x00, 0x00, 0x00, 0x00, 0x00, 0x00, 0x00, 0x00, 0x00, 0x00, 0x00, 0x00, 0x00,
    0x00, 0x00, 0x00, 0x00, 0x00, 0x00, 0x00, 0x00, 0x00, 0x00, 0x00, 0x00, 0x00, 0x00, 0x00, 0x00,
    0x00, 0x00, 0x00, 0x00, 0x00, 0x00, 0x00, 0x00, 0x00, 0x00, 0x00, 0x00, 0x00, 0x00, 0x00, 0x00,
    0x00, 0x00, 0x00, 0x00, 0x00, 0x00, 0x00, 0x00, 0x00, 0x00, 0x00, 0x00, 0x00, 0x00, 0x00, 0x00,
    0x00, 0x00, 0x00, 0x00, 0x00, 0x00, 0x00, 0x00, 0x00, 0x00, 0x00, 0x00, 0x00, 0x00, 0x00, 0x00,
    0x00, 0x00, 0x00, 0x00, 0x00, 0x00, 0x00, 0x00, 0x00, 0x00, 0x00, 0x00, 0x00, 0x00, 0x00, 0x00,
    0x00, 0x00, 0x00, 0x00, 0x00, 0x00, 0x00, 0x00, 0x00, 0x00, 0x00, 0x00, 0x00, 0x00, 0x00, 0x00,
    0x00, 0x00, 0x00, 0x00, 0x00, 0x00, 0x00, 0x00, 0x00, 0x00, 0x00, 0x00, 0x00, 0x00, 0x00, 0x00,
    0x00, 0x00, 0x00, 0x00, 0x00, 0x00, 0x00, 0x00, 0x00, 0x00, 0x00, 0x00, 0x00, 0x00, 0x00, 0x00,
    0x00, 0x00, 0x00, 0x00, 0x00, 0x00, 0x00, 0x00, 0x00, 0x00, 0x00, 0x00, 0x00, 0x00, 0x00, 0x00,
    0x00, 0x00, 0x00, 0x00, 0x00, 0x00, 0x00, 0x00, 0x00, 0x00, 0x00, 0x00, 0x00, 0x00, 0x00, 0x00,
    0x00, 0x00, 0x00, 0x00, 0x00, 0x00, 0x00, 0x00, 0x00, 0x00, 0x00, 0x00, 0x00, 0x00, 0x00, 0x00,
    0xd8, 0x00, 0x08, 0x00, 0xd9, 0x00, 0x08, 0x00, 0xdf, 0x01, 0x09, 0x00, 0xe0, 0x01, 0x09, 0x00,
    0xf4, 0x03, 0x0a, 0x00, 0xf5, 0x03, 0x0a, 0x00, 0x00, 0x00, 0x00, 0x00, 0x00, 0x00, 0x00, 0x00,
    0x00, 0x00, 0x00, 0x00, 0x00, 0x00, 0x00, 0x00, 0x00, 0x00, 0x00, 0x00, 0xff, 0x07, 0x0b, 0x00,
    0xf6, 0x03, 0x0a, 0x00, 0xf7, 0x03, 0x0a, 0x00, 0xe1, 0x01, 0x09, 0x00, 0xe2, 0x01, 0x09, 0x00,
    0xda, 0x00, 0x08, 0x00, 0xe3, 0x01, 0x09, 0x00, 0xe4, 0x01, 0x09, 0x00, 0xe5, 0x01, 0x09, 0x00,
    0xf8, 0x03, 0x0a, 0x00, 0xe6, 0x01, 0x09, 0x00, 0x00, 0x00, 0x00, 0x00, 0x00, 0x00, 0x00, 0x00,
    0x00, 0x00, 0x00, 0x00, 0x00, 0x00, 0x00, 0x00, 0x00, 0x00, 0x00, 0x00, 0xf9, 0x03, 0x0a, 0x00,
    0xfa, 0x03, 0x0a, 0x00, 0xfb, 0x03, 0x0a, 0x00, 0xe7, 0x01, 0x09, 0x00, 0xe8, 0x01, 0x09, 0x00,
    0xdb, 0x00, 0x08, 0x00, 0xdc, 0x00, 0x08, 0x00, 0xdd, 0x00, 0x08, 0x00, 0xe9, 0x01, 0x09, 0x00,
    0xfc, 0x03, 0x0a, 0x00, 0xea, 0x01, 0x09, 0x00, 0x00, 0x00, 0x00, 0x00, 0x00, 0x00, 0x00, 0x00,
    0x00, 0x00, 0x00, 0x00, 0x00, 0x00, 0x00, 0x00, 0x00, 0x00, 0x00, 0x00, 0xfd, 0x03, 0x0a, 0x00,
    0xfe, 0x03, 0x0a, 0x00, 0xeb, 0x01, 0x09, 0x00, 0xec, 0x01, 0x09, 0x00, 0xde, 0x00, 0x08, 0x00,
    0x2c, 0x00, 0x06, 0x00, 0x5e, 0x00, 0x07, 0x00, 0x5f, 0x00, 0x07, 0x00, 0xdf, 0x00, 0x08, 0x00,
    0xed, 0x01, 0x09, 0x00, 0xee, 0x01, 0x09, 0x00, 0x00, 0x00, 0x00, 0x00, 0x00, 0x00, 0x00, 0x00,
    0x00, 0x00, 0x00, 0x00, 0x00, 0x00, 0x00, 0x00, 0x00, 0x00, 0x00, 0x00, 0xef, 0x01, 0x09, 0x00,
    0xf0, 0x01, 0x09, 0x00, 0xf1, 0x01, 0x09, 0x00, 0xe0, 0x00, 0x08, 0x00, 0x60, 0x00, 0x07, 0x00,
    0x07, 0x00, 0x04, 0x00, 0x12, 0x00, 0x05, 0x00, 0x61, 0x00, 0x07, 0x00, 0xe1, 0x00, 0x08, 0x00,
    0xf2, 0x01, 0x09, 0x00, 0xe2, 0x00, 0x08, 0x00, 0x00, 0x00, 0x00, 0x00, 0x00, 0x00, 0x00, 0x00,
    0x00, 0x00, 0x00, 0x00, 0x00, 0x00, 0x00, 0x00, 0x00, 0x00, 0x00, 0x00, 0xf3, 0x01, 0x09, 0x00,
    0xf4, 0x01, 0x09, 0x00, 0xe3, 0x00, 0x08, 0x00, 0x62, 0x00, 0x07, 0x00, 0x13, 0x00, 0x05, 0x00,
];

pub const G_A_SPEC_WL4_J: [u8; 1024] = [
    0x00, 0x00, 0x01, 0x00, 0x08, 0x00, 0x04, 0x00, 0x66, 0x00, 0x07, 0x00, 0xd6, 0x00, 0x08, 0x00,
    0xcc, 0x01, 0x09, 0x00, 0xd7, 0x00, 0x08, 0x00, 0x00, 0x00, 0x00, 0x00, 0x00, 0x00, 0x00, 0x00,
    0x00, 0x00, 0x00, 0x00, 0x00, 0x00, 0x00, 0x00, 0x00, 0x00, 0x00, 0x00, 0xd8, 0x00, 0x08, 0x00,
    0xcd, 0x01, 0x09, 0x00, 0xd9, 0x00, 0x08, 0x00, 0x67, 0x00, 0x07, 0x00, 0x09, 0x00, 0x04, 0x00,
    0x0a, 0x00, 0x04, 0x00, 0x68, 0x00, 0x07, 0x00, 0xda, 0x00, 0x08, 0x00, 0xce, 0x01, 0x09, 0x00,
    0xd0, 0x03, 0x0a, 0x00, 0xcf, 0x01, 0x09, 0x00, 0x00, 0x00, 0x00, 0x00, 0x00, 0x00, 0x00, 0x00,
    0x00, 0x00, 0x00, 0x00, 0x00, 0x00, 0x00, 0x00, 0x00, 0x00, 0x00, 0x00, 0xd0, 0x01, 0x09, 0x00,
    0xd1, 0x01, 0x09, 0x00, 0xd2, 0x01, 0x09, 0x00, 0xdb, 0x00, 0x08, 0x00, 0x30, 0x00, 0x06, 0x00,
    0x69, 0x00, 0x07, 0x00, 0xdc, 0x00, 0x08, 0x00, 0xd3, 0x01, 0x09, 0x00, 0xd1, 0x03, 0x0a, 0x00,
    0xd2, 0x03, 0x0a, 0x00, 0xd4, 0x01, 0x09, 0x00, 0x00, 0x00, 0x00, 0x00, 0x00, 0x00, 0x00, 0x00,
    0x00, 0x00, 0x00, 0x00, 0x00, 0x00, 0x00, 0x00, 0x00, 0x00, 0x00, 0x00, 0xd3, 0x03, 0x0a, 0x00,
    0xe4, 0x07, 0x0b, 0x00, 0xd4, 0x03, 0x0a, 0x00, 0xd5, 0x01, 0x09, 0x00, 0xdd, 0x00, 0x08, 0x00,
    0xde, 0x00, 0x08, 0x00, 0xd6, 0x01, 0x09, 0x00, 0xd5, 0x03, 0x0a, 0x00, 0xe5, 0x07, 0x0b, 0x00,
    0xe6, 0x07, 0x0b, 0x00, 0xd6, 0x03, 0x0a, 0x00, 0x00, 0x00, 0x00, 0x00, 0x00, 0x00, 0x00, 0x00,
    0x00, 0x00, 0x00, 0x00, 0x00, 0x00, 0x00, 0x00, 0x00, 0x00, 0x00, 0x00, 0xd7, 0x03, 0x0a, 0x00,
    0xe7, 0x07, 0x0b, 0x00, 0xe8, 0x07, 0x0b, 0x00, 0xd8, 0x03, 0x0a, 0x00, 0xd7, 0x01, 0x09, 0x00,
    0xd8, 0x01, 0x09, 0x00, 0xd9, 0x03, 0x0a, 0x00, 0xda, 0x03, 0x0a, 0x00, 0xe9, 0x07, 0x0b, 0x00,
    0xea, 0x07, 0x0b, 0x00, 0xeb, 0x07, 0x0b, 0x00, 0x00, 0x00, 0x00, 0x00, 0x00, 0x00, 0x00, 0x00,
    0x00, 0x00, 0x00, 0x00, 0x00, 0x00, 0x00, 0x00, 0x00, 0x00, 0x00, 0x00, 0xec, 0x07, 0x0b, 0x00,
    0xfc, 0x0f, 0x0c, 0x00, 0xed, 0x07, 0x0b, 0x00, 0xdb, 0x03, 0x0a, 0x00, 0xdc, 0x03, 0x0a, 0x00,
    0xdf, 0x00, 0x08, 0x00, 0xd9, 0x01, 0x09, 0x00, 0xdd, 0x03, 0x0a, 0x00, 0xde, 0x03, 0x0a, 0x00,
    0xee, 0x07, 0x0b, 0x00, 0xef, 0x07, 0x0b, 0x00, 0x00, 0x00, 0x00, 0x00, 0x00, 0x00, 0x00, 0x00,
    0x00, 0x00, 0x00, 0x00, 0x00, 0x00, 0x00, 0x00, 0x00, 0x00, 0x00, 0x00, 0xfd, 0x0f, 0x0c, 0x00,
    0xf0, 0x07, 0x0b, 0x00, 0xdf, 0x03, 0x0a, 0x00, 0xe0, 0x03, 0x0a, 0x00, 0xda, 0x01, 0x09, 0x00,
    0x00, 0x00, 0x00, 0x00, 0x00, 0x00, 0x00, 0x00, 0x00, 0x00, 0x00, 0x00, 0x00, 0x00, 0x00, 0x00,
    0x00, 0x00, 0x00, 0x00, 0x00, 0x00, 0x00, 0x00, 0x00, 0x00, 0x00, 0x00, 0x00, 0x00, 0x00, 0x00,
    0x00, 0x00, 0x00, 0x00, 0x00, 0x00, 0x00, 0x00, 0x00, 0x00, 0x00, 0x00, 0x00, 0x00, 0x00, 0x00,
    0x00, 0x00, 0x00, 0x00, 0x00, 0x00, 0x00, 0x00, 0x00, 0x00, 0x00, 0x00, 0x00, 0x00, 0x00, 0x00,
    0x00, 0x00, 0x00, 0x00, 0x00, 0x00, 0x00, 0x00, 0x00, 0x00, 0x00, 0x00, 0x00, 0x00, 0x00, 0x00,
    0x00, 0x00, 0x00, 0x00, 0x00, 0x00, 0x00, 0x00, 0x00, 0x00, 0x00, 0x00, 0x00, 0x00, 0x00, 0x00,
    0x00, 0x00, 0x00, 0x00, 0x00, 0x00, 0x00, 0x00, 0x00, 0x00, 0x00, 0x00, 0x00, 0x00, 0x00, 0x00,
    0x00, 0x00, 0x00, 0x00, 0x00, 0x00, 0x00, 0x00, 0x00, 0x00, 0x00, 0x00, 0x00, 0x00, 0x00, 0x00,
    0x00, 0x00, 0x00, 0x00, 0x00, 0x00, 0x00, 0x00, 0x00, 0x00, 0x00, 0x00, 0x00, 0x00, 0x00, 0x00,
    0x00, 0x00, 0x00, 0x00, 0x00, 0x00, 0x00, 0x00, 0x00, 0x00, 0x00, 0x00, 0x00, 0x00, 0x00, 0x00,
    0x00, 0x00, 0x00, 0x00, 0x00, 0x00, 0x00, 0x00, 0x00, 0x00, 0x00, 0x00, 0x00, 0x00, 0x00, 0x00,
    0x00, 0x00, 0x00, 0x00, 0x00, 0x00, 0x00, 0x00, 0x00, 0x00, 0x00, 0x00, 0x00, 0x00, 0x00, 0x00,
    0x00, 0x00, 0x00, 0x00, 0x00, 0x00, 0x00, 0x00, 0x00, 0x00, 0x00, 0x00, 0x00, 0x00, 0x00, 0x00,
    0x00, 0x00, 0x00, 0x00, 0x00, 0x00, 0x00, 0x00, 0x00, 0x00, 0x00, 0x00, 0x00, 0x00, 0x00, 0x00,
    0x00, 0x00, 0x00, 0x00, 0x00, 0x00, 0x00, 0x00, 0x00, 0x00, 0x00, 0x00, 0x00, 0x00, 0x00, 0x00,
    0x00, 0x00, 0x00, 0x00, 0x00, 0x00, 0x00, 0x00, 0x00, 0x00, 0x00, 0x00, 0x00, 0x00, 0x00, 0x00,
    0x00, 0x00, 0x00, 0x00, 0x00, 0x00, 0x00, 0x00, 0x00, 0x00, 0x00, 0x00, 0x00, 0x00, 0x00, 0x00,
    0x00, 0x00, 0x00, 0x00, 0x00, 0x00, 0x00, 0x00, 0x00, 0x00, 0x00, 0x00, 0x00, 0x00, 0x00, 0x00,
    0x00, 0x00, 0x00, 0x00, 0x00, 0x00, 0x00, 0x00, 0x00, 0x00, 0x00, 0x00, 0x00, 0x00, 0x00, 0x00,
    0x00, 0x00, 0x00, 0x00, 0x00, 0x00, 0x00, 0x00, 0x00, 0x00, 0x00, 0x00, 0x00, 0x00, 0x00, 0x00,
    0xe0, 0x00, 0x08, 0x00, 0xdb, 0x01, 0x09, 0x00, 0xe1, 0x03, 0x0a, 0x00, 0xe2, 0x03, 0x0a, 0x00,
    0xf1, 0x07, 0x0b, 0x00, 0xfe, 0x0f, 0x0c, 0x00, 0x00, 0x00, 0x00, 0x00, 0x00, 0x00, 0x00, 0x00,
    0x00, 0x00, 0x00, 0x00, 0x00, 0x00, 0x00, 0x00, 0x00, 0x00, 0x00, 0x00, 0xff, 0x0f, 0x0c, 0x00,
    0xf2, 0x07, 0x0b, 0x00, 0xe3, 0x03, 0x0a, 0x00, 0xdc, 0x01, 0x09, 0x00, 0xdd, 0x01, 0x09, 0x00,
    0xde, 0x01, 0x09, 0x00, 0xe4, 0x03, 0x0a, 0x00, 0xe5, 0x03, 0x0a, 0x00, 0xf3, 0x07, 0x0b, 0x00,
    0xf4, 0x07, 0x0b, 0x00, 0xf5, 0x07, 0x0b, 0x00, 0x00, 0x00, 0x00, 0x00, 0x00, 0x00, 0x00, 0x00,
    0x00, 0x00, 0x00, 0x00, 0x00, 0x00, 0x00, 0x00, 0x00, 0x00, 0x00, 0x00, 0xe6, 0x03, 0x0a, 0x00,
    0xf6, 0x07, 0x0b, 0x00, 0xf7, 0x07, 0x0b, 0x00, 0xe7, 0x03, 0x0a, 0x00, 0xe8, 0x03, 0x0a, 0x00,
    0xe1, 0x00, 0x08, 0x00, 0xdf, 0x01, 0x09, 0x00, 0xe9, 0x03, 0x0a, 0x00, 0xf8, 0x07, 0x0b, 0x00,
    0xf9, 0x07, 0x0b, 0x00, 0xfa, 0x07, 0x0b, 0x00, 0x00, 0x00, 0x00, 0x00, 0x00, 0x00, 0x00, 0x00,
    0x00, 0x00, 0x00, 0x00, 0x00, 0x00, 0x00, 0x00, 0x00, 0x00, 0x00, 0x00, 0xea, 0x03, 0x0a, 0x00,
    0xfb, 0x07, 0x0b, 0x00, 0xfc, 0x07, 0x0b, 0x00, 0xeb, 0x03, 0x0a, 0x00, 0xe0, 0x01, 0x09, 0x00,
    0x6a, 0x00, 0x07, 0x00, 0xe2, 0x00, 0x08, 0x00, 0xe1, 0x01, 0x09, 0x00, 0xec, 0x03, 0x0a, 0x00,
    0xed, 0x03, 0x0a, 0x00, 0xe2, 0x01, 0x09, 0x00, 0x00, 0x00, 0x00, 0x00, 0x00, 0x00, 0x00, 0x00,
    0x00, 0x00, 0x00, 0x00, 0x00, 0x00, 0x00, 0x00, 0x00, 0x00, 0x00, 0x00, 0xee, 0x03, 0x0a, 0x00,
    0xfd, 0x07, 0x0b, 0x00, 0xef, 0x03, 0x0a, 0x00, 0xe3, 0x01, 0x09, 0x00, 0xe3, 0x00, 0x08, 0x00,
    0x0b, 0x00, 0x04, 0x00, 0x31, 0x00, 0x06, 0x00, 0xe4, 0x00, 0x08, 0x00, 0xe4, 0x01, 0x09, 0x00,
    0xf0, 0x03, 0x0a, 0x00, 0xe5, 0x01, 0x09, 0x00, 0x00, 0x00, 0x00, 0x00, 0x00, 0x00, 0x00, 0x00,
    0x00, 0x00, 0x00, 0x00, 0x00, 0x00, 0x00, 0x00, 0x00, 0x00, 0x00, 0x00, 0xe6, 0x01, 0x09, 0x00,
    0xf1, 0x03, 0x0a, 0x00, 0xe7, 0x01, 0x09, 0x00, 0xe5, 0x00, 0x08, 0x00, 0x32, 0x00, 0x06, 0x00,
];

pub const G_A_SPEC_WL4_K: [u8; 24] = [
    0x02, 0x00, 0x02, 0x00, 0x00, 0x00, 0x01, 0x00, 0x06, 0x00, 0x03, 0x00, 0x1e, 0x00, 0x05, 0x00,
    0x1f, 0x00, 0x05, 0x00, 0x0e, 0x00, 0x04, 0x00,
];

pub const G_A_SPEC_WL4_L: [u8; 64] = [
    0x00, 0x00, 0x01, 0x00, 0x04, 0x00, 0x03, 0x00, 0x0c, 0x00, 0x04, 0x00, 0x3c, 0x00, 0x06, 0x00,
    0x3d, 0x00, 0x06, 0x00, 0x1c, 0x00, 0x05, 0x00, 0x00, 0x00, 0x00, 0x00, 0x00, 0x00, 0x00, 0x00,
    0x00, 0x00, 0x00, 0x00, 0x00, 0x00, 0x00, 0x00, 0x00, 0x00, 0x00, 0x00, 0x3e, 0x00, 0x06, 0x00,
    0x3f, 0x00, 0x06, 0x00, 0x1d, 0x00, 0x05, 0x00, 0x0d, 0x00, 0x04, 0x00, 0x05, 0x00, 0x03, 0x00,
];

pub const G_A_SPEC_WL5_A: [u8; 1024] = [
    0x00, 0x00, 0x03, 0x00, 0x02, 0x00, 0x04, 0x00, 0x1e, 0x00, 0x06, 0x00, 0x4c, 0x00, 0x07, 0x00,
    0xb0, 0x00, 0x08, 0x00, 0x8e, 0x01, 0x09, 0x00, 0x8f, 0x01, 0x09, 0x00, 0x90, 0x01, 0x09, 0x00,
    0x00, 0x00, 0x00, 0x00, 0x91, 0x01, 0x09, 0x00, 0x92, 0x01, 0x09, 0x00, 0x93, 0x01, 0x09, 0x00,
    0xb1, 0x00, 0x08, 0x00, 0x4d, 0x00, 0x07, 0x00, 0x1f, 0x00, 0x06, 0x00, 0x03, 0x00, 0x04, 0x00,
    0x04, 0x00, 0x04, 0x00, 0x0a, 0x00, 0x05, 0x00, 0x4e, 0x00, 0x07, 0x00, 0xb2, 0x00, 0x08, 0x00,
    0x94, 0x01, 0x09, 0x00, 0x95, 0x01, 0x09, 0x00, 0x96, 0x01, 0x09, 0x00, 0x97, 0x01, 0x09, 0x00,
    0x00, 0x00, 0x00, 0x00, 0x98, 0x01, 0x09, 0x00, 0x99, 0x01, 0x09, 0x00, 0x9a, 0x01, 0x09, 0x00,
    0xb3, 0x00, 0x08, 0x00, 0xb4, 0x00, 0x08, 0x00, 0x20, 0x00, 0x06, 0x00, 0x0b, 0x00, 0x05, 0x00,
    0x21, 0x00, 0x06, 0x00, 0x4f, 0x00, 0x07, 0x00, 0x50, 0x00, 0x07, 0x00, 0xb5, 0x00, 0x08, 0x00,
    0x9b, 0x01, 0x09, 0x00, 0xac, 0x03, 0x0a, 0x00, 0x9c, 0x01, 0x09, 0x00, 0xad, 0x03, 0x0a, 0x00,
    0x00, 0x00, 0x00, 0x00, 0x9d, 0x01, 0x09, 0x00, 0x9e, 0x01, 0x09, 0x00, 0xae, 0x03, 0x0a, 0x00,
    0x9f, 0x01, 0x09, 0x00, 0xb6, 0x00, 0x08, 0x00, 0x51, 0x00, 0x07, 0x00, 0x22, 0x00, 0x06, 0x00,
    0x52, 0x00, 0x07, 0x00, 0xb7, 0x00, 0x08, 0x00, 0xb8, 0x00, 0x08, 0x00, 0xa0, 0x01, 0x09, 0x00,
    0xaf, 0x03, 0x0a, 0x00, 0xb0, 0x03, 0x0a, 0x00, 0xb1, 0x03, 0x0a, 0x00, 0xb2, 0x03, 0x0a, 0x00,
    0x00, 0x00, 0x00, 0x00, 0xb3, 0x03, 0x0a, 0x00, 0xb4, 0x03, 0x0a, 0x00, 0xb5, 0x03, 0x0a, 0x00,
    0xa1, 0x01, 0x09, 0x00, 0xa2, 0x01, 0x09, 0x00, 0xb9, 0x00, 0x08, 0x00, 0xba, 0x00, 0x08, 0x00,
    0xbb, 0x00, 0x08, 0x00, 0xa3, 0x01, 0x09, 0x00, 0xa4, 0x01, 0x09, 0x00, 0xa5, 0x01, 0x09, 0x00,
    0xb6, 0x03, 0x0a, 0x00, 0xe0, 0x07, 0x0b, 0x00, 0xb7, 0x03, 0x0a, 0x00, 0xb8, 0x03, 0x0a, 0x00,
    0x00, 0x00, 0x00, 0x00, 0xb9, 0x03, 0x0a, 0x00, 0xba, 0x03, 0x0a, 0x00, 0xbb, 0x03, 0x0a, 0x00,
    0xbc, 0x03, 0x0a, 0x00, 0xa6, 0x01, 0x09, 0x00, 0xa7, 0x01, 0x09, 0x00, 0xbc, 0x00, 0x08, 0x00,
    0xa8, 0x01, 0x09, 0x00, 0xa9, 0x01, 0x09, 0x00, 0xbd, 0x03, 0x0a, 0x00, 0xbe, 0x03, 0x0a, 0x00,
    0xe1, 0x07, 0x0b, 0x00, 0xe2, 0x07, 0x0b, 0x00, 0xe3, 0x07, 0x0b, 0x00, 0xe4, 0x07, 0x0b, 0x00,
    0x00, 0x00, 0x00, 0x00, 0xe5, 0x07, 0x0b, 0x00, 0xbf, 0x03, 0x0a, 0x00, 0xe6, 0x07, 0x0b, 0x00,
    0xc0, 0x03, 0x0a, 0x00, 0xc1, 0x03, 0x0a, 0x00, 0xc2, 0x03, 0x0a, 0x00, 0xaa, 0x01, 0x09, 0x00,
    0xab, 0x01, 0x09, 0x00, 0xac, 0x01, 0x09, 0x00, 0xad, 0x01, 0x09, 0x00, 0xc3, 0x03, 0x0a, 0x00,
    0xc4, 0x03, 0x0a, 0x00, 0xe7, 0x07, 0x0b, 0x00, 0xe8, 0x07, 0x0b, 0x00, 0xe9, 0x07, 0x0b, 0x00,
    0x00, 0x00, 0x00, 0x00, 0xea, 0x07, 0x0b, 0x00, 0xeb, 0x07, 0x0b, 0x00, 0xc5, 0x03, 0x0a, 0x00,
    0xc6, 0x03, 0x0a, 0x00, 0xc7, 0x03, 0x0a, 0x00, 0xae, 0x01, 0x09, 0x00, 0xaf, 0x01, 0x09, 0x00,
    0xb0, 0x01, 0x09, 0x00, 0xb1, 0x01, 0x09, 0x00, 0xc8, 0x03, 0x0a, 0x00, 0xc9, 0x03, 0x0a, 0x00,
    0xca, 0x03, 0x0a, 0x00, 0xec, 0x07, 0x0b, 0x00, 0xed, 0x07, 0x0b, 0x00, 0xfe, 0x0f, 0x0c, 0x00,
    0x00, 0x00, 0x00, 0x00, 0xee, 0x07, 0x0b, 0x00, 0xef, 0x07, 0x0b, 0x00, 0xcb, 0x03, 0x0a, 0x00,
    0xcc, 0x03, 0x0a, 0x00, 0xcd, 0x03, 0x0a, 0x00, 0xb2, 0x01, 0x09, 0x00, 0xb3, 0x01, 0x09, 0x00,
    0x00, 0x00, 0x00, 0x00, 0x00, 0x00, 0x00, 0x00, 0x00, 0x00, 0x00, 0x00, 0x00, 0x00, 0x00, 0x00,
    0x00, 0x00, 0x00, 0x00, 0x00, 0x00, 0x00, 0x00, 0x00, 0x00, 0x00, 0x00, 0x00, 0x00, 0x00, 0x00,
    0x00, 0x00, 0x00, 0x00, 0x00, 0x00, 0x00, 0x00, 0x00, 0x00, 0x00, 0x00, 0x00, 0x00, 0x00, 0x00,
    0x00, 0x00, 0x00, 0x00, 0x00, 0x00, 0x00, 0x00, 0x00, 0x00, 0x00, 0x00, 0x00, 0x00, 0x00, 0x00,
    0xb4, 0x01, 0x09, 0x00, 0xb5, 0x01, 0x09, 0x00, 0xb6, 0x01, 0x09, 0x00, 0xce, 0x03, 0x0a, 0x00,
    0xcf, 0x03, 0x0a, 0x00, 0xd0, 0x03, 0x0a, 0x00, 0xf0, 0x07, 0x0b, 0x00, 0xf1, 0x07, 0x0b, 0x00,
    0x00, 0x00, 0x00, 0x00, 0xff, 0x0f, 0x0c, 0x00, 0xf2, 0x07, 0x0b, 0x00, 0xf3, 0x07, 0x0b, 0x00,
    0xd1, 0x03, 0x0a, 0x00, 0xd2, 0x03, 0x0a, 0x00, 0xd3, 0x03, 0x0a, 0x00, 0xb7, 0x01, 0x09, 0x00,
    0xb8, 0x01, 0x09, 0x00, 0xb9, 0x01, 0x09, 0x00, 0xba, 0x01, 0x09, 0x00, 0xd4, 0x03, 0x0a, 0x00,
    0xd5, 0x03, 0x0a, 0x00, 0xd6, 0x03, 0x0a, 0x00, 0xf4, 0x07, 0x0b, 0x00, 0xf5, 0x07, 0x0b, 0x00,
    0x00, 0x00, 0x00, 0x00, 0xf6, 0x07, 0x0b, 0x00, 0xf7, 0x07, 0x0b, 0x00, 0xf8, 0x07, 0x0b, 0x00,
    0xd7, 0x03, 0x0a, 0x00, 0xd8, 0x03, 0x0a, 0x00, 0xbb, 0x01, 0x09, 0x00, 0xbc, 0x01, 0x09, 0x00,
    0xbd, 0x01, 0x09, 0x00, 0xbe, 0x01, 0x09, 0x00, 0xd9, 0x03, 0x0a, 0x00, 0xda, 0x03, 0x0a, 0x00,
    0xdb, 0x03, 0x0a, 0x00, 0xf9, 0x07, 0x0b, 0x00, 0xdc, 0x03, 0x0a, 0x00, 0xdd, 0x03, 0x0a, 0x00,
    0x00, 0x00, 0x00, 0x00, 0xfa, 0x07, 0x0b, 0x00, 0xfb, 0x07, 0x0b, 0x00, 0xfc, 0x07, 0x0b, 0x00,
    0xfd, 0x07, 0x0b, 0x00, 0xde, 0x03, 0x0a, 0x00, 0xdf, 0x03, 0x0a, 0x00, 0xbf, 0x01, 0x09, 0x00,
    0xbd, 0x00, 0x08, 0x00, 0xbe, 0x00, 0x08, 0x00, 0xc0, 0x01, 0x09, 0x00, 0xc1, 0x01, 0x09, 0x00,
    0xe0, 0x03, 0x0a, 0x00, 0xe1, 0x03, 0x0a, 0x00, 0xe2, 0x03, 0x0a, 0x00, 0xe3, 0x03, 0x0a, 0x00,
    0x00, 0x00, 0x00, 0x00, 0xe4, 0x03, 0x0a, 0x00, 0xe5, 0x03, 0x0a, 0x00, 0xfe, 0x07, 0x0b, 0x00,
    0xe6, 0x03, 0x0a, 0x00, 0xc2, 0x01, 0x09, 0x00, 0xc3, 0x01, 0x09, 0x00, 0xc4, 0x01, 0x09, 0x00,
    0x53, 0x00, 0x07, 0x00, 0xbf, 0x00, 0x08, 0x00, 0xc0, 0x00, 0x08, 0x00, 0xc5, 0x01, 0x09, 0x00,
    0xc6, 0x01, 0x09, 0x00, 0xe7, 0x03, 0x0a, 0x00, 0xe8, 0x03, 0x0a, 0x00, 0xe9, 0x03, 0x0a, 0x00,
    0x00, 0x00, 0x00, 0x00, 0xea, 0x03, 0x0a, 0x00, 0xeb, 0x03, 0x0a, 0x00, 0xec, 0x03, 0x0a, 0x00,
    0xc7, 0x01, 0x09, 0x00, 0xc8, 0x01, 0x09, 0x00, 0xc1, 0x00, 0x08, 0x00, 0xc2, 0x00, 0x08, 0x00,
    0x23, 0x00, 0x06, 0x00, 0x24, 0x00, 0x06, 0x00, 0x54, 0x00, 0x07, 0x00, 0xc3, 0x00, 0x08, 0x00,
    0xc9, 0x01, 0x09, 0x00, 0xed, 0x03, 0x0a, 0x00, 0xca, 0x01, 0x09, 0x00, 0xcb, 0x01, 0x09, 0x00,
    0x00, 0x00, 0x00, 0x00, 0xee, 0x03, 0x0a, 0x00, 0xcc, 0x01, 0x09, 0x00, 0xef, 0x03, 0x0a, 0x00,
    0xcd, 0x01, 0x09, 0x00, 0xc4, 0x00, 0x08, 0x00, 0x55, 0x00, 0x07, 0x00, 0x56, 0x00, 0x07, 0x00,
    0x0c, 0x00, 0x05, 0x00, 0x0d, 0x00, 0x05, 0x00, 0x25, 0x00, 0x06, 0x00, 0xc5, 0x00, 0x08, 0x00,
    0xce, 0x01, 0x09, 0x00, 0xcf, 0x01, 0x09, 0x00, 0xd0, 0x01, 0x09, 0x00, 0xd1, 0x01, 0x09, 0x00,
    0x00, 0x00, 0x00, 0x00, 0xd2, 0x01, 0x09, 0x00, 0xd3, 0x01, 0x09, 0x00, 0xd4, 0x01, 0x09, 0x00,
    0xd5, 0x01, 0x09, 0x00, 0xc6, 0x00, 0x08, 0x00, 0x57, 0x00, 0x07, 0x00, 0x0e, 0x00, 0x05, 0x00,
];

pub const G_A_SPEC_WL5_C: [u8; 32] = [
    0x02, 0x00, 0x03, 0x00, 0x00, 0x00, 0x02, 0x00, 0x03, 0x00, 0x03, 0x00, 0x04, 0x00, 0x03, 0x00,
    0x05, 0x00, 0x03, 0x00, 0x06, 0x00, 0x03, 0x00, 0x0e, 0x00, 0x04, 0x00, 0x0f, 0x00, 0x04, 0x00,
];

pub const G_A_SPEC_WL5_D: [u8; 1024] = [
    0x00, 0x00, 0x02, 0x00, 0x0c, 0x00, 0x05, 0x00, 0x1e, 0x00, 0x06, 0x00, 0x48, 0x00, 0x07, 0x00,
    0x49, 0x00, 0x07, 0x00, 0x7e, 0x01, 0x09, 0x00, 0x7f, 0x01, 0x09, 0x00, 0x80, 0x01, 0x09, 0x00,
    0x00, 0x00, 0x00, 0x00, 0x81, 0x01, 0x09, 0x00, 0x92, 0x03, 0x0a, 0x00, 0x82, 0x01, 0x09, 0x00,
    0x93, 0x03, 0x0a, 0x00, 0x4a, 0x00, 0x07, 0x00, 0x1f, 0x00, 0x06, 0x00, 0x04, 0x00, 0x04, 0x00,
    0x0d, 0x00, 0x05, 0x00, 0x20, 0x00, 0x06, 0x00, 0x4b, 0x00, 0x07, 0x00, 0x83, 0x01, 0x09, 0x00,
    0x84, 0x01, 0x09, 0x00, 0x94, 0x03, 0x0a, 0x00, 0x95, 0x03, 0x0a, 0x00, 0x96, 0x03, 0x0a, 0x00,
    0x00, 0x00, 0x00, 0x00, 0x85, 0x01, 0x09, 0x00, 0x86, 0x01, 0x09, 0x00, 0x97, 0x03, 0x0a, 0x00,
    0x87, 0x01, 0x09, 0x00, 0x88, 0x01, 0x09, 0x00, 0x4c, 0x00, 0x07, 0x00, 0x21, 0x00, 0x06, 0x00,
    0x4d, 0x00, 0x07, 0x00, 0x4e, 0x00, 0x07, 0x00, 0x4f, 0x00, 0x07, 0x00, 0x98, 0x03, 0x0a, 0x00,
    0x89, 0x01, 0x09, 0x00, 0x99, 0x03, 0x0a, 0x00, 0x9a, 0x03, 0x0a, 0x00, 0x9b, 0x03, 0x0a, 0x00,
    0x00, 0x00, 0x00, 0x00, 0x9c, 0x03, 0x0a, 0x00, 0x8a, 0x01, 0x09, 0x00, 0x9d, 0x03, 0x0a, 0x00,
    0x8b, 0x01, 0x09, 0x00, 0xb6, 0x00, 0x08, 0x00, 0x50, 0x00, 0x07, 0x00, 0x51, 0x00, 0x07, 0x00,
    0x52, 0x00, 0x07, 0x00, 0x53, 0x00, 0x07, 0x00, 0x8c, 0x01, 0x09, 0x00, 0x8d, 0x01, 0x09, 0x00,
    0xb7, 0x00, 0x08, 0x00, 0x9e, 0x03, 0x0a, 0x00, 0x9f, 0x03, 0x0a, 0x00, 0xa0, 0x03, 0x0a, 0x00,
    0x00, 0x00, 0x00, 0x00, 0xa1, 0x03, 0x0a, 0x00, 0xa2, 0x03, 0x0a, 0x00, 0xa3, 0x03, 0x0a, 0x00,
    0xa4, 0x03, 0x0a, 0x00, 0xa5, 0x03, 0x0a, 0x00, 0x8e, 0x01, 0x09, 0x00, 0xb8, 0x00, 0x08, 0x00,
    0xb9, 0x00, 0x08, 0x00, 0xa6, 0x03, 0x0a, 0x00, 0x8f, 0x01, 0x09, 0x00, 0x90, 0x01, 0x09, 0x00,
    0xa7, 0x03, 0x0a, 0x00, 0xa8, 0x03, 0x0a, 0x00, 0xa9, 0x03, 0x0a, 0x00, 0xaa, 0x03, 0x0a, 0x00,
    0x00, 0x00, 0x00, 0x00, 0xab, 0x03, 0x0a, 0x00, 0xac, 0x03, 0x0a, 0x00, 0x91, 0x01, 0x09, 0x00,
    0xad, 0x03, 0x0a, 0x00, 0x92, 0x01, 0x09, 0x00, 0xae, 0x03, 0x0a, 0x00, 0x93, 0x01, 0x09, 0x00,
    0x94, 0x01, 0x09, 0x00, 0x95, 0x01, 0x09, 0x00, 0xaf, 0x03, 0x0a, 0x00, 0xb0, 0x03, 0x0a, 0x00,
    0x96, 0x01, 0x09, 0x00, 0xb1, 0x03, 0x0a, 0x00, 0xb2, 0x03, 0x0a, 0x00, 0xb3, 0x03, 0x0a, 0x00,
    0x00, 0x00, 0x00, 0x00, 0xb4, 0x03, 0x0a, 0x00, 0xb5, 0x03, 0x0a, 0x00, 0xb6, 0x03, 0x0a, 0x00,
    0xb7, 0x03, 0x0a, 0x00, 0xb8, 0x03, 0x0a, 0x00, 0x97, 0x01, 0x09, 0x00, 0xb9, 0x03, 0x0a, 0x00,
    0xba, 0x03, 0x0a, 0x00, 0x98, 0x01, 0x09, 0x00, 0xbb, 0x03, 0x0a, 0x00, 0x99, 0x01, 0x09, 0x00,
    0xbc, 0x03, 0x0a, 0x00, 0x9a, 0x01, 0x09, 0x00, 0xbd, 0x03, 0x0a, 0x00, 0xbe, 0x03, 0x0a, 0x00,
    0x00, 0x00, 0x00, 0x00, 0xbf, 0x03, 0x0a, 0x00, 0x9b, 0x01, 0x09, 0x00, 0xc0, 0x03, 0x0a, 0x00,
    0x9c, 0x01, 0x09, 0x00, 0x9d, 0x01, 0x09, 0x00, 0xc1, 0x03, 0x0a, 0x00, 0x9e, 0x01, 0x09, 0x00,
    0xc2, 0x03, 0x0a, 0x00, 0xc3, 0x03, 0x0a, 0x00, 0xc4, 0x03, 0x0a, 0x00, 0xc5, 0x03, 0x0a, 0x00,
    0xc6, 0x03, 0x0a, 0x00, 0x9f, 0x01, 0x09, 0x00, 0xc7, 0x03, 0x0a, 0x00, 0xc8, 0x03, 0x0a, 0x00,
    0x00, 0x00, 0x00, 0x00, 0xc9, 0x03, 0x0a, 0x00, 0xca, 0x03, 0x0a, 0x00, 0xcb, 0x03, 0x0a, 0x00,
    0xa0, 0x01, 0x09, 0x00, 0xcc, 0x03, 0x0a, 0x00, 0xcd, 0x03, 0x0a, 0x00, 0xa1, 0x01, 0x09, 0x00,
    0x00, 0x00, 0x00, 0x00, 0x00, 0x00, 0x00, 0x00, 0x00, 0x00, 0x00, 0x00, 0x00, 0x00, 0x00, 0x00,
    0x00, 0x00, 0x00, 0x00, 0x00, 0x00, 0x00, 0x00, 0x00, 0x00, 0x00, 0x00, 0x00, 0x00, 0x00, 0x00,
    0x00, 0x00, 0x00, 0x00, 0x00, 0x00, 0x00, 0x00, 0x00, 0x00, 0x00, 0x00, 0x00, 0x00, 0x00, 0x00,
    0x00, 0x00, 0x00, 0x00, 0x00, 0x00, 0x00, 0x00, 0x00, 0x00, 0x00, 0x00, 0x00, 0x00, 0x00, 0x00,
    0xa2, 0x01, 0x09, 0x00, 0xce, 0x03, 0x0a, 0x00, 0xa3, 0x01, 0x09, 0x00, 0xcf, 0x03, 0x0a, 0x00,
    0xa4, 0x01, 0x09, 0x00, 0xa5, 0x01, 0x09, 0x00, 0xa6, 0x01, 0x09, 0x00, 0xd0, 0x03, 0x0a, 0x00,
    0x00, 0x00, 0x00, 0x00, 0xd1, 0x03, 0x0a, 0x00, 0xd2, 0x03, 0x0a, 0x00, 0xd3, 0x03, 0x0a, 0x00,
    0xd4, 0x03, 0x0a, 0x00, 0xd5, 0x03, 0x0a, 0x00, 0xd6, 0x03, 0x0a, 0x00, 0xa7, 0x01, 0x09, 0x00,
    0xa8, 0x01, 0x09, 0x00, 0xd7, 0x03, 0x0a, 0x00, 0xa9, 0x01, 0x09, 0x00, 0xaa, 0x01, 0x09, 0x00,
    0xab, 0x01, 0x09, 0x00, 0xd8, 0x03, 0x0a, 0x00, 0xd9, 0x03, 0x0a, 0x00, 0xda, 0x03, 0x0a, 0x00,
    0x00, 0x00, 0x00, 0x00, 0xdb, 0x03, 0x0a, 0x00, 0xdc, 0x03, 0x0a, 0x00, 0xdd, 0x03, 0x0a, 0x00,
    0xde, 0x03, 0x0a, 0x00, 0xac, 0x01, 0x09, 0x00, 0xad, 0x01, 0x09, 0x00, 0xae, 0x01, 0x09, 0x00,
    0xaf, 0x01, 0x09, 0x00, 0xdf, 0x03, 0x0a, 0x00, 0xb0, 0x01, 0x09, 0x00, 0xe0, 0x03, 0x0a, 0x00,
    0xe1, 0x03, 0x0a, 0x00, 0xe2, 0x03, 0x0a, 0x00, 0xe3, 0x03, 0x0a, 0x00, 0xe4, 0x03, 0x0a, 0x00,
    0x00, 0x00, 0x00, 0x00, 0xe5, 0x03, 0x0a, 0x00, 0xb1, 0x01, 0x09, 0x00, 0xe6, 0x03, 0x0a, 0x00,
    0xe7, 0x03, 0x0a, 0x00, 0xe8, 0x03, 0x0a, 0x00, 0xb2, 0x01, 0x09, 0x00, 0xb3, 0x01, 0x09, 0x00,
    0xb4, 0x01, 0x09, 0x00, 0xb5, 0x01, 0x09, 0x00, 0xb6, 0x01, 0x09, 0x00, 0xb7, 0x01, 0x09, 0x00,
    0xb8, 0x01, 0x09, 0x00, 0xb9, 0x01, 0x09, 0x00, 0xe9, 0x03, 0x0a, 0x00, 0xea, 0x03, 0x0a, 0x00,
    0x00, 0x00, 0x00, 0x00, 0xeb, 0x03, 0x0a, 0x00, 0xec, 0x03, 0x0a, 0x00, 0xed, 0x03, 0x0a, 0x00,
    0xba, 0x01, 0x09, 0x00, 0xbb, 0x01, 0x09, 0x00, 0xee, 0x03, 0x0a, 0x00, 0xbc, 0x01, 0x09, 0x00,
    0xba, 0x00, 0x08, 0x00, 0xbd, 0x01, 0x09, 0x00, 0xbb, 0x00, 0x08, 0x00, 0xbc, 0x00, 0x08, 0x00,
    0xbe, 0x01, 0x09, 0x00, 0xef, 0x03, 0x0a, 0x00, 0xbf, 0x01, 0x09, 0x00, 0xf0, 0x03, 0x0a, 0x00,
    0x00, 0x00, 0x00, 0x00, 0xf1, 0x03, 0x0a, 0x00, 0xf2, 0x03, 0x0a, 0x00, 0xc0, 0x01, 0x09, 0x00,
    0xc1, 0x01, 0x09, 0x00, 0xf3, 0x03, 0x0a, 0x00, 0xc2, 0x01, 0x09, 0x00, 0xc3, 0x01, 0x09, 0x00,
    0x22, 0x00, 0x06, 0x00, 0x54, 0x00, 0x07, 0x00, 0x55, 0x00, 0x07, 0x00, 0x56, 0x00, 0x07, 0x00,
    0xc4, 0x01, 0x09, 0x00, 0xf4, 0x03, 0x0a, 0x00, 0xc5, 0x01, 0x09, 0x00, 0xf5, 0x03, 0x0a, 0x00,
    0x00, 0x00, 0x00, 0x00, 0xf6, 0x03, 0x0a, 0x00, 0xf7, 0x03, 0x0a, 0x00, 0xf8, 0x03, 0x0a, 0x00,
    0xc6, 0x01, 0x09, 0x00, 0xc7, 0x01, 0x09, 0x00, 0x57, 0x00, 0x07, 0x00, 0x58, 0x00, 0x07, 0x00,
    0x05, 0x00, 0x04, 0x00, 0x23, 0x00, 0x06, 0x00, 0x59, 0x00, 0x07, 0x00, 0xbd, 0x00, 0x08, 0x00,
    0xf9, 0x03, 0x0a, 0x00, 0xfa, 0x03, 0x0a, 0x00, 0xfb, 0x03, 0x0a, 0x00, 0xc8, 0x01, 0x09, 0x00,
    0x00, 0x00, 0x00, 0x00, 0xfc, 0x03, 0x0a, 0x00, 0xfd, 0x03, 0x0a, 0x00, 0xfe, 0x03, 0x0a, 0x00,
    0xff, 0x03, 0x0a, 0x00, 0xbe, 0x00, 0x08, 0x00, 0x5a, 0x00, 0x07, 0x00, 0x0e, 0x00, 0x05, 0x00,
];

pub const G_A_SPEC_WL5_F: [u8; 32] = [
    0x00, 0x00, 0x01, 0x00, 0x02, 0x00, 0x02, 0x00, 0x06, 0x00, 0x03, 0x00, 0x1c, 0x00, 0x05, 0x00,
    0x3e, 0x00, 0x06, 0x00, 0x3f, 0x00, 0x06, 0x00, 0x1d, 0x00, 0x05, 0x00, 0x1e, 0x00, 0x05, 0x00,
];

pub const G_A_SPEC_WL5_G: [u8; 64] = [
    0x00, 0x00, 0x02, 0x00, 0x01, 0x00, 0x02, 0x00, 0x1a, 0x00, 0x05, 0x00, 0x1b, 0x00, 0x05, 0x00,
    0x3a, 0x00, 0x06, 0x00, 0x7c, 0x00, 0x07, 0x00, 0x3b, 0x00, 0x06, 0x00, 0x7d, 0x00, 0x07, 0x00,
    0x00, 0x00, 0x00, 0x00, 0x7e, 0x00, 0x07, 0x00, 0x3c, 0x00, 0x06, 0x00, 0x7f, 0x00, 0x07, 0x00,
    0x3d, 0x00, 0x06, 0x00, 0x1c, 0x00, 0x05, 0x00, 0x0c, 0x00, 0x04, 0x00, 0x02, 0x00, 0x02, 0x00,
];

pub const G_A_SPEC_WL5_H: [u8; 64] = [
    0x00, 0x00, 0x02, 0x00, 0x02, 0x00, 0x03, 0x00, 0x0a, 0x00, 0x04, 0x00, 0x0b, 0x00, 0x04, 0x00,
    0x1a, 0x00, 0x05, 0x00, 0x3c, 0x00, 0x06, 0x00, 0x1b, 0x00, 0x05, 0x00, 0x3d, 0x00, 0x06, 0x00,
    0x00, 0x00, 0x00, 0x00, 0x3e, 0x00, 0x06, 0x00, 0x1c, 0x00, 0x05, 0x00, 0x3f, 0x00, 0x06, 0x00,
    0x1d, 0x00, 0x05, 0x00, 0x0c, 0x00, 0x04, 0x00, 0x03, 0x00, 0x03, 0x00, 0x04, 0x00, 0x03, 0x00,
];

pub const G_A_SPEC_WL5_I: [u8; 1024] = [
    0x00, 0x00, 0x03, 0x00, 0x02, 0x00, 0x04, 0x00, 0x20, 0x00, 0x06, 0x00, 0x48, 0x00, 0x07, 0x00,
    0xa8, 0x00, 0x08, 0x00, 0x8c, 0x01, 0x09, 0x00, 0xa9, 0x00, 0x08, 0x00, 0xaa, 0x00, 0x08, 0x00,
    0x00, 0x00, 0x00, 0x00, 0xab, 0x00, 0x08, 0x00, 0xac, 0x00, 0x08, 0x00, 0x8d, 0x01, 0x09, 0x00,
    0xad, 0x00, 0x08, 0x00, 0x49, 0x00, 0x07, 0x00, 0x21, 0x00, 0x06, 0x00, 0x03, 0x00, 0x04, 0x00,
    0x04, 0x00, 0x04, 0x00, 0x0c, 0x00, 0x05, 0x00, 0x4a, 0x00, 0x07, 0x00, 0xae, 0x00, 0x08, 0x00,
    0x8e, 0x01, 0x09, 0x00, 0x8f, 0x01, 0x09, 0x00, 0x90, 0x01, 0x09, 0x00, 0x91, 0x01, 0x09, 0x00,
    0x00, 0x00, 0x00, 0x00, 0x92, 0x01, 0x09, 0x00, 0x93, 0x01, 0x09, 0x00, 0x94, 0x01, 0x09, 0x00,
    0x95, 0x01, 0x09, 0x00, 0xaf, 0x00, 0x08, 0x00, 0x4b, 0x00, 0x07, 0x00, 0x0d, 0x00, 0x05, 0x00,
    0x22, 0x00, 0x06, 0x00, 0x4c, 0x00, 0x07, 0x00, 0xb0, 0x00, 0x08, 0x00, 0xb1, 0x00, 0x08, 0x00,
    0x96, 0x01, 0x09, 0x00, 0xaa, 0x03, 0x0a, 0x00, 0x97, 0x01, 0x09, 0x00, 0x98, 0x01, 0x09, 0x00,
    0x00, 0x00, 0x00, 0x00, 0x99, 0x01, 0x09, 0x00, 0x9a, 0x01, 0x09, 0x00, 0xab, 0x03, 0x0a, 0x00,
    0x9b, 0x01, 0x09, 0x00, 0xb2, 0x00, 0x08, 0x00, 0xb3, 0x00, 0x08, 0x00, 0x4d, 0x00, 0x07, 0x00,
    0x4e, 0x00, 0x07, 0x00, 0xb4, 0x00, 0x08, 0x00, 0xb5, 0x00, 0x08, 0x00, 0x9c, 0x01, 0x09, 0x00,
    0xac, 0x03, 0x0a, 0x00, 0xad, 0x03, 0x0a, 0x00, 0xae, 0x03, 0x0a, 0x00, 0xaf, 0x03, 0x0a, 0x00,
    0x00, 0x00, 0x00, 0x00, 0x9d, 0x01, 0x09, 0x00, 0x9e, 0x01, 0x09, 0x00, 0xb0, 0x03, 0x0a, 0x00,
    0xb1, 0x03, 0x0a, 0x00, 0x9f, 0x01, 0x09, 0x00, 0xb6, 0x00, 0x08, 0x00, 0xb7, 0x00, 0x08, 0x00,
    0xb8, 0x00, 0x08, 0x00, 0xa0, 0x01, 0x09, 0x00, 0xa1, 0x01, 0x09, 0x00, 0xb2, 0x03, 0x0a, 0x00,
    0xb3, 0x03, 0x0a, 0x00, 0xea, 0x07, 0x0b, 0x00, 0xb4, 0x03, 0x0a, 0x00, 0xb5, 0x03, 0x0a, 0x00,
    0x00, 0x00, 0x00, 0x00, 0xb6, 0x03, 0x0a, 0x00, 0xb7, 0x03, 0x0a, 0x00, 0xb8, 0x03, 0x0a, 0x00,
    0xb9, 0x03, 0x0a, 0x00, 0xba, 0x03, 0x0a, 0x00, 0xa2, 0x01, 0x09, 0x00, 0xa3, 0x01, 0x09, 0x00,
    0xa4, 0x01, 0x09, 0x00, 0xa5, 0x01, 0x09, 0x00, 0xbb, 0x03, 0x0a, 0x00, 0xbc, 0x03, 0x0a, 0x00,
    0xeb, 0x07, 0x0b, 0x00, 0xec, 0x07, 0x0b, 0x00, 0xbd, 0x03, 0x0a, 0x00, 0xbe, 0x03, 0x0a, 0x00,
    0x00, 0x00, 0x00, 0x00, 0xbf, 0x03, 0x0a, 0x00, 0xc0, 0x03, 0x0a, 0x00, 0xed, 0x07, 0x0b, 0x00,
    0xee, 0x07, 0x0b, 0x00, 0xc1, 0x03, 0x0a, 0x00, 0xc2, 0x03, 0x0a, 0x00, 0xa6, 0x01, 0x09, 0x00,
    0xb9, 0x00, 0x08, 0x00, 0xa7, 0x01, 0x09, 0x00, 0xa8, 0x01, 0x09, 0x00, 0xc3, 0x03, 0x0a, 0x00,
    0xc4, 0x03, 0x0a, 0x00, 0xc5, 0x03, 0x0a, 0x00, 0xc6, 0x03, 0x0a, 0x00, 0xef, 0x07, 0x0b, 0x00,
    0x00, 0x00, 0x00, 0x00, 0xf0, 0x07, 0x0b, 0x00, 0xc7, 0x03, 0x0a, 0x00, 0xc8, 0x03, 0x0a, 0x00,
    0xc9, 0x03, 0x0a, 0x00, 0xa9, 0x01, 0x09, 0x00, 0xaa, 0x01, 0x09, 0x00, 0xab, 0x01, 0x09, 0x00,
    0xba, 0x00, 0x08, 0x00, 0xac, 0x01, 0x09, 0x00, 0xad, 0x01, 0x09, 0x00, 0xca, 0x03, 0x0a, 0x00,
    0xcb, 0x03, 0x0a, 0x00, 0xcc, 0x03, 0x0a, 0x00, 0xf1, 0x07, 0x0b, 0x00, 0xf2, 0x07, 0x0b, 0x00,
    0x00, 0x00, 0x00, 0x00, 0xf3, 0x07, 0x0b, 0x00, 0xf4, 0x07, 0x0b, 0x00, 0xcd, 0x03, 0x0a, 0x00,
    0xce, 0x03, 0x0a, 0x00, 0xae, 0x01, 0x09, 0x00, 0xaf, 0x01, 0x09, 0x00, 0xb0, 0x01, 0x09, 0x00,
    0x00, 0x00, 0x00, 0x00, 0x00, 0x00, 0x00, 0x00, 0x00, 0x00, 0x00, 0x00, 0x00, 0x00, 0x00, 0x00,
    0x00, 0x00, 0x00, 0x00, 0x00, 0x00, 0x00, 0x00, 0x00, 0x00, 0x00, 0x00, 0x00, 0x00, 0x00, 0x00,
    0x00, 0x00, 0x00, 0x00, 0x00, 0x00, 0x00, 0x00, 0x00, 0x00, 0x00, 0x00, 0x00, 0x00, 0x00, 0x00,
    0x00, 0x00, 0x00, 0x00, 0x00, 0x00, 0x00, 0x00, 0x00, 0x00, 0x00, 0x00, 0x00, 0x00, 0x00, 0x00,
    0xbb, 0x00, 0x08, 0x00, 0xb1, 0x01, 0x09, 0x00, 0xb2, 0x01, 0x09, 0x00, 0xb3, 0x01, 0x09, 0x00,
    0xcf, 0x03, 0x0a, 0x00, 0xd0, 0x03, 0x0a, 0x00, 0xd1, 0x03, 0x0a, 0x00, 0xf5, 0x07, 0x0b, 0x00,
    0x00, 0x00, 0x00, 0x00, 0xf6, 0x07, 0x0b, 0x00, 0xf7, 0x07, 0x0b, 0x00, 0xd2, 0x03, 0x0a, 0x00,
    0xd3, 0x03, 0x0a, 0x00, 0xd4, 0x03, 0x0a, 0x00, 0xb4, 0x01, 0x09, 0x00, 0xb5, 0x01, 0x09, 0x00,
    0xbc, 0x00, 0x08, 0x00, 0xb6, 0x01, 0x09, 0x00, 0xb7, 0x01, 0x09, 0x00, 0xd5, 0x03, 0x0a, 0x00,
    0xd6, 0x03, 0x0a, 0x00, 0xd7, 0x03, 0x0a, 0x00, 0xd8, 0x03, 0x0a, 0x00, 0xf8, 0x07, 0x0b, 0x00,
    0x00, 0x00, 0x00, 0x00, 0xf9, 0x07, 0x0b, 0x00, 0xd9, 0x03, 0x0a, 0x00, 0xda, 0x03, 0x0a, 0x00,
    0xdb, 0x03, 0x0a, 0x00, 0xdc, 0x03, 0x0a, 0x00, 0xb8, 0x01, 0x09, 0x00, 0xb9, 0x01, 0x09, 0x00,
    0xba, 0x01, 0x09, 0x00, 0xbb, 0x01, 0x09, 0x00, 0xdd, 0x03, 0x0a, 0x00, 0xde, 0x03, 0x0a, 0x00,
    0xfa, 0x07, 0x0b, 0x00, 0xfb, 0x07, 0x0b, 0x00, 0xdf, 0x03, 0x0a, 0x00, 0xe0, 0x03, 0x0a, 0x00,
    0x00, 0x00, 0x00, 0x00, 0xe1, 0x03, 0x0a, 0x00, 0xe2, 0x03, 0x0a, 0x00, 0xfc, 0x07, 0x0b, 0x00,
    0xfd, 0x07, 0x0b, 0x00, 0xe3, 0x03, 0x0a, 0x00, 0xe4, 0x03, 0x0a, 0x00, 0xbc, 0x01, 0x09, 0x00,
    0xbd, 0x00, 0x08, 0x00, 0xbd, 0x01, 0x09, 0x00, 0xbe, 0x01, 0x09, 0x00, 0xe5, 0x03, 0x0a, 0x00,
    0xe6, 0x03, 0x0a, 0x00, 0xfe, 0x07, 0x0b, 0x00, 0xe7, 0x03, 0x0a, 0x00, 0xe8, 0x03, 0x0a, 0x00,
    0x00, 0x00, 0x00, 0x00, 0xe9, 0x03, 0x0a, 0x00, 0xea, 0x03, 0x0a, 0x00, 0xff, 0x07, 0x0b, 0x00,
    0xeb, 0x03, 0x0a, 0x00, 0xec, 0x03, 0x0a, 0x00, 0xbf, 0x01, 0x09, 0x00, 0xc0, 0x01, 0x09, 0x00,
    0x4f, 0x00, 0x07, 0x00, 0xbe, 0x00, 0x08, 0x00, 0xbf, 0x00, 0x08, 0x00, 0xc1, 0x01, 0x09, 0x00,
    0xed, 0x03, 0x0a, 0x00, 0xee, 0x03, 0x0a, 0x00, 0xef, 0x03, 0x0a, 0x00, 0xc2, 0x01, 0x09, 0x00,
    0x00, 0x00, 0x00, 0x00, 0xc3, 0x01, 0x09, 0x00, 0xf0, 0x03, 0x0a, 0x00, 0xf1, 0x03, 0x0a, 0x00,
    0xf2, 0x03, 0x0a, 0x00, 0xc4, 0x01, 0x09, 0x00, 0xc5, 0x01, 0x09, 0x00, 0xc0, 0x00, 0x08, 0x00,
    0x23, 0x00, 0x06, 0x00, 0x50, 0x00, 0x07, 0x00, 0xc1, 0x00, 0x08, 0x00, 0xc2, 0x00, 0x08, 0x00,
    0xc6, 0x01, 0x09, 0x00, 0xf3, 0x03, 0x0a, 0x00, 0xc7, 0x01, 0x09, 0x00, 0xc8, 0x01, 0x09, 0x00,
    0x00, 0x00, 0x00, 0x00, 0xc9, 0x01, 0x09, 0x00, 0xca, 0x01, 0x09, 0x00, 0xf4, 0x03, 0x0a, 0x00,
    0xcb, 0x01, 0x09, 0x00, 0xcc, 0x01, 0x09, 0x00, 0xc3, 0x00, 0x08, 0x00, 0x51, 0x00, 0x07, 0x00,
    0x05, 0x00, 0x04, 0x00, 0x0e, 0x00, 0x05, 0x00, 0x52, 0x00, 0x07, 0x00, 0xc4, 0x00, 0x08, 0x00,
    0xcd, 0x01, 0x09, 0x00, 0xce, 0x01, 0x09, 0x00, 0xcf, 0x01, 0x09, 0x00, 0xd0, 0x01, 0x09, 0x00,
    0x00, 0x00, 0x00, 0x00, 0xd1, 0x01, 0x09, 0x00, 0xd2, 0x01, 0x09, 0x00, 0xd3, 0x01, 0x09, 0x00,
    0xd4, 0x01, 0x09, 0x00, 0xc5, 0x00, 0x08, 0x00, 0x53, 0x00, 0x07, 0x00, 0x0f, 0x00, 0x05, 0x00,
];

pub const G_A_SPEC_WL5_J: [u8; 1024] = [
    0x00, 0x00, 0x01, 0x00, 0x10, 0x00, 0x05, 0x00, 0x5c, 0x00, 0x07, 0x00, 0xc4, 0x00, 0x08, 0x00,
    0xa4, 0x01, 0x09, 0x00, 0x9c, 0x03, 0x0a, 0x00, 0xa5, 0x01, 0x09, 0x00, 0xa6, 0x01, 0x09, 0x00,
    0x00, 0x00, 0x00, 0x00, 0xa7, 0x01, 0x09, 0x00, 0xa8, 0x01, 0x09, 0x00, 0xa9, 0x01, 0x09, 0x00,
    0xaa, 0x01, 0x09, 0x00, 0xc5, 0x00, 0x08, 0x00, 0x5d, 0x00, 0x07, 0x00, 0x11, 0x00, 0x05, 0x00,
    0x12, 0x00, 0x05, 0x00, 0x28, 0x00, 0x06, 0x00, 0x5e, 0x00, 0x07, 0x00, 0xab, 0x01, 0x09, 0x00,
    0x9d, 0x03, 0x0a, 0x00, 0x9e, 0x03, 0x0a, 0x00, 0x9f, 0x03, 0x0a, 0x00, 0xac, 0x01, 0x09, 0x00,
    0x00, 0x00, 0x00, 0x00, 0xad, 0x01, 0x09, 0x00, 0xa0, 0x03, 0x0a, 0x00, 0xa1, 0x03, 0x0a, 0x00,
    0xae, 0x01, 0x09, 0x00, 0xaf, 0x01, 0x09, 0x00, 0xc6, 0x00, 0x08, 0x00, 0x29, 0x00, 0x06, 0x00,
    0x2a, 0x00, 0x06, 0x00, 0xc7, 0x00, 0x08, 0x00, 0xc8, 0x00, 0x08, 0x00, 0xb0, 0x01, 0x09, 0x00,
    0xb6, 0x07, 0x0b, 0x00, 0xb7, 0x07, 0x0b, 0x00, 0xa2, 0x03, 0x0a, 0x00, 0xa3, 0x03, 0x0a, 0x00,
    0x00, 0x00, 0x00, 0x00, 0xa4, 0x03, 0x0a, 0x00, 0xa5, 0x03, 0x0a, 0x00, 0xb8, 0x07, 0x0b, 0x00,
    0xa6, 0x03, 0x0a, 0x00, 0xb1, 0x01, 0x09, 0x00, 0xc9, 0x00, 0x08, 0x00, 0x5f, 0x00, 0x07, 0x00,
    0xca, 0x00, 0x08, 0x00, 0xb2, 0x01, 0x09, 0x00, 0xa7, 0x03, 0x0a, 0x00, 0xa8, 0x03, 0x0a, 0x00,
    0xb9, 0x07, 0x0b, 0x00, 0xe2, 0x0f, 0x0c, 0x00, 0xa9, 0x03, 0x0a, 0x00, 0xaa, 0x03, 0x0a, 0x00,
    0x00, 0x00, 0x00, 0x00, 0xab, 0x03, 0x0a, 0x00, 0xac, 0x03, 0x0a, 0x00, 0xba, 0x07, 0x0b, 0x00,
    0xbb, 0x07, 0x0b, 0x00, 0xad, 0x03, 0x0a, 0x00, 0xb3, 0x01, 0x09, 0x00, 0xb4, 0x01, 0x09, 0x00,
    0xb5, 0x01, 0x09, 0x00, 0xae, 0x03, 0x0a, 0x00, 0xaf, 0x03, 0x0a, 0x00, 0xb0, 0x03, 0x0a, 0x00,
    0xbc, 0x07, 0x0b, 0x00, 0xe3, 0x0f, 0x0c, 0x00, 0xbd, 0x07, 0x0b, 0x00, 0xbe, 0x07, 0x0b, 0x00,
    0x00, 0x00, 0x00, 0x00, 0xbf, 0x07, 0x0b, 0x00, 0xc0, 0x07, 0x0b, 0x00, 0xe4, 0x0f, 0x0c, 0x00,
    0xe5, 0x0f, 0x0c, 0x00, 0xb1, 0x03, 0x0a, 0x00, 0xb2, 0x03, 0x0a, 0x00, 0xb3, 0x03, 0x0a, 0x00,
    0xb6, 0x01, 0x09, 0x00, 0xb4, 0x03, 0x0a, 0x00, 0xc1, 0x07, 0x0b, 0x00, 0xc2, 0x07, 0x0b, 0x00,
    0xe6, 0x0f, 0x0c, 0x00, 0xe7, 0x0f, 0x0c, 0x00, 0xc3, 0x07, 0x0b, 0x00, 0xc4, 0x07, 0x0b, 0x00,
    0x00, 0x00, 0x00, 0x00, 0xc5, 0x07, 0x0b, 0x00, 0xc6, 0x07, 0x0b, 0x00, 0xe8, 0x0f, 0x0c, 0x00,
    0xe9, 0x0f, 0x0c, 0x00, 0xea, 0x0f, 0x0c, 0x00, 0xc7, 0x07, 0x0b, 0x00, 0xb5, 0x03, 0x0a, 0x00,
    0xb7, 0x01, 0x09, 0x00, 0xb6, 0x03, 0x0a, 0x00, 0xb7, 0x03, 0x0a, 0x00, 0xc8, 0x07, 0x0b, 0x00,
    0xc9, 0x07, 0x0b, 0x00, 0xeb, 0x0f, 0x0c, 0x00, 0xca, 0x07, 0x0b, 0x00, 0xcb, 0x07, 0x0b, 0x00,
    0x00, 0x00, 0x00, 0x00, 0xcc, 0x07, 0x0b, 0x00, 0xcd, 0x07, 0x0b, 0x00, 0xce, 0x07, 0x0b, 0x00,
    0xcf, 0x07, 0x0b, 0x00, 0xb8, 0x03, 0x0a, 0x00, 0xb9, 0x03, 0x0a, 0x00, 0xba, 0x03, 0x0a, 0x00,
    0xb8, 0x01, 0x09, 0x00, 0xb9, 0x01, 0x09, 0x00, 0xbb, 0x03, 0x0a, 0x00, 0xbc, 0x03, 0x0a, 0x00,
    0xbd, 0x03, 0x0a, 0x00, 0xd0, 0x07, 0x0b, 0x00, 0xec, 0x0f, 0x0c, 0x00, 0xed, 0x0f, 0x0c, 0x00,
    0x00, 0x00, 0x00, 0x00, 0xee, 0x0f, 0x0c, 0x00, 0xd1, 0x07, 0x0b, 0x00, 0xd2, 0x07, 0x0b, 0x00,
    0xd3, 0x07, 0x0b, 0x00, 0xd4, 0x07, 0x0b, 0x00, 0xbe, 0x03, 0x0a, 0x00, 0xba, 0x01, 0x09, 0x00,
    0x00, 0x00, 0x00, 0x00, 0x00, 0x00, 0x00, 0x00, 0x00, 0x00, 0x00, 0x00, 0x00, 0x00, 0x00, 0x00,
    0x00, 0x00, 0x00, 0x00, 0x00, 0x00, 0x00, 0x00, 0x00, 0x00, 0x00, 0x00, 0x00, 0x00, 0x00, 0x00,
    0x00, 0x00, 0x00, 0x00, 0x00, 0x00, 0x00, 0x00, 0x00, 0x00, 0x00, 0x00, 0x00, 0x00, 0x00, 0x00,
    0x00, 0x00, 0x00, 0x00, 0x00, 0x00, 0x00, 0x00, 0x00, 0x00, 0x00, 0x00, 0x00, 0x00, 0x00, 0x00,
    0xbb, 0x01, 0x09, 0x00, 0xbc, 0x01, 0x09, 0x00, 0xbf, 0x03, 0x0a, 0x00, 0xc0, 0x03, 0x0a, 0x00,
    0xef, 0x0f, 0x0c, 0x00, 0xd5, 0x07, 0x0b, 0x00, 0xf0, 0x0f, 0x0c, 0x00, 0xf1, 0x0f, 0x0c, 0x00,
    0x00, 0x00, 0x00, 0x00, 0xf2, 0x0f, 0x0c, 0x00, 0xd6, 0x07, 0x0b, 0x00, 0xd7, 0x07, 0x0b, 0x00,
    0xc1, 0x03, 0x0a, 0x00, 0xc2, 0x03, 0x0a, 0x00, 0xc3, 0x03, 0x0a, 0x00, 0xc4, 0x03, 0x0a, 0x00,
    0xbd, 0x01, 0x09, 0x00, 0xbe, 0x01, 0x09, 0x00, 0xc5, 0x03, 0x0a, 0x00, 0xd8, 0x07, 0x0b, 0x00,
    0xd9, 0x07, 0x0b, 0x00, 0xf3, 0x0f, 0x0c, 0x00, 0xda, 0x07, 0x0b, 0x00, 0xf4, 0x0f, 0x0c, 0x00,
    0x00, 0x00, 0x00, 0x00, 0xf5, 0x0f, 0x0c, 0x00, 0xf6, 0x0f, 0x0c, 0x00, 0xf7, 0x0f, 0x0c, 0x00,
    0xdb, 0x07, 0x0b, 0x00, 0xdc, 0x07, 0x0b, 0x00, 0xc6, 0x03, 0x0a, 0x00, 0xbf, 0x01, 0x09, 0x00,
    0xc7, 0x03, 0x0a, 0x00, 0xc8, 0x03, 0x0a, 0x00, 0xdd, 0x07, 0x0b, 0x00, 0xde, 0x07, 0x0b, 0x00,
    0xf8, 0x0f, 0x0c, 0x00, 0xf9, 0x0f, 0x0c, 0x00, 0xdf, 0x07, 0x0b, 0x00, 0xfa, 0x0f, 0x0c, 0x00,
    0x00, 0x00, 0x00, 0x00, 0xe0, 0x07, 0x0b, 0x00, 0xe1, 0x07, 0x0b, 0x00, 0xfb, 0x0f, 0x0c, 0x00,
    0xfc, 0x0f, 0x0c, 0x00, 0xe2, 0x07, 0x0b, 0x00, 0xe3, 0x07, 0x0b, 0x00, 0xc9, 0x03, 0x0a, 0x00,
    0xc0, 0x01, 0x09, 0x00, 0xc1, 0x01, 0x09, 0x00, 0xca, 0x03, 0x0a, 0x00, 0xe4, 0x07, 0x0b, 0x00,
    0xfd, 0x0f, 0x0c, 0x00, 0xfe, 0x0f, 0x0c, 0x00, 0xe5, 0x07, 0x0b, 0x00, 0xcb, 0x03, 0x0a, 0x00,
    0x00, 0x00, 0x00, 0x00, 0xe6, 0x07, 0x0b, 0x00, 0xe7, 0x07, 0x0b, 0x00, 0xff, 0x0f, 0x0c, 0x00,
    0xe8, 0x07, 0x0b, 0x00, 0xe9, 0x07, 0x0b, 0x00, 0xcc, 0x03, 0x0a, 0x00, 0xcd, 0x03, 0x0a, 0x00,
    0xcb, 0x00, 0x08, 0x00, 0xcc, 0x00, 0x08, 0x00, 0xc2, 0x01, 0x09, 0x00, 0xce, 0x03, 0x0a, 0x00,
    0xcf, 0x03, 0x0a, 0x00, 0xea, 0x07, 0x0b, 0x00, 0xd0, 0x03, 0x0a, 0x00, 0xd1, 0x03, 0x0a, 0x00,
    0x00, 0x00, 0x00, 0x00, 0xeb, 0x07, 0x0b, 0x00, 0xec, 0x07, 0x0b, 0x00, 0xed, 0x07, 0x0b, 0x00,
    0xee, 0x07, 0x0b, 0x00, 0xd2, 0x03, 0x0a, 0x00, 0xc3, 0x01, 0x09, 0x00, 0xc4, 0x01, 0x09, 0x00,
    0x2b, 0x00, 0x06, 0x00, 0xcd, 0x00, 0x08, 0x00, 0xce, 0x00, 0x08, 0x00, 0xc5, 0x01, 0x09, 0x00,
    0xd3, 0x03, 0x0a, 0x00, 0xd4, 0x03, 0x0a, 0x00, 0xd5, 0x03, 0x0a, 0x00, 0xc6, 0x01, 0x09, 0x00,
    0x00, 0x00, 0x00, 0x00, 0xd6, 0x03, 0x0a, 0x00, 0xd7, 0x03, 0x0a, 0x00, 0xef, 0x07, 0x0b, 0x00,
    0xd8, 0x03, 0x0a, 0x00, 0xc7, 0x01, 0x09, 0x00, 0xcf, 0x00, 0x08, 0x00, 0x60, 0x00, 0x07, 0x00,
    0x13, 0x00, 0x05, 0x00, 0x2c, 0x00, 0x06, 0x00, 0xd0, 0x00, 0x08, 0x00, 0xc8, 0x01, 0x09, 0x00,
    0xd9, 0x03, 0x0a, 0x00, 0xda, 0x03, 0x0a, 0x00, 0xc9, 0x01, 0x09, 0x00, 0xca, 0x01, 0x09, 0x00,
    0x00, 0x00, 0x00, 0x00, 0xcb, 0x01, 0x09, 0x00, 0xcc, 0x01, 0x09, 0x00, 0xf0, 0x07, 0x0b, 0x00,
    0xcd, 0x01, 0x09, 0x00, 0xd1, 0x00, 0x08, 0x00, 0x61, 0x00, 0x07, 0x00, 0x2d, 0x00, 0x06, 0x00,
];

pub const G_A_SPEC_WL5_K: [u8; 1024] = [
    0x00, 0x00, 0x01, 0x00, 0x14, 0x00, 0x05, 0x00, 0x5c, 0x00, 0x07, 0x00, 0xa0, 0x01, 0x09, 0x00,
    0x84, 0x03, 0x0a, 0x00, 0x85, 0x03, 0x0a, 0x00, 0x86, 0x03, 0x0a, 0x00, 0xa1, 0x01, 0x09, 0x00,
    0x00, 0x00, 0x00, 0x00, 0xa2, 0x01, 0x09, 0x00, 0xa3, 0x01, 0x09, 0x00, 0x87, 0x03, 0x0a, 0x00,
    0xa4, 0x01, 0x09, 0x00, 0xc4, 0x00, 0x08, 0x00, 0x5d, 0x00, 0x07, 0x00, 0x08, 0x00, 0x04, 0x00,
    0x09, 0x00, 0x04, 0x00, 0x2c, 0x00, 0x06, 0x00, 0xc5, 0x00, 0x08, 0x00, 0x88, 0x03, 0x0a, 0x00,
    0x89, 0x03, 0x0a, 0x00, 0xc0, 0x07, 0x0b, 0x00, 0x8a, 0x03, 0x0a, 0x00, 0xa5, 0x01, 0x09, 0x00,
    0x00, 0x00, 0x00, 0x00, 0xa6, 0x01, 0x09, 0x00, 0x8b, 0x03, 0x0a, 0x00, 0x8c, 0x03, 0x0a, 0x00,
    0xa7, 0x01, 0x09, 0x00, 0xa8, 0x01, 0x09, 0x00, 0xc6, 0x00, 0x08, 0x00, 0x2d, 0x00, 0x06, 0x00,
    0x5e, 0x00, 0x07, 0x00, 0xc7, 0x00, 0x08, 0x00, 0x8d, 0x03, 0x0a, 0x00, 0xa9, 0x01, 0x09, 0x00,
    0x8e, 0x03, 0x0a, 0x00, 0xc1, 0x07, 0x0b, 0x00, 0xc2, 0x07, 0x0b, 0x00, 0x8f, 0x03, 0x0a, 0x00,
    0x00, 0x00, 0x00, 0x00, 0xaa, 0x01, 0x09, 0x00, 0x90, 0x03, 0x0a, 0x00, 0x91, 0x03, 0x0a, 0x00,
    0x92, 0x03, 0x0a, 0x00, 0x93, 0x03, 0x0a, 0x00, 0xab, 0x01, 0x09, 0x00, 0xc8, 0x00, 0x08, 0x00,
    0xac, 0x01, 0x09, 0x00, 0xad, 0x01, 0x09, 0x00, 0x94, 0x03, 0x0a, 0x00, 0x95, 0x03, 0x0a, 0x00,
    0xc3, 0x07, 0x0b, 0x00, 0xec, 0x0f, 0x0c, 0x00, 0xae, 0x01, 0x09, 0x00, 0x96, 0x03, 0x0a, 0x00,
    0x00, 0x00, 0x00, 0x00, 0xc4, 0x07, 0x0b, 0x00, 0x97, 0x03, 0x0a, 0x00, 0xc5, 0x07, 0x0b, 0x00,
    0x98, 0x03, 0x0a, 0x00, 0x99, 0x03, 0x0a, 0x00, 0x9a, 0x03, 0x0a, 0x00, 0x9b, 0x03, 0x0a, 0x00,
    0xaf, 0x01, 0x09, 0x00, 0x9c, 0x03, 0x0a, 0x00, 0x9d, 0x03, 0x0a, 0x00, 0x9e, 0x03, 0x0a, 0x00,
    0x9f, 0x03, 0x0a, 0x00, 0xc6, 0x07, 0x0b, 0x00, 0xed, 0x0f, 0x0c, 0x00, 0xa0, 0x03, 0x0a, 0x00,
    0x00, 0x00, 0x00, 0x00, 0xc7, 0x07, 0x0b, 0x00, 0xc8, 0x07, 0x0b, 0x00, 0xee, 0x0f, 0x0c, 0x00,
    0xef, 0x0f, 0x0c, 0x00, 0xa1, 0x03, 0x0a, 0x00, 0xa2, 0x03, 0x0a, 0x00, 0xc9, 0x07, 0x0b, 0x00,
    0xa3, 0x03, 0x0a, 0x00, 0xca, 0x07, 0x0b, 0x00, 0xa4, 0x03, 0x0a, 0x00, 0xf0, 0x0f, 0x0c, 0x00,
    0xa5, 0x03, 0x0a, 0x00, 0xf1, 0x0f, 0x0c, 0x00, 0xa6, 0x03, 0x0a, 0x00, 0xcb, 0x07, 0x0b, 0x00,
    0x00, 0x00, 0x00, 0x00, 0xa7, 0x03, 0x0a, 0x00, 0xa8, 0x03, 0x0a, 0x00, 0xcc, 0x07, 0x0b, 0x00,
    0xf2, 0x0f, 0x0c, 0x00, 0xf3, 0x0f, 0x0c, 0x00, 0xcd, 0x07, 0x0b, 0x00, 0xce, 0x07, 0x0b, 0x00,
    0xb0, 0x01, 0x09, 0x00, 0xa9, 0x03, 0x0a, 0x00, 0xaa, 0x03, 0x0a, 0x00, 0xcf, 0x07, 0x0b, 0x00,
    0xab, 0x03, 0x0a, 0x00, 0xd0, 0x07, 0x0b, 0x00, 0xd1, 0x07, 0x0b, 0x00, 0xac, 0x03, 0x0a, 0x00,
    0x00, 0x00, 0x00, 0x00, 0xd2, 0x07, 0x0b, 0x00, 0xad, 0x03, 0x0a, 0x00, 0xae, 0x03, 0x0a, 0x00,
    0xaf, 0x03, 0x0a, 0x00, 0xb0, 0x03, 0x0a, 0x00, 0xb1, 0x01, 0x09, 0x00, 0xb1, 0x03, 0x0a, 0x00,
    0xc9, 0x00, 0x08, 0x00, 0xb2, 0x03, 0x0a, 0x00, 0xb3, 0x03, 0x0a, 0x00, 0xb4, 0x03, 0x0a, 0x00,
    0xb5, 0x03, 0x0a, 0x00, 0xd3, 0x07, 0x0b, 0x00, 0xb6, 0x03, 0x0a, 0x00, 0xd4, 0x07, 0x0b, 0x00,
    0x00, 0x00, 0x00, 0x00, 0xf4, 0x0f, 0x0c, 0x00, 0xb7, 0x03, 0x0a, 0x00, 0xf5, 0x0f, 0x0c, 0x00,
    0xf6, 0x0f, 0x0c, 0x00, 0xb8, 0x03, 0x0a, 0x00, 0xb2, 0x01, 0x09, 0x00, 0xb3, 0x01, 0x09, 0x00,
    0x00, 0x00, 0x00, 0x00, 0x00, 0x00, 0x00, 0x00, 0x00, 0x00, 0x00, 0x00, 0x00, 0x00, 0x00, 0x00,
    0x00, 0x00, 0x00, 0x00, 0x00, 0x00, 0x00, 0x00, 0x00, 0x00, 0x00, 0x00, 0x00, 0x00, 0x00, 0x00,
    0x00, 0x00, 0x00, 0x00, 0x00, 0x00, 0x00, 0x00, 0x00, 0x00, 0x00, 0x00, 0x00, 0x00, 0x00, 0x00,
    0x00, 0x00, 0x00, 0x00, 0x00, 0x00, 0x00, 0x00, 0x00, 0x00, 0x00, 0x00, 0x00, 0x00, 0x00, 0x00,
    0xb4, 0x01, 0x09, 0x00, 0xb5, 0x01, 0x09, 0x00, 0xb9, 0x03, 0x0a, 0x00, 0xb6, 0x01, 0x09, 0x00,
    0xd5, 0x07, 0x0b, 0x00, 0xd6, 0x07, 0x0b, 0x00, 0xba, 0x03, 0x0a, 0x00, 0xf7, 0x0f, 0x0c, 0x00,
    0x00, 0x00, 0x00, 0x00, 0xf8, 0x0f, 0x0c, 0x00, 0xd7, 0x07, 0x0b, 0x00, 0xbb, 0x03, 0x0a, 0x00,
    0xd8, 0x07, 0x0b, 0x00, 0xbc, 0x03, 0x0a, 0x00, 0xbd, 0x03, 0x0a, 0x00, 0xbe, 0x03, 0x0a, 0x00,
    0xca, 0x00, 0x08, 0x00, 0xbf, 0x03, 0x0a, 0x00, 0xc0, 0x03, 0x0a, 0x00, 0xc1, 0x03, 0x0a, 0x00,
    0xd9, 0x07, 0x0b, 0x00, 0xda, 0x07, 0x0b, 0x00, 0xdb, 0x07, 0x0b, 0x00, 0xdc, 0x07, 0x0b, 0x00,
    0x00, 0x00, 0x00, 0x00, 0xc2, 0x03, 0x0a, 0x00, 0xdd, 0x07, 0x0b, 0x00, 0xde, 0x07, 0x0b, 0x00,
    0xc3, 0x03, 0x0a, 0x00, 0xc4, 0x03, 0x0a, 0x00, 0xc5, 0x03, 0x0a, 0x00, 0xb7, 0x01, 0x09, 0x00,
    0xc6, 0x03, 0x0a, 0x00, 0xc7, 0x03, 0x0a, 0x00, 0xdf, 0x07, 0x0b, 0x00, 0xc8, 0x03, 0x0a, 0x00,
    0xe0, 0x07, 0x0b, 0x00, 0xf9, 0x0f, 0x0c, 0x00, 0xc9, 0x03, 0x0a, 0x00, 0xe1, 0x07, 0x0b, 0x00,
    0x00, 0x00, 0x00, 0x00, 0xe2, 0x07, 0x0b, 0x00, 0xe3, 0x07, 0x0b, 0x00, 0xfa, 0x0f, 0x0c, 0x00,
    0xfb, 0x0f, 0x0c, 0x00, 0xe4, 0x07, 0x0b, 0x00, 0xca, 0x03, 0x0a, 0x00, 0xcb, 0x03, 0x0a, 0x00,
    0xb8, 0x01, 0x09, 0x00, 0xb9, 0x01, 0x09, 0x00, 0xcc, 0x03, 0x0a, 0x00, 0xe5, 0x07, 0x0b, 0x00,
    0xe6, 0x07, 0x0b, 0x00, 0xfc, 0x0f, 0x0c, 0x00, 0xcd, 0x03, 0x0a, 0x00, 0xe7, 0x07, 0x0b, 0x00,
    0x00, 0x00, 0x00, 0x00, 0xe8, 0x07, 0x0b, 0x00, 0xe9, 0x07, 0x0b, 0x00, 0xea, 0x07, 0x0b, 0x00,
    0xeb, 0x07, 0x0b, 0x00, 0xfd, 0x0f, 0x0c, 0x00, 0xce, 0x03, 0x0a, 0x00, 0xcf, 0x03, 0x0a, 0x00,
    0xcb, 0x00, 0x08, 0x00, 0xd0, 0x03, 0x0a, 0x00, 0xd1, 0x03, 0x0a, 0x00, 0xec, 0x07, 0x0b, 0x00,
    0xd2, 0x03, 0x0a, 0x00, 0xed, 0x07, 0x0b, 0x00, 0xd3, 0x03, 0x0a, 0x00, 0xee, 0x07, 0x0b, 0x00,
    0x00, 0x00, 0x00, 0x00, 0xd4, 0x03, 0x0a, 0x00, 0xd5, 0x03, 0x0a, 0x00, 0xef, 0x07, 0x0b, 0x00,
    0xf0, 0x07, 0x0b, 0x00, 0xba, 0x01, 0x09, 0x00, 0xbb, 0x01, 0x09, 0x00, 0xbc, 0x01, 0x09, 0x00,
    0x5f, 0x00, 0x07, 0x00, 0xcc, 0x00, 0x08, 0x00, 0xbd, 0x01, 0x09, 0x00, 0xd6, 0x03, 0x0a, 0x00,
    0xd7, 0x03, 0x0a, 0x00, 0xf1, 0x07, 0x0b, 0x00, 0xd8, 0x03, 0x0a, 0x00, 0xbe, 0x01, 0x09, 0x00,
    0x00, 0x00, 0x00, 0x00, 0xbf, 0x01, 0x09, 0x00, 0xd9, 0x03, 0x0a, 0x00, 0xf2, 0x07, 0x0b, 0x00,
    0xda, 0x03, 0x0a, 0x00, 0xf3, 0x07, 0x0b, 0x00, 0xdb, 0x03, 0x0a, 0x00, 0xcd, 0x00, 0x08, 0x00,
    0x15, 0x00, 0x05, 0x00, 0x60, 0x00, 0x07, 0x00, 0xce, 0x00, 0x08, 0x00, 0xc0, 0x01, 0x09, 0x00,
    0xdc, 0x03, 0x0a, 0x00, 0xdd, 0x03, 0x0a, 0x00, 0xde, 0x03, 0x0a, 0x00, 0xfe, 0x0f, 0x0c, 0x00,
    0x00, 0x00, 0x00, 0x00, 0xc1, 0x01, 0x09, 0x00, 0xff, 0x0f, 0x0c, 0x00, 0xf4, 0x07, 0x0b, 0x00,
    0xf5, 0x07, 0x0b, 0x00, 0xdf, 0x03, 0x0a, 0x00, 0xcf, 0x00, 0x08, 0x00, 0x61, 0x00, 0x07, 0x00,
];

pub const G_A_SPEC_WL5_L: [u8; 1024] = [
    0x00, 0x00, 0x02, 0x00, 0x02, 0x00, 0x03, 0x00, 0x60, 0x00, 0x07, 0x00, 0xb6, 0x01, 0x09, 0x00,
    0xb7, 0x01, 0x09, 0x00, 0x9c, 0x03, 0x0a, 0x00, 0xb8, 0x01, 0x09, 0x00, 0xb9, 0x01, 0x09, 0x00,
    0x00, 0x00, 0x00, 0x00, 0xba, 0x01, 0x09, 0x00, 0xbb, 0x01, 0x09, 0x00, 0x9d, 0x03, 0x0a, 0x00,
    0xbc, 0x01, 0x09, 0x00, 0xd0, 0x00, 0x08, 0x00, 0x61, 0x00, 0x07, 0x00, 0x03, 0x00, 0x03, 0x00,
    0x04, 0x00, 0x03, 0x00, 0x62, 0x00, 0x07, 0x00, 0xd1, 0x00, 0x08, 0x00, 0xbd, 0x01, 0x09, 0x00,
    0x9e, 0x03, 0x0a, 0x00, 0xa2, 0x07, 0x0b, 0x00, 0x9f, 0x03, 0x0a, 0x00, 0xa0, 0x03, 0x0a, 0x00,
    0x00, 0x00, 0x00, 0x00, 0xa1, 0x03, 0x0a, 0x00, 0xa2, 0x03, 0x0a, 0x00, 0xa3, 0x07, 0x0b, 0x00,
    0xa3, 0x03, 0x0a, 0x00, 0xbe, 0x01, 0x09, 0x00, 0xd2, 0x00, 0x08, 0x00, 0x63, 0x00, 0x07, 0x00,
    0x64, 0x00, 0x07, 0x00, 0xd3, 0x00, 0x08, 0x00, 0xbf, 0x01, 0x09, 0x00, 0xa4, 0x03, 0x0a, 0x00,
    0xa4, 0x07, 0x0b, 0x00, 0xa5, 0x07, 0x0b, 0x00, 0xa5, 0x03, 0x0a, 0x00, 0xa6, 0x03, 0x0a, 0x00,
    0x00, 0x00, 0x00, 0x00, 0xa7, 0x03, 0x0a, 0x00, 0xa8, 0x03, 0x0a, 0x00, 0xa6, 0x07, 0x0b, 0x00,
    0xa7, 0x07, 0x0b, 0x00, 0xa9, 0x03, 0x0a, 0x00, 0xc0, 0x01, 0x09, 0x00, 0xd4, 0x00, 0x08, 0x00,
    0xd5, 0x00, 0x08, 0x00, 0xc1, 0x01, 0x09, 0x00, 0xaa, 0x03, 0x0a, 0x00, 0xa8, 0x07, 0x0b, 0x00,
    0xc4, 0x0f, 0x0c, 0x00, 0xc5, 0x0f, 0x0c, 0x00, 0xa9, 0x07, 0x0b, 0x00, 0xaa, 0x07, 0x0b, 0x00,
    0x00, 0x00, 0x00, 0x00, 0xab, 0x07, 0x0b, 0x00, 0xac, 0x07, 0x0b, 0x00, 0xad, 0x07, 0x0b, 0x00,
    0xae, 0x07, 0x0b, 0x00, 0xab, 0x03, 0x0a, 0x00, 0xac, 0x03, 0x0a, 0x00, 0xc2, 0x01, 0x09, 0x00,
    0xc3, 0x01, 0x09, 0x00, 0xad, 0x03, 0x0a, 0x00, 0xaf, 0x07, 0x0b, 0x00, 0xb0, 0x07, 0x0b, 0x00,
    0xc6, 0x0f, 0x0c, 0x00, 0xc7, 0x0f, 0x0c, 0x00, 0xc8, 0x0f, 0x0c, 0x00, 0xb1, 0x07, 0x0b, 0x00,
    0x00, 0x00, 0x00, 0x00, 0xc9, 0x0f, 0x0c, 0x00, 0xb2, 0x07, 0x0b, 0x00, 0xca, 0x0f, 0x0c, 0x00,
    0xcb, 0x0f, 0x0c, 0x00, 0xb3, 0x07, 0x0b, 0x00, 0xb4, 0x07, 0x0b, 0x00, 0xae, 0x03, 0x0a, 0x00,
    0xaf, 0x03, 0x0a, 0x00, 0xb5, 0x07, 0x0b, 0x00, 0xb6, 0x07, 0x0b, 0x00, 0xcc, 0x0f, 0x0c, 0x00,
    0xcd, 0x0f, 0x0c, 0x00, 0xce, 0x0f, 0x0c, 0x00, 0xb7, 0x07, 0x0b, 0x00, 0xcf, 0x0f, 0x0c, 0x00,
    0x00, 0x00, 0x00, 0x00, 0xb8, 0x07, 0x0b, 0x00, 0xd0, 0x0f, 0x0c, 0x00, 0xd1, 0x0f, 0x0c, 0x00,
    0xd2, 0x0f, 0x0c, 0x00, 0xd3, 0x0f, 0x0c, 0x00, 0xb9, 0x07, 0x0b, 0x00, 0xba, 0x07, 0x0b, 0x00,
    0xc4, 0x01, 0x09, 0x00, 0xb0, 0x03, 0x0a, 0x00, 0xb1, 0x03, 0x0a, 0x00, 0xbb, 0x07, 0x0b, 0x00,
    0xd4, 0x0f, 0x0c, 0x00, 0xd5, 0x0f, 0x0c, 0x00, 0xd6, 0x0f, 0x0c, 0x00, 0xd7, 0x0f, 0x0c, 0x00,
    0x00, 0x00, 0x00, 0x00, 0xd8, 0x0f, 0x0c, 0x00, 0xd9, 0x0f, 0x0c, 0x00, 0xda, 0x0f, 0x0c, 0x00,
    0xdb, 0x0f, 0x0c, 0x00, 0xbc, 0x07, 0x0b, 0x00, 0xb2, 0x03, 0x0a, 0x00, 0xb3, 0x03, 0x0a, 0x00,
    0xc5, 0x01, 0x09, 0x00, 0xb4, 0x03, 0x0a, 0x00, 0xb5, 0x03, 0x0a, 0x00, 0xbd, 0x07, 0x0b, 0x00,
    0xbe, 0x07, 0x0b, 0x00, 0xdc, 0x0f, 0x0c, 0x00, 0xdd, 0x0f, 0x0c, 0x00, 0xde, 0x0f, 0x0c, 0x00,
    0x00, 0x00, 0x00, 0x00, 0xdf, 0x0f, 0x0c, 0x00, 0xe0, 0x0f, 0x0c, 0x00, 0xe1, 0x0f, 0x0c, 0x00,
    0xbf, 0x07, 0x0b, 0x00, 0xc0, 0x07, 0x0b, 0x00, 0xb6, 0x03, 0x0a, 0x00, 0xb7, 0x03, 0x0a, 0x00,
    0x00, 0x00, 0x00, 0x00, 0x00, 0x00, 0x00, 0x00, 0x00, 0x00, 0x00, 0x00, 0x00, 0x00, 0x00, 0x00,
    0x00, 0x00, 0x00, 0x00, 0x00, 0x00, 0x00, 0x00, 0x00, 0x00, 0x00, 0x00, 0x00, 0x00, 0x00, 0x00,
    0x00, 0x00, 0x00, 0x00, 0x00, 0x00, 0x00, 0x00, 0x00, 0x00, 0x00, 0x00, 0x00, 0x00, 0x00, 0x00,
    0x00, 0x00, 0x00, 0x00, 0x00, 0x00, 0x00, 0x00, 0x00, 0x00, 0x00, 0x00, 0x00, 0x00, 0x00, 0x00,
    0xc6, 0x01, 0x09, 0x00, 0xb8, 0x03, 0x0a, 0x00, 0xb9, 0x03, 0x0a, 0x00, 0xc1, 0x07, 0x0b, 0x00,
    0xe2, 0x0f, 0x0c, 0x00, 0xc2, 0x07, 0x0b, 0x00, 0xe3, 0x0f, 0x0c, 0x00, 0xe4, 0x0f, 0x0c, 0x00,
    0x00, 0x00, 0x00, 0x00, 0xe5, 0x0f, 0x0c, 0x00, 0xe6, 0x0f, 0x0c, 0x00, 0xc3, 0x07, 0x0b, 0x00,
    0xc4, 0x07, 0x0b, 0x00, 0xc5, 0x07, 0x0b, 0x00, 0xc6, 0x07, 0x0b, 0x00, 0xba, 0x03, 0x0a, 0x00,
    0xbb, 0x03, 0x0a, 0x00, 0xbc, 0x03, 0x0a, 0x00, 0xbd, 0x03, 0x0a, 0x00, 0xc7, 0x07, 0x0b, 0x00,
    0xe7, 0x0f, 0x0c, 0x00, 0xe8, 0x0f, 0x0c, 0x00, 0xc8, 0x07, 0x0b, 0x00, 0xe9, 0x0f, 0x0c, 0x00,
    0x00, 0x00, 0x00, 0x00, 0xea, 0x0f, 0x0c, 0x00, 0xeb, 0x0f, 0x0c, 0x00, 0xec, 0x0f, 0x0c, 0x00,
    0xed, 0x0f, 0x0c, 0x00, 0xc9, 0x07, 0x0b, 0x00, 0xca, 0x07, 0x0b, 0x00, 0xbe, 0x03, 0x0a, 0x00,
    0xbf, 0x03, 0x0a, 0x00, 0xcb, 0x07, 0x0b, 0x00, 0xcc, 0x07, 0x0b, 0x00, 0xee, 0x0f, 0x0c, 0x00,
    0xef, 0x0f, 0x0c, 0x00, 0xf0, 0x0f, 0x0c, 0x00, 0xf1, 0x0f, 0x0c, 0x00, 0xf2, 0x0f, 0x0c, 0x00,
    0x00, 0x00, 0x00, 0x00, 0xcd, 0x07, 0x0b, 0x00, 0xce, 0x07, 0x0b, 0x00, 0xf3, 0x0f, 0x0c, 0x00,
    0xf4, 0x0f, 0x0c, 0x00, 0xf5, 0x0f, 0x0c, 0x00, 0xcf, 0x07, 0x0b, 0x00, 0xd0, 0x07, 0x0b, 0x00,
    0xc7, 0x01, 0x09, 0x00, 0xc0, 0x03, 0x0a, 0x00, 0xc1, 0x03, 0x0a, 0x00, 0xf6, 0x0f, 0x0c, 0x00,
    0xf7, 0x0f, 0x0c, 0x00, 0xf8, 0x0f, 0x0c, 0x00, 0xd1, 0x07, 0x0b, 0x00, 0xd2, 0x07, 0x0b, 0x00,
    0x00, 0x00, 0x00, 0x00, 0xd3, 0x07, 0x0b, 0x00, 0xd4, 0x07, 0x0b, 0x00, 0xf9, 0x0f, 0x0c, 0x00,
    0xfa, 0x0f, 0x0c, 0x00, 0xfb, 0x0f, 0x0c, 0x00, 0xd5, 0x07, 0x0b, 0x00, 0xc2, 0x03, 0x0a, 0x00,
    0xd6, 0x00, 0x08, 0x00, 0xc8, 0x01, 0x09, 0x00, 0xc3, 0x03, 0x0a, 0x00, 0xc4, 0x03, 0x0a, 0x00,
    0xd6, 0x07, 0x0b, 0x00, 0xfc, 0x0f, 0x0c, 0x00, 0xd7, 0x07, 0x0b, 0x00, 0xd8, 0x07, 0x0b, 0x00,
    0x00, 0x00, 0x00, 0x00, 0xd9, 0x07, 0x0b, 0x00, 0xda, 0x07, 0x0b, 0x00, 0xdb, 0x07, 0x0b, 0x00,
    0xfd, 0x0f, 0x0c, 0x00, 0xdc, 0x07, 0x0b, 0x00, 0xc5, 0x03, 0x0a, 0x00, 0xc9, 0x01, 0x09, 0x00,
    0x65, 0x00, 0x07, 0x00, 0xd7, 0x00, 0x08, 0x00, 0xca, 0x01, 0x09, 0x00, 0xc6, 0x03, 0x0a, 0x00,
    0xc7, 0x03, 0x0a, 0x00, 0xdd, 0x07, 0x0b, 0x00, 0xde, 0x07, 0x0b, 0x00, 0xc8, 0x03, 0x0a, 0x00,
    0x00, 0x00, 0x00, 0x00, 0xc9, 0x03, 0x0a, 0x00, 0xdf, 0x07, 0x0b, 0x00, 0xfe, 0x0f, 0x0c, 0x00,
    0xe0, 0x07, 0x0b, 0x00, 0xca, 0x03, 0x0a, 0x00, 0xcb, 0x01, 0x09, 0x00, 0xd8, 0x00, 0x08, 0x00,
    0x05, 0x00, 0x03, 0x00, 0x66, 0x00, 0x07, 0x00, 0xd9, 0x00, 0x08, 0x00, 0xcc, 0x01, 0x09, 0x00,
    0xcb, 0x03, 0x0a, 0x00, 0xe1, 0x07, 0x0b, 0x00, 0xcc, 0x03, 0x0a, 0x00, 0xcd, 0x03, 0x0a, 0x00,
    0x00, 0x00, 0x00, 0x00, 0xce, 0x03, 0x0a, 0x00, 0xcf, 0x03, 0x0a, 0x00, 0xff, 0x0f, 0x0c, 0x00,
    0xd0, 0x03, 0x0a, 0x00, 0xcd, 0x01, 0x09, 0x00, 0xda, 0x00, 0x08, 0x00, 0x67, 0x00, 0x07, 0x00,
];

pub const G_A_SPEC_WL6_B: [u8; 1024] = [
    0x00, 0x00, 0x02, 0x00, 0x06, 0x00, 0x04, 0x00, 0x24, 0x00, 0x06, 0x00, 0x52, 0x00, 0x07, 0x00,
    0xb2, 0x00, 0x08, 0x00, 0x8e, 0x01, 0x09, 0x00, 0x8f, 0x01, 0x09, 0x00, 0x88, 0x03, 0x0a, 0x00,
    0x89, 0x03, 0x0a, 0x00, 0x8a, 0x03, 0x0a, 0x00, 0xba, 0x07, 0x0b, 0x00, 0xf0, 0x0f, 0x0c, 0x00,
    0x8b, 0x03, 0x0a, 0x00, 0x90, 0x01, 0x09, 0x00, 0x91, 0x01, 0x09, 0x00, 0x92, 0x01, 0x09, 0x00,
    0x02, 0x00, 0x03, 0x00, 0x07, 0x00, 0x04, 0x00, 0x10, 0x00, 0x05, 0x00, 0x25, 0x00, 0x06, 0x00,
    0x53, 0x00, 0x07, 0x00, 0xb3, 0x00, 0x08, 0x00, 0xb4, 0x00, 0x08, 0x00, 0x93, 0x01, 0x09, 0x00,
    0x94, 0x01, 0x09, 0x00, 0x8c, 0x03, 0x0a, 0x00, 0x8d, 0x03, 0x0a, 0x00, 0x8e, 0x03, 0x0a, 0x00,
    0x8f, 0x03, 0x0a, 0x00, 0xb5, 0x00, 0x08, 0x00, 0xb6, 0x00, 0x08, 0x00, 0x95, 0x01, 0x09, 0x00,
    0x26, 0x00, 0x06, 0x00, 0x11, 0x00, 0x05, 0x00, 0x27, 0x00, 0x06, 0x00, 0x54, 0x00, 0x07, 0x00,
    0xb7, 0x00, 0x08, 0x00, 0xb8, 0x00, 0x08, 0x00, 0x96, 0x01, 0x09, 0x00, 0x97, 0x01, 0x09, 0x00,
    0x90, 0x03, 0x0a, 0x00, 0x91, 0x03, 0x0a, 0x00, 0x92, 0x03, 0x0a, 0x00, 0xbb, 0x07, 0x0b, 0x00,
    0x93, 0x03, 0x0a, 0x00, 0xb9, 0x00, 0x08, 0x00, 0x98, 0x01, 0x09, 0x00, 0x99, 0x01, 0x09, 0x00,
    0x55, 0x00, 0x07, 0x00, 0x28, 0x00, 0x06, 0x00, 0x56, 0x00, 0x07, 0x00, 0xba, 0x00, 0x08, 0x00,
    0xbb, 0x00, 0x08, 0x00, 0x9a, 0x01, 0x09, 0x00, 0x9b, 0x01, 0x09, 0x00, 0x94, 0x03, 0x0a, 0x00,
    0x95, 0x03, 0x0a, 0x00, 0x96, 0x03, 0x0a, 0x00, 0x97, 0x03, 0x0a, 0x00, 0xbc, 0x07, 0x0b, 0x00,
    0x98, 0x03, 0x0a, 0x00, 0xbc, 0x00, 0x08, 0x00, 0x9c, 0x01, 0x09, 0x00, 0x9d, 0x01, 0x09, 0x00,
    0xbd, 0x00, 0x08, 0x00, 0x57, 0x00, 0x07, 0x00, 0x58, 0x00, 0x07, 0x00, 0xbe, 0x00, 0x08, 0x00,
    0x9e, 0x01, 0x09, 0x00, 0x9f, 0x01, 0x09, 0x00, 0x99, 0x03, 0x0a, 0x00, 0x9a, 0x03, 0x0a, 0x00,
    0x9b, 0x03, 0x0a, 0x00, 0x9c, 0x03, 0x0a, 0x00, 0x9d, 0x03, 0x0a, 0x00, 0xbd, 0x07, 0x0b, 0x00,
    0x9e, 0x03, 0x0a, 0x00, 0xa0, 0x01, 0x09, 0x00, 0xa1, 0x01, 0x09, 0x00, 0xa2, 0x01, 0x09, 0x00,
    0xbf, 0x00, 0x08, 0x00, 0xc0, 0x00, 0x08, 0x00, 0xc1, 0x00, 0x08, 0x00, 0xa3, 0x01, 0x09, 0x00,
    0xa4, 0x01, 0x09, 0x00, 0xa5, 0x01, 0x09, 0x00, 0x9f, 0x03, 0x0a, 0x00, 0xa0, 0x03, 0x0a, 0x00,
    0xa1, 0x03, 0x0a, 0x00, 0xbe, 0x07, 0x0b, 0x00, 0xbf, 0x07, 0x0b, 0x00, 0xc0, 0x07, 0x0b, 0x00,
    0xc1, 0x07, 0x0b, 0x00, 0xa6, 0x01, 0x09, 0x00, 0xa7, 0x01, 0x09, 0x00, 0xa8, 0x01, 0x09, 0x00,
    0xa9, 0x01, 0x09, 0x00, 0xc2, 0x00, 0x08, 0x00, 0xaa, 0x01, 0x09, 0x00, 0xab, 0x01, 0x09, 0x00,
    0xa2, 0x03, 0x0a, 0x00, 0xa3, 0x03, 0x0a, 0x00, 0xa4, 0x03, 0x0a, 0x00, 0xc2, 0x07, 0x0b, 0x00,
    0xc3, 0x07, 0x0b, 0x00, 0xc4, 0x07, 0x0b, 0x00, 0xc5, 0x07, 0x0b, 0x00, 0xc6, 0x07, 0x0b, 0x00,
    0xa5, 0x03, 0x0a, 0x00, 0xac, 0x01, 0x09, 0x00, 0xa6, 0x03, 0x0a, 0x00, 0xa7, 0x03, 0x0a, 0x00,
    0xad, 0x01, 0x09, 0x00, 0xae, 0x01, 0x09, 0x00, 0xaf, 0x01, 0x09, 0x00, 0xb0, 0x01, 0x09, 0x00,
    0xa8, 0x03, 0x0a, 0x00, 0xa9, 0x03, 0x0a, 0x00, 0xc7, 0x07, 0x0b, 0x00, 0xc8, 0x07, 0x0b, 0x00,
    0xc9, 0x07, 0x0b, 0x00, 0xca, 0x07, 0x0b, 0x00, 0xf1, 0x0f, 0x0c, 0x00, 0xf2, 0x0f, 0x0c, 0x00,
    0xcb, 0x07, 0x0b, 0x00, 0xb1, 0x01, 0x09, 0x00, 0xaa, 0x03, 0x0a, 0x00, 0xab, 0x03, 0x0a, 0x00,
    0xac, 0x03, 0x0a, 0x00, 0xb2, 0x01, 0x09, 0x00, 0xb3, 0x01, 0x09, 0x00, 0xad, 0x03, 0x0a, 0x00,
    0xae, 0x03, 0x0a, 0x00, 0xaf, 0x03, 0x0a, 0x00, 0xb0, 0x03, 0x0a, 0x00, 0xcc, 0x07, 0x0b, 0x00,
    0xcd, 0x07, 0x0b, 0x00, 0xce, 0x07, 0x0b, 0x00, 0xf3, 0x0f, 0x0c, 0x00, 0xf4, 0x0f, 0x0c, 0x00,
    0xcf, 0x07, 0x0b, 0x00, 0xb1, 0x03, 0x0a, 0x00, 0xb2, 0x03, 0x0a, 0x00, 0xb3, 0x03, 0x0a, 0x00,
    0xb4, 0x03, 0x0a, 0x00, 0xb5, 0x03, 0x0a, 0x00, 0xb6, 0x03, 0x0a, 0x00, 0xb7, 0x03, 0x0a, 0x00,
    0xd0, 0x07, 0x0b, 0x00, 0xb8, 0x03, 0x0a, 0x00, 0xd1, 0x07, 0x0b, 0x00, 0xd2, 0x07, 0x0b, 0x00,
    0xd3, 0x07, 0x0b, 0x00, 0xd4, 0x07, 0x0b, 0x00, 0xf5, 0x0f, 0x0c, 0x00, 0xf6, 0x0f, 0x0c, 0x00,
    0xd5, 0x07, 0x0b, 0x00, 0xb9, 0x03, 0x0a, 0x00, 0xba, 0x03, 0x0a, 0x00, 0xbb, 0x03, 0x0a, 0x00,
    0xd6, 0x07, 0x0b, 0x00, 0xbc, 0x03, 0x0a, 0x00, 0xbd, 0x03, 0x0a, 0x00, 0xbe, 0x03, 0x0a, 0x00,
    0xd7, 0x07, 0x0b, 0x00, 0xd8, 0x07, 0x0b, 0x00, 0xd9, 0x07, 0x0b, 0x00, 0xda, 0x07, 0x0b, 0x00,
    0xf7, 0x0f, 0x0c, 0x00, 0xf8, 0x0f, 0x0c, 0x00, 0xf9, 0x0f, 0x0c, 0x00, 0xfa, 0x0f, 0x0c, 0x00,
    0xdb, 0x07, 0x0b, 0x00, 0xbf, 0x03, 0x0a, 0x00, 0xc0, 0x03, 0x0a, 0x00, 0xc1, 0x03, 0x0a, 0x00,
    0xdc, 0x07, 0x0b, 0x00, 0xc2, 0x03, 0x0a, 0x00, 0xc3, 0x03, 0x0a, 0x00, 0xdd, 0x07, 0x0b, 0x00,
    0xde, 0x07, 0x0b, 0x00, 0xdf, 0x07, 0x0b, 0x00, 0xe0, 0x07, 0x0b, 0x00, 0xfb, 0x0f, 0x0c, 0x00,
    0xfc, 0x0f, 0x0c, 0x00, 0xfd, 0x0f, 0x0c, 0x00, 0xfe, 0x0f, 0x0c, 0x00, 0xff, 0x0f, 0x0c, 0x00,
    0xe1, 0x07, 0x0b, 0x00, 0xc4, 0x03, 0x0a, 0x00, 0xc5, 0x03, 0x0a, 0x00, 0xc6, 0x03, 0x0a, 0x00,
    0xc7, 0x03, 0x0a, 0x00, 0xb4, 0x01, 0x09, 0x00, 0xc8, 0x03, 0x0a, 0x00, 0xc9, 0x03, 0x0a, 0x00,
    0xe2, 0x07, 0x0b, 0x00, 0xe3, 0x07, 0x0b, 0x00, 0xe4, 0x07, 0x0b, 0x00, 0xe5, 0x07, 0x0b, 0x00,
    0xe6, 0x07, 0x0b, 0x00, 0xe7, 0x07, 0x0b, 0x00, 0xe8, 0x07, 0x0b, 0x00, 0xe9, 0x07, 0x0b, 0x00,
    0xea, 0x07, 0x0b, 0x00, 0xca, 0x03, 0x0a, 0x00, 0xcb, 0x03, 0x0a, 0x00, 0xeb, 0x07, 0x0b, 0x00,
    0xb5, 0x01, 0x09, 0x00, 0xc3, 0x00, 0x08, 0x00, 0xc4, 0x00, 0x08, 0x00, 0xb6, 0x01, 0x09, 0x00,
    0xb7, 0x01, 0x09, 0x00, 0xb8, 0x01, 0x09, 0x00, 0xb9, 0x01, 0x09, 0x00, 0xcc, 0x03, 0x0a, 0x00,
    0xba, 0x01, 0x09, 0x00, 0xcd, 0x03, 0x0a, 0x00, 0xce, 0x03, 0x0a, 0x00, 0xcf, 0x03, 0x0a, 0x00,
    0xd0, 0x03, 0x0a, 0x00, 0xec, 0x07, 0x0b, 0x00, 0xed, 0x07, 0x0b, 0x00, 0xee, 0x07, 0x0b, 0x00,
    0xbb, 0x01, 0x09, 0x00, 0xc5, 0x00, 0x08, 0x00, 0xc6, 0x00, 0x08, 0x00, 0xbc, 0x01, 0x09, 0x00,
    0xbd, 0x01, 0x09, 0x00, 0xbe, 0x01, 0x09, 0x00, 0xd1, 0x03, 0x0a, 0x00, 0xd2, 0x03, 0x0a, 0x00,
    0xd3, 0x03, 0x0a, 0x00, 0xd4, 0x03, 0x0a, 0x00, 0xd5, 0x03, 0x0a, 0x00, 0xd6, 0x03, 0x0a, 0x00,
    0xd7, 0x03, 0x0a, 0x00, 0xef, 0x07, 0x0b, 0x00, 0xf0, 0x07, 0x0b, 0x00, 0xf1, 0x07, 0x0b, 0x00,
    0xbf, 0x01, 0x09, 0x00, 0xc0, 0x01, 0x09, 0x00, 0xc1, 0x01, 0x09, 0x00, 0xc2, 0x01, 0x09, 0x00,
    0xd8, 0x03, 0x0a, 0x00, 0xc3, 0x01, 0x09, 0x00, 0xd9, 0x03, 0x0a, 0x00, 0xda, 0x03, 0x0a, 0x00,
    0xdb, 0x03, 0x0a, 0x00, 0xf2, 0x07, 0x0b, 0x00, 0xdc, 0x03, 0x0a, 0x00, 0xf3, 0x07, 0x0b, 0x00,
    0xf4, 0x07, 0x0b, 0x00, 0xf5, 0x07, 0x0b, 0x00, 0xf6, 0x07, 0x0b, 0x00, 0xf7, 0x07, 0x0b, 0x00,
];

pub const G_A_SPEC_WL6_D: [u8; 1024] = [
    0x00, 0x00, 0x03, 0x00, 0x02, 0x00, 0x04, 0x00, 0x0a, 0x00, 0x05, 0x00, 0x46, 0x00, 0x07, 0x00,
    0x47, 0x00, 0x07, 0x00, 0xa6, 0x00, 0x08, 0x00, 0x82, 0x01, 0x09, 0x00, 0x83, 0x01, 0x09, 0x00,
    0x8e, 0x03, 0x0a, 0x00, 0x8f, 0x03, 0x0a, 0x00, 0x90, 0x03, 0x0a, 0x00, 0xdc, 0x07, 0x0b, 0x00,
    0x91, 0x03, 0x0a, 0x00, 0x84, 0x01, 0x09, 0x00, 0x92, 0x03, 0x0a, 0x00, 0x93, 0x03, 0x0a, 0x00,
    0x03, 0x00, 0x04, 0x00, 0x04, 0x00, 0x04, 0x00, 0x0b, 0x00, 0x05, 0x00, 0x1e, 0x00, 0x06, 0x00,
    0x1f, 0x00, 0x06, 0x00, 0x48, 0x00, 0x07, 0x00, 0xa7, 0x00, 0x08, 0x00, 0xa8, 0x00, 0x08, 0x00,
    0x85, 0x01, 0x09, 0x00, 0x86, 0x01, 0x09, 0x00, 0x87, 0x01, 0x09, 0x00, 0x94, 0x03, 0x0a, 0x00,
    0x88, 0x01, 0x09, 0x00, 0xa9, 0x00, 0x08, 0x00, 0x89, 0x01, 0x09, 0x00, 0x8a, 0x01, 0x09, 0x00,
    0x0c, 0x00, 0x05, 0x00, 0x0d, 0x00, 0x05, 0x00, 0x0e, 0x00, 0x05, 0x00, 0x20, 0x00, 0x06, 0x00,
    0x49, 0x00, 0x07, 0x00, 0xaa, 0x00, 0x08, 0x00, 0xab, 0x00, 0x08, 0x00, 0xac, 0x00, 0x08, 0x00,
    0x8b, 0x01, 0x09, 0x00, 0x8c, 0x01, 0x09, 0x00, 0x95, 0x03, 0x0a, 0x00, 0x96, 0x03, 0x0a, 0x00,
    0x8d, 0x01, 0x09, 0x00, 0xad, 0x00, 0x08, 0x00, 0x8e, 0x01, 0x09, 0x00, 0x8f, 0x01, 0x09, 0x00,
    0x4a, 0x00, 0x07, 0x00, 0x21, 0x00, 0x06, 0x00, 0x22, 0x00, 0x06, 0x00, 0x4b, 0x00, 0x07, 0x00,
    0x4c, 0x00, 0x07, 0x00, 0xae, 0x00, 0x08, 0x00, 0xaf, 0x00, 0x08, 0x00, 0x90, 0x01, 0x09, 0x00,
    0x91, 0x01, 0x09, 0x00, 0x97, 0x03, 0x0a, 0x00, 0x98, 0x03, 0x0a, 0x00, 0x99, 0x03, 0x0a, 0x00,
    0x9a, 0x03, 0x0a, 0x00, 0xb0, 0x00, 0x08, 0x00, 0x92, 0x01, 0x09, 0x00, 0x93, 0x01, 0x09, 0x00,
    0x4d, 0x00, 0x07, 0x00, 0x4e, 0x00, 0x07, 0x00, 0x4f, 0x00, 0x07, 0x00, 0x50, 0x00, 0x07, 0x00,
    0xb1, 0x00, 0x08, 0x00, 0xb2, 0x00, 0x08, 0x00, 0xb3, 0x00, 0x08, 0x00, 0x94, 0x01, 0x09, 0x00,
    0x95, 0x01, 0x09, 0x00, 0x9b, 0x03, 0x0a, 0x00, 0x9c, 0x03, 0x0a, 0x00, 0x9d, 0x03, 0x0a, 0x00,
    0x96, 0x01, 0x09, 0x00, 0x97, 0x01, 0x09, 0x00, 0x98, 0x01, 0x09, 0x00, 0x99, 0x01, 0x09, 0x00,
    0xb4, 0x00, 0x08, 0x00, 0x51, 0x00, 0x07, 0x00, 0x52, 0x00, 0x07, 0x00, 0xb5, 0x00, 0x08, 0x00,
    0xb6, 0x00, 0x08, 0x00, 0xb7, 0x00, 0x08, 0x00, 0x9a, 0x01, 0x09, 0x00, 0x9b, 0x01, 0x09, 0x00,
    0x9c, 0x01, 0x09, 0x00, 0x9e, 0x03, 0x0a, 0x00, 0x9f, 0x03, 0x0a, 0x00, 0xa0, 0x03, 0x0a, 0x00,
    0xa1, 0x03, 0x0a, 0x00, 0x9d, 0x01, 0x09, 0x00, 0x9e, 0x01, 0x09, 0x00, 0xa2, 0x03, 0x0a, 0x00,
    0x9f, 0x01, 0x09, 0x00, 0xb8, 0x00, 0x08, 0x00, 0xb9, 0x00, 0x08, 0x00, 0xba, 0x00, 0x08, 0x00,
    0xbb, 0x00, 0x08, 0x00, 0xa0, 0x01, 0x09, 0x00, 0xa1, 0x01, 0x09, 0x00, 0xa3, 0x03, 0x0a, 0x00,
    0xa4, 0x03, 0x0a, 0x00, 0xa5, 0x03, 0x0a, 0x00, 0xa6, 0x03, 0x0a, 0x00, 0xdd, 0x07, 0x0b, 0x00,
    0xa7, 0x03, 0x0a, 0x00, 0xa2, 0x01, 0x09, 0x00, 0xa3, 0x01, 0x09, 0x00, 0xa8, 0x03, 0x0a, 0x00,
    0xa4, 0x01, 0x09, 0x00, 0xbc, 0x00, 0x08, 0x00, 0xbd, 0x00, 0x08, 0x00, 0xa5, 0x01, 0x09, 0x00,
    0xa6, 0x01, 0x09, 0x00, 0xa7, 0x01, 0x09, 0x00, 0xa8, 0x01, 0x09, 0x00, 0xa9, 0x03, 0x0a, 0x00,
    0xaa, 0x03, 0x0a, 0x00, 0xab, 0x03, 0x0a, 0x00, 0xac, 0x03, 0x0a, 0x00, 0xde, 0x07, 0x0b, 0x00,
    0xad, 0x03, 0x0a, 0x00, 0xa9, 0x01, 0x09, 0x00, 0xaa, 0x01, 0x09, 0x00, 0xae, 0x03, 0x0a, 0x00,
    0xaf, 0x03, 0x0a, 0x00, 0xab, 0x01, 0x09, 0x00, 0xac, 0x01, 0x09, 0x00, 0xad, 0x01, 0x09, 0x00,
    0xae, 0x01, 0x09, 0x00, 0xaf, 0x01, 0x09, 0x00, 0xb0, 0x03, 0x0a, 0x00, 0xb1, 0x03, 0x0a, 0x00,
    0xb2, 0x03, 0x0a, 0x00, 0xb3, 0x03, 0x0a, 0x00, 0xdf, 0x07, 0x0b, 0x00, 0xe0, 0x07, 0x0b, 0x00,
    0xb4, 0x03, 0x0a, 0x00, 0xb0, 0x01, 0x09, 0x00, 0xb5, 0x03, 0x0a, 0x00, 0xb6, 0x03, 0x0a, 0x00,
    0xb7, 0x03, 0x0a, 0x00, 0xb1, 0x01, 0x09, 0x00, 0xb2, 0x01, 0x09, 0x00, 0xb8, 0x03, 0x0a, 0x00,
    0xb9, 0x03, 0x0a, 0x00, 0xba, 0x03, 0x0a, 0x00, 0xbb, 0x03, 0x0a, 0x00, 0xbc, 0x03, 0x0a, 0x00,
    0xbd, 0x03, 0x0a, 0x00, 0xe1, 0x07, 0x0b, 0x00, 0xe2, 0x07, 0x0b, 0x00, 0xe3, 0x07, 0x0b, 0x00,
    0xe4, 0x07, 0x0b, 0x00, 0xbe, 0x03, 0x0a, 0x00, 0xbf, 0x03, 0x0a, 0x00, 0xc0, 0x03, 0x0a, 0x00,
    0xc1, 0x03, 0x0a, 0x00, 0xc2, 0x03, 0x0a, 0x00, 0xb3, 0x01, 0x09, 0x00, 0xc3, 0x03, 0x0a, 0x00,
    0xc4, 0x03, 0x0a, 0x00, 0xc5, 0x03, 0x0a, 0x00, 0xc6, 0x03, 0x0a, 0x00, 0xe5, 0x07, 0x0b, 0x00,
    0xe6, 0x07, 0x0b, 0x00, 0xe7, 0x07, 0x0b, 0x00, 0xe8, 0x07, 0x0b, 0x00, 0xe9, 0x07, 0x0b, 0x00,
    0xea, 0x07, 0x0b, 0x00, 0xc7, 0x03, 0x0a, 0x00, 0xc8, 0x03, 0x0a, 0x00, 0xc9, 0x03, 0x0a, 0x00,
    0xeb, 0x07, 0x0b, 0x00, 0xca, 0x03, 0x0a, 0x00, 0xcb, 0x03, 0x0a, 0x00, 0xcc, 0x03, 0x0a, 0x00,
    0xcd, 0x03, 0x0a, 0x00, 0xce, 0x03, 0x0a, 0x00, 0xec, 0x07, 0x0b, 0x00, 0xed, 0x07, 0x0b, 0x00,
    0xee, 0x07, 0x0b, 0x00, 0xef, 0x07, 0x0b, 0x00, 0xfe, 0x0f, 0x0c, 0x00, 0xff, 0x0f, 0x0c, 0x00,
    0xf0, 0x07, 0x0b, 0x00, 0xcf, 0x03, 0x0a, 0x00, 0xd0, 0x03, 0x0a, 0x00, 0xd1, 0x03, 0x0a, 0x00,
    0xd2, 0x03, 0x0a, 0x00, 0xb4, 0x01, 0x09, 0x00, 0xb5, 0x01, 0x09, 0x00, 0xd3, 0x03, 0x0a, 0x00,
    0xd4, 0x03, 0x0a, 0x00, 0xd5, 0x03, 0x0a, 0x00, 0xd6, 0x03, 0x0a, 0x00, 0xd7, 0x03, 0x0a, 0x00,
    0xd8, 0x03, 0x0a, 0x00, 0xd9, 0x03, 0x0a, 0x00, 0xf1, 0x07, 0x0b, 0x00, 0xf2, 0x07, 0x0b, 0x00,
    0xf3, 0x07, 0x0b, 0x00, 0xda, 0x03, 0x0a, 0x00, 0xdb, 0x03, 0x0a, 0x00, 0xf4, 0x07, 0x0b, 0x00,
    0xb6, 0x01, 0x09, 0x00, 0xbe, 0x00, 0x08, 0x00, 0xbf, 0x00, 0x08, 0x00, 0xc0, 0x00, 0x08, 0x00,
    0xb7, 0x01, 0x09, 0x00, 0xb8, 0x01, 0x09, 0x00, 0xb9, 0x01, 0x09, 0x00, 0xba, 0x01, 0x09, 0x00,
    0xbb, 0x01, 0x09, 0x00, 0xbc, 0x01, 0x09, 0x00, 0xdc, 0x03, 0x0a, 0x00, 0xdd, 0x03, 0x0a, 0x00,
    0xde, 0x03, 0x0a, 0x00, 0xdf, 0x03, 0x0a, 0x00, 0xe0, 0x03, 0x0a, 0x00, 0xf5, 0x07, 0x0b, 0x00,
    0xe1, 0x03, 0x0a, 0x00, 0xbd, 0x01, 0x09, 0x00, 0xbe, 0x01, 0x09, 0x00, 0xbf, 0x01, 0x09, 0x00,
    0xc0, 0x01, 0x09, 0x00, 0xc1, 0x01, 0x09, 0x00, 0xc2, 0x01, 0x09, 0x00, 0xc3, 0x01, 0x09, 0x00,
    0xe2, 0x03, 0x0a, 0x00, 0xe3, 0x03, 0x0a, 0x00, 0xe4, 0x03, 0x0a, 0x00, 0xe5, 0x03, 0x0a, 0x00,
    0xf6, 0x07, 0x0b, 0x00, 0xf7, 0x07, 0x0b, 0x00, 0xf8, 0x07, 0x0b, 0x00, 0xf9, 0x07, 0x0b, 0x00,
    0xe6, 0x03, 0x0a, 0x00, 0xc4, 0x01, 0x09, 0x00, 0xc5, 0x01, 0x09, 0x00, 0xc6, 0x01, 0x09, 0x00,
    0xe7, 0x03, 0x0a, 0x00, 0xe8, 0x03, 0x0a, 0x00, 0xe9, 0x03, 0x0a, 0x00, 0xea, 0x03, 0x0a, 0x00,
    0xeb, 0x03, 0x0a, 0x00, 0xec, 0x03, 0x0a, 0x00, 0xed, 0x03, 0x0a, 0x00, 0xfa, 0x07, 0x0b, 0x00,
    0xfb, 0x07, 0x0b, 0x00, 0xfc, 0x07, 0x0b, 0x00, 0xfd, 0x07, 0x0b, 0x00, 0xfe, 0x07, 0x0b, 0x00,
];

pub const G_A_SPEC_WL6_G: [u8; 128] = [
    0x00, 0x00, 0x02, 0x00, 0x02, 0x00, 0x03, 0x00, 0x08, 0x00, 0x04, 0x00, 0x14, 0x00, 0x05, 0x00,
    0x15, 0x00, 0x05, 0x00, 0x34, 0x00, 0x06, 0x00, 0x35, 0x00, 0x06, 0x00, 0x36, 0x00, 0x06, 0x00,
    0x37, 0x00, 0x06, 0x00, 0x78, 0x00, 0x07, 0x00, 0x79, 0x00, 0x07, 0x00, 0x7a, 0x00, 0x07, 0x00,
    0xfc, 0x00, 0x08, 0x00, 0xfe, 0x01, 0x09, 0x00, 0xfe, 0x03, 0x0a, 0x00, 0x16, 0x00, 0x05, 0x00,
    0x00, 0x00, 0x00, 0x00, 0x17, 0x00, 0x05, 0x00, 0xff, 0x03, 0x0a, 0x00, 0xfd, 0x00, 0x08, 0x00,
    0xfe, 0x00, 0x08, 0x00, 0x7b, 0x00, 0x07, 0x00, 0x7c, 0x00, 0x07, 0x00, 0x7d, 0x00, 0x07, 0x00,
    0x38, 0x00, 0x06, 0x00, 0x39, 0x00, 0x06, 0x00, 0x3a, 0x00, 0x06, 0x00, 0x3b, 0x00, 0x06, 0x00,
    0x18, 0x00, 0x05, 0x00, 0x19, 0x00, 0x05, 0x00, 0x09, 0x00, 0x04, 0x00, 0x03, 0x00, 0x03, 0x00,
];

pub const G_A_SPEC_WL6_H: [u8; 1024] = [
    0x00, 0x00, 0x03, 0x00, 0x02, 0x00, 0x04, 0x00, 0x0a, 0x00, 0x05, 0x00, 0x1c, 0x00, 0x06, 0x00,
    0x48, 0x00, 0x07, 0x00, 0xa4, 0x00, 0x08, 0x00, 0xa5, 0x00, 0x08, 0x00, 0x90, 0x01, 0x09, 0x00,
    0x91, 0x01, 0x09, 0x00, 0x98, 0x03, 0x0a, 0x00, 0x99, 0x03, 0x0a, 0x00, 0x9a, 0x03, 0x0a, 0x00,
    0x9b, 0x03, 0x0a, 0x00, 0xa6, 0x00, 0x08, 0x00, 0x92, 0x01, 0x09, 0x00, 0x93, 0x01, 0x09, 0x00,
    0x03, 0x00, 0x04, 0x00, 0x04, 0x00, 0x04, 0x00, 0x0b, 0x00, 0x05, 0x00, 0x1d, 0x00, 0x06, 0x00,
    0x1e, 0x00, 0x06, 0x00, 0x49, 0x00, 0x07, 0x00, 0x4a, 0x00, 0x07, 0x00, 0xa7, 0x00, 0x08, 0x00,
    0xa8, 0x00, 0x08, 0x00, 0x94, 0x01, 0x09, 0x00, 0x95, 0x01, 0x09, 0x00, 0x9c, 0x03, 0x0a, 0x00,
    0x96, 0x01, 0x09, 0x00, 0xa9, 0x00, 0x08, 0x00, 0xaa, 0x00, 0x08, 0x00, 0xab, 0x00, 0x08, 0x00,
    0x0c, 0x00, 0x05, 0x00, 0x0d, 0x00, 0x05, 0x00, 0x1f, 0x00, 0x06, 0x00, 0x4b, 0x00, 0x07, 0x00,
    0x4c, 0x00, 0x07, 0x00, 0xac, 0x00, 0x08, 0x00, 0xad, 0x00, 0x08, 0x00, 0xae, 0x00, 0x08, 0x00,
    0x97, 0x01, 0x09, 0x00, 0x98, 0x01, 0x09, 0x00, 0x9d, 0x03, 0x0a, 0x00, 0x9e, 0x03, 0x0a, 0x00,
    0x99, 0x01, 0x09, 0x00, 0xaf, 0x00, 0x08, 0x00, 0x9a, 0x01, 0x09, 0x00, 0x9b, 0x01, 0x09, 0x00,
    0x20, 0x00, 0x06, 0x00, 0x21, 0x00, 0x06, 0x00, 0x22, 0x00, 0x06, 0x00, 0x4d, 0x00, 0x07, 0x00,
    0xb0, 0x00, 0x08, 0x00, 0xb1, 0x00, 0x08, 0x00, 0xb2, 0x00, 0x08, 0x00, 0x9c, 0x01, 0x09, 0x00,
    0x9d, 0x01, 0x09, 0x00, 0x9e, 0x01, 0x09, 0x00, 0x9f, 0x03, 0x0a, 0x00, 0xa0, 0x03, 0x0a, 0x00,
    0xa1, 0x03, 0x0a, 0x00, 0xb3, 0x00, 0x08, 0x00, 0x9f, 0x01, 0x09, 0x00, 0xa0, 0x01, 0x09, 0x00,
    0x4e, 0x00, 0x07, 0x00, 0x23, 0x00, 0x06, 0x00, 0x4f, 0x00, 0x07, 0x00, 0xb4, 0x00, 0x08, 0x00,
    0xb5, 0x00, 0x08, 0x00, 0xb6, 0x00, 0x08, 0x00, 0xa1, 0x01, 0x09, 0x00, 0xa2, 0x01, 0x09, 0x00,
    0xa3, 0x01, 0x09, 0x00, 0xa2, 0x03, 0x0a, 0x00, 0xa3, 0x03, 0x0a, 0x00, 0xa4, 0x03, 0x0a, 0x00,
    0xa5, 0x03, 0x0a, 0x00, 0xa4, 0x01, 0x09, 0x00, 0xa5, 0x01, 0x09, 0x00, 0xa6, 0x01, 0x09, 0x00,
    0xb7, 0x00, 0x08, 0x00, 0x50, 0x00, 0x07, 0x00, 0xb8, 0x00, 0x08, 0x00, 0xb9, 0x00, 0x08, 0x00,
    0xba, 0x00, 0x08, 0x00, 0xa7, 0x01, 0x09, 0x00, 0xa8, 0x01, 0x09, 0x00, 0xa6, 0x03, 0x0a, 0x00,
    0xa7, 0x03, 0x0a, 0x00, 0xa8, 0x03, 0x0a, 0x00, 0xa9, 0x03, 0x0a, 0x00, 0xcc, 0x07, 0x0b, 0x00,
    0xaa, 0x03, 0x0a, 0x00, 0xa9, 0x01, 0x09, 0x00, 0xaa, 0x01, 0x09, 0x00, 0xab, 0x01, 0x09, 0x00,
    0xbb, 0x00, 0x08, 0x00, 0x51, 0x00, 0x07, 0x00, 0xbc, 0x00, 0x08, 0x00, 0xbd, 0x00, 0x08, 0x00,
    0xac, 0x01, 0x09, 0x00, 0xad, 0x01, 0x09, 0x00, 0xae, 0x01, 0x09, 0x00, 0xab, 0x03, 0x0a, 0x00,
    0xac, 0x03, 0x0a, 0x00, 0xad, 0x03, 0x0a, 0x00, 0xcd, 0x07, 0x0b, 0x00, 0xce, 0x07, 0x0b, 0x00,
    0xcf, 0x07, 0x0b, 0x00, 0xaf, 0x01, 0x09, 0x00, 0xae, 0x03, 0x0a, 0x00, 0xaf, 0x03, 0x0a, 0x00,
    0xb0, 0x01, 0x09, 0x00, 0xbe, 0x00, 0x08, 0x00, 0xbf, 0x00, 0x08, 0x00, 0xb1, 0x01, 0x09, 0x00,
    0xb2, 0x01, 0x09, 0x00, 0xb3, 0x01, 0x09, 0x00, 0xb0, 0x03, 0x0a, 0x00, 0xb1, 0x03, 0x0a, 0x00,
    0xb2, 0x03, 0x0a, 0x00, 0xd0, 0x07, 0x0b, 0x00, 0xd1, 0x07, 0x0b, 0x00, 0xf8, 0x0f, 0x0c, 0x00,
    0xd2, 0x07, 0x0b, 0x00, 0xb3, 0x03, 0x0a, 0x00, 0xb4, 0x03, 0x0a, 0x00, 0xb5, 0x03, 0x0a, 0x00,
    0xb4, 0x01, 0x09, 0x00, 0xc0, 0x00, 0x08, 0x00, 0xb5, 0x01, 0x09, 0x00, 0xb6, 0x01, 0x09, 0x00,
    0xb7, 0x01, 0x09, 0x00, 0xb6, 0x03, 0x0a, 0x00, 0xb7, 0x03, 0x0a, 0x00, 0xb8, 0x03, 0x0a, 0x00,
    0xb9, 0x03, 0x0a, 0x00, 0xd3, 0x07, 0x0b, 0x00, 0xd4, 0x07, 0x0b, 0x00, 0xd5, 0x07, 0x0b, 0x00,
    0xd6, 0x07, 0x0b, 0x00, 0xba, 0x03, 0x0a, 0x00, 0xbb, 0x03, 0x0a, 0x00, 0xbc, 0x03, 0x0a, 0x00,
    0xbd, 0x03, 0x0a, 0x00, 0xb8, 0x01, 0x09, 0x00, 0xb9, 0x01, 0x09, 0x00, 0xba, 0x01, 0x09, 0x00,
    0xbe, 0x03, 0x0a, 0x00, 0xbf, 0x03, 0x0a, 0x00, 0xc0, 0x03, 0x0a, 0x00, 0xd7, 0x07, 0x0b, 0x00,
    0xd8, 0x07, 0x0b, 0x00, 0xd9, 0x07, 0x0b, 0x00, 0xda, 0x07, 0x0b, 0x00, 0xdb, 0x07, 0x0b, 0x00,
    0xdc, 0x07, 0x0b, 0x00, 0xc1, 0x03, 0x0a, 0x00, 0xc2, 0x03, 0x0a, 0x00, 0xc3, 0x03, 0x0a, 0x00,
    0xc4, 0x03, 0x0a, 0x00, 0xbb, 0x01, 0x09, 0x00, 0xbc, 0x01, 0x09, 0x00, 0xc5, 0x03, 0x0a, 0x00,
    0xc6, 0x03, 0x0a, 0x00, 0xc7, 0x03, 0x0a, 0x00, 0xdd, 0x07, 0x0b, 0x00, 0xde, 0x07, 0x0b, 0x00,
    0xdf, 0x07, 0x0b, 0x00, 0xe0, 0x07, 0x0b, 0x00, 0xe1, 0x07, 0x0b, 0x00, 0xf9, 0x0f, 0x0c, 0x00,
    0xe2, 0x07, 0x0b, 0x00, 0xc8, 0x03, 0x0a, 0x00, 0xc9, 0x03, 0x0a, 0x00, 0xe3, 0x07, 0x0b, 0x00,
    0xca, 0x03, 0x0a, 0x00, 0xbd, 0x01, 0x09, 0x00, 0xcb, 0x03, 0x0a, 0x00, 0xcc, 0x03, 0x0a, 0x00,
    0xcd, 0x03, 0x0a, 0x00, 0xe4, 0x07, 0x0b, 0x00, 0xe5, 0x07, 0x0b, 0x00, 0xe6, 0x07, 0x0b, 0x00,
    0xe7, 0x07, 0x0b, 0x00, 0xfa, 0x0f, 0x0c, 0x00, 0xfb, 0x0f, 0x0c, 0x00, 0xfc, 0x0f, 0x0c, 0x00,
    0xe8, 0x07, 0x0b, 0x00, 0xce, 0x03, 0x0a, 0x00, 0xe9, 0x07, 0x0b, 0x00, 0xea, 0x07, 0x0b, 0x00,
    0xcf, 0x03, 0x0a, 0x00, 0xbe, 0x01, 0x09, 0x00, 0xbf, 0x01, 0x09, 0x00, 0xc0, 0x01, 0x09, 0x00,
    0xd0, 0x03, 0x0a, 0x00, 0xd1, 0x03, 0x0a, 0x00, 0xd2, 0x03, 0x0a, 0x00, 0xeb, 0x07, 0x0b, 0x00,
    0xec, 0x07, 0x0b, 0x00, 0xed, 0x07, 0x0b, 0x00, 0xee, 0x07, 0x0b, 0x00, 0xef, 0x07, 0x0b, 0x00,
    0xfd, 0x0f, 0x0c, 0x00, 0xd3, 0x03, 0x0a, 0x00, 0xf0, 0x07, 0x0b, 0x00, 0xf1, 0x07, 0x0b, 0x00,
    0xc1, 0x00, 0x08, 0x00, 0xc2, 0x00, 0x08, 0x00, 0xc3, 0x00, 0x08, 0x00, 0xc4, 0x00, 0x08, 0x00,
    0xc1, 0x01, 0x09, 0x00, 0xc2, 0x01, 0x09, 0x00, 0xc3, 0x01, 0x09, 0x00, 0xd4, 0x03, 0x0a, 0x00,
    0xd5, 0x03, 0x0a, 0x00, 0xd6, 0x03, 0x0a, 0x00, 0xd7, 0x03, 0x0a, 0x00, 0xd8, 0x03, 0x0a, 0x00,
    0xd9, 0x03, 0x0a, 0x00, 0xf2, 0x07, 0x0b, 0x00, 0xf3, 0x07, 0x0b, 0x00, 0xf4, 0x07, 0x0b, 0x00,
    0xc4, 0x01, 0x09, 0x00, 0xc5, 0x00, 0x08, 0x00, 0xc6, 0x00, 0x08, 0x00, 0xc5, 0x01, 0x09, 0x00,
    0xc6, 0x01, 0x09, 0x00, 0xc7, 0x01, 0x09, 0x00, 0xda, 0x03, 0x0a, 0x00, 0xdb, 0x03, 0x0a, 0x00,
    0xdc, 0x03, 0x0a, 0x00, 0xdd, 0x03, 0x0a, 0x00, 0xde, 0x03, 0x0a, 0x00, 0xdf, 0x03, 0x0a, 0x00,
    0xf5, 0x07, 0x0b, 0x00, 0xf6, 0x07, 0x0b, 0x00, 0xf7, 0x07, 0x0b, 0x00, 0xf8, 0x07, 0x0b, 0x00,
    0xc8, 0x01, 0x09, 0x00, 0xc7, 0x00, 0x08, 0x00, 0xc9, 0x01, 0x09, 0x00, 0xca, 0x01, 0x09, 0x00,
    0xcb, 0x01, 0x09, 0x00, 0xe0, 0x03, 0x0a, 0x00, 0xe1, 0x03, 0x0a, 0x00, 0xe2, 0x03, 0x0a, 0x00,
    0xe3, 0x03, 0x0a, 0x00, 0xe4, 0x03, 0x0a, 0x00, 0xe5, 0x03, 0x0a, 0x00, 0xf9, 0x07, 0x0b, 0x00,
    0xfa, 0x07, 0x0b, 0x00, 0xfb, 0x07, 0x0b, 0x00, 0xfe, 0x0f, 0x0c, 0x00, 0xff, 0x0f, 0x0c, 0x00,
];

pub const G_A_SPEC_WL6_I: [u8; 1024] = [
    0x00, 0x00, 0x04, 0x00, 0x01, 0x00, 0x04, 0x00, 0x08, 0x00, 0x05, 0x00, 0x18, 0x00, 0x06, 0x00,
    0x42, 0x00, 0x07, 0x00, 0x9e, 0x00, 0x08, 0x00, 0x9f, 0x00, 0x08, 0x00, 0xa0, 0x00, 0x08, 0x00,
    0x86, 0x01, 0x09, 0x00, 0x87, 0x01, 0x09, 0x00, 0xa4, 0x03, 0x0a, 0x00, 0xa5, 0x03, 0x0a, 0x00,
    0xa6, 0x03, 0x0a, 0x00, 0x88, 0x01, 0x09, 0x00, 0x89, 0x01, 0x09, 0x00, 0x8a, 0x01, 0x09, 0x00,
    0x02, 0x00, 0x04, 0x00, 0x03, 0x00, 0x04, 0x00, 0x09, 0x00, 0x05, 0x00, 0x19, 0x00, 0x06, 0x00,
    0x1a, 0x00, 0x06, 0x00, 0x43, 0x00, 0x07, 0x00, 0x44, 0x00, 0x07, 0x00, 0xa1, 0x00, 0x08, 0x00,
    0xa2, 0x00, 0x08, 0x00, 0x8b, 0x01, 0x09, 0x00, 0x8c, 0x01, 0x09, 0x00, 0x8d, 0x01, 0x09, 0x00,
    0x8e, 0x01, 0x09, 0x00, 0xa3, 0x00, 0x08, 0x00, 0xa4, 0x00, 0x08, 0x00, 0x8f, 0x01, 0x09, 0x00,
    0x0a, 0x00, 0x05, 0x00, 0x0b, 0x00, 0x05, 0x00, 0x1b, 0x00, 0x06, 0x00, 0x1c, 0x00, 0x06, 0x00,
    0x45, 0x00, 0x07, 0x00, 0x46, 0x00, 0x07, 0x00, 0xa5, 0x00, 0x08, 0x00, 0xa6, 0x00, 0x08, 0x00,
    0xa7, 0x00, 0x08, 0x00, 0x90, 0x01, 0x09, 0x00, 0x91, 0x01, 0x09, 0x00, 0x92, 0x01, 0x09, 0x00,
    0x93, 0x01, 0x09, 0x00, 0xa8, 0x00, 0x08, 0x00, 0x94, 0x01, 0x09, 0x00, 0x95, 0x01, 0x09, 0x00,
    0x1d, 0x00, 0x06, 0x00, 0x1e, 0x00, 0x06, 0x00, 0x1f, 0x00, 0x06, 0x00, 0x47, 0x00, 0x07, 0x00,
    0x48, 0x00, 0x07, 0x00, 0xa9, 0x00, 0x08, 0x00, 0xaa, 0x00, 0x08, 0x00, 0xab, 0x00, 0x08, 0x00,
    0x96, 0x01, 0x09, 0x00, 0x97, 0x01, 0x09, 0x00, 0x98, 0x01, 0x09, 0x00, 0xa7, 0x03, 0x0a, 0x00,
    0x99, 0x01, 0x09, 0x00, 0xac, 0x00, 0x08, 0x00, 0x9a, 0x01, 0x09, 0x00, 0x9b, 0x01, 0x09, 0x00,
    0x49, 0x00, 0x07, 0x00, 0x20, 0x00, 0x06, 0x00, 0x4a, 0x00, 0x07, 0x00, 0x4b, 0x00, 0x07, 0x00,
    0xad, 0x00, 0x08, 0x00, 0xae, 0x00, 0x08, 0x00, 0x9c, 0x01, 0x09, 0x00, 0x9d, 0x01, 0x09, 0x00,
    0x9e, 0x01, 0x09, 0x00, 0x9f, 0x01, 0x09, 0x00, 0xa8, 0x03, 0x0a, 0x00, 0xa9, 0x03, 0x0a, 0x00,
    0xaa, 0x03, 0x0a, 0x00, 0xa0, 0x01, 0x09, 0x00, 0xa1, 0x01, 0x09, 0x00, 0xa2, 0x01, 0x09, 0x00,
    0xaf, 0x00, 0x08, 0x00, 0x4c, 0x00, 0x07, 0x00, 0x4d, 0x00, 0x07, 0x00, 0xb0, 0x00, 0x08, 0x00,
    0xb1, 0x00, 0x08, 0x00, 0xb2, 0x00, 0x08, 0x00, 0xa3, 0x01, 0x09, 0x00, 0xa4, 0x01, 0x09, 0x00,
    0xa5, 0x01, 0x09, 0x00, 0xab, 0x03, 0x0a, 0x00, 0xac, 0x03, 0x0a, 0x00, 0xad, 0x03, 0x0a, 0x00,
    0xae, 0x03, 0x0a, 0x00, 0xa6, 0x01, 0x09, 0x00, 0xa7, 0x01, 0x09, 0x00, 0xaf, 0x03, 0x0a, 0x00,
    0xb3, 0x00, 0x08, 0x00, 0x4e, 0x00, 0x07, 0x00, 0xb4, 0x00, 0x08, 0x00, 0xb5, 0x00, 0x08, 0x00,
    0xa8, 0x01, 0x09, 0x00, 0xa9, 0x01, 0x09, 0x00, 0xaa, 0x01, 0x09, 0x00, 0xab, 0x01, 0x09, 0x00,
    0xb0, 0x03, 0x0a, 0x00, 0xb1, 0x03, 0x0a, 0x00, 0xb2, 0x03, 0x0a, 0x00, 0xb3, 0x03, 0x0a, 0x00,
    0xb4, 0x03, 0x0a, 0x00, 0xac, 0x01, 0x09, 0x00, 0xad, 0x01, 0x09, 0x00, 0xb5, 0x03, 0x0a, 0x00,
    0xb6, 0x00, 0x08, 0x00, 0xb7, 0x00, 0x08, 0x00, 0xb8, 0x00, 0x08, 0x00, 0xb9, 0x00, 0x08, 0x00,
    0xae, 0x01, 0x09, 0x00, 0xaf, 0x01, 0x09, 0x00, 0xb0, 0x01, 0x09, 0x00, 0xb6, 0x03, 0x0a, 0x00,
    0xb7, 0x03, 0x0a, 0x00, 0xb8, 0x03, 0x0a, 0x00, 0xb9, 0x03, 0x0a, 0x00, 0xd8, 0x07, 0x0b, 0x00,
    0xba, 0x03, 0x0a, 0x00, 0xb1, 0x01, 0x09, 0x00, 0xbb, 0x03, 0x0a, 0x00, 0xbc, 0x03, 0x0a, 0x00,
    0xb2, 0x01, 0x09, 0x00, 0xba, 0x00, 0x08, 0x00, 0xbb, 0x00, 0x08, 0x00, 0xb3, 0x01, 0x09, 0x00,
    0xb4, 0x01, 0x09, 0x00, 0xb5, 0x01, 0x09, 0x00, 0xbd, 0x03, 0x0a, 0x00, 0xbe, 0x03, 0x0a, 0x00,
    0xbf, 0x03, 0x0a, 0x00, 0xc0, 0x03, 0x0a, 0x00, 0xd9, 0x07, 0x0b, 0x00, 0xda, 0x07, 0x0b, 0x00,
    0xdb, 0x07, 0x0b, 0x00, 0xc1, 0x03, 0x0a, 0x00, 0xc2, 0x03, 0x0a, 0x00, 0xc3, 0x03, 0x0a, 0x00,
    0xb6, 0x01, 0x09, 0x00, 0xbc, 0x00, 0x08, 0x00, 0xb7, 0x01, 0x09, 0x00, 0xb8, 0x01, 0x09, 0x00,
    0xb9, 0x01, 0x09, 0x00, 0xc4, 0x03, 0x0a, 0x00, 0xc5, 0x03, 0x0a, 0x00, 0xc6, 0x03, 0x0a, 0x00,
    0xc7, 0x03, 0x0a, 0x00, 0xdc, 0x07, 0x0b, 0x00, 0xdd, 0x07, 0x0b, 0x00, 0xde, 0x07, 0x0b, 0x00,
    0xdf, 0x07, 0x0b, 0x00, 0xc8, 0x03, 0x0a, 0x00, 0xc9, 0x03, 0x0a, 0x00, 0xca, 0x03, 0x0a, 0x00,
    0xba, 0x01, 0x09, 0x00, 0xbb, 0x01, 0x09, 0x00, 0xbc, 0x01, 0x09, 0x00, 0xbd, 0x01, 0x09, 0x00,
    0xcb, 0x03, 0x0a, 0x00, 0xcc, 0x03, 0x0a, 0x00, 0xcd, 0x03, 0x0a, 0x00, 0xce, 0x03, 0x0a, 0x00,
    0xe0, 0x07, 0x0b, 0x00, 0xe1, 0x07, 0x0b, 0x00, 0xe2, 0x07, 0x0b, 0x00, 0xe3, 0x07, 0x0b, 0x00,
    0xe4, 0x07, 0x0b, 0x00, 0xcf, 0x03, 0x0a, 0x00, 0xd0, 0x03, 0x0a, 0x00, 0xe5, 0x07, 0x0b, 0x00,
    0xd1, 0x03, 0x0a, 0x00, 0xbe, 0x01, 0x09, 0x00, 0xbf, 0x01, 0x09, 0x00, 0xd2, 0x03, 0x0a, 0x00,
    0xd3, 0x03, 0x0a, 0x00, 0xd4, 0x03, 0x0a, 0x00, 0xe6, 0x07, 0x0b, 0x00, 0xe7, 0x07, 0x0b, 0x00,
    0xe8, 0x07, 0x0b, 0x00, 0xe9, 0x07, 0x0b, 0x00, 0xea, 0x07, 0x0b, 0x00, 0xeb, 0x07, 0x0b, 0x00,
    0xec, 0x07, 0x0b, 0x00, 0xd5, 0x03, 0x0a, 0x00, 0xd6, 0x03, 0x0a, 0x00, 0xed, 0x07, 0x0b, 0x00,
    0xc0, 0x01, 0x09, 0x00, 0xc1, 0x01, 0x09, 0x00, 0xc2, 0x01, 0x09, 0x00, 0xc3, 0x01, 0x09, 0x00,
    0xd7, 0x03, 0x0a, 0x00, 0xd8, 0x03, 0x0a, 0x00, 0xd9, 0x03, 0x0a, 0x00, 0xda, 0x03, 0x0a, 0x00,
    0xdb, 0x03, 0x0a, 0x00, 0xee, 0x07, 0x0b, 0x00, 0xef, 0x07, 0x0b, 0x00, 0xf0, 0x07, 0x0b, 0x00,
    0xf1, 0x07, 0x0b, 0x00, 0xdc, 0x03, 0x0a, 0x00, 0xf2, 0x07, 0x0b, 0x00, 0xf3, 0x07, 0x0b, 0x00,
    0xc4, 0x01, 0x09, 0x00, 0xbd, 0x00, 0x08, 0x00, 0xbe, 0x00, 0x08, 0x00, 0xbf, 0x00, 0x08, 0x00,
    0xc5, 0x01, 0x09, 0x00, 0xc6, 0x01, 0x09, 0x00, 0xc7, 0x01, 0x09, 0x00, 0xc8, 0x01, 0x09, 0x00,
    0xdd, 0x03, 0x0a, 0x00, 0xde, 0x03, 0x0a, 0x00, 0xdf, 0x03, 0x0a, 0x00, 0xe0, 0x03, 0x0a, 0x00,
    0xe1, 0x03, 0x0a, 0x00, 0xf4, 0x07, 0x0b, 0x00, 0xf5, 0x07, 0x0b, 0x00, 0xf6, 0x07, 0x0b, 0x00,
    0xc9, 0x01, 0x09, 0x00, 0xc0, 0x00, 0x08, 0x00, 0xc1, 0x00, 0x08, 0x00, 0xca, 0x01, 0x09, 0x00,
    0xcb, 0x01, 0x09, 0x00, 0xcc, 0x01, 0x09, 0x00, 0xcd, 0x01, 0x09, 0x00, 0xe2, 0x03, 0x0a, 0x00,
    0xe3, 0x03, 0x0a, 0x00, 0xe4, 0x03, 0x0a, 0x00, 0xe5, 0x03, 0x0a, 0x00, 0xe6, 0x03, 0x0a, 0x00,
    0xf7, 0x07, 0x0b, 0x00, 0xf8, 0x07, 0x0b, 0x00, 0xf9, 0x07, 0x0b, 0x00, 0xfa, 0x07, 0x0b, 0x00,
    0xce, 0x01, 0x09, 0x00, 0xc2, 0x00, 0x08, 0x00, 0xcf, 0x01, 0x09, 0x00, 0xd0, 0x01, 0x09, 0x00,
    0xd1, 0x01, 0x09, 0x00, 0xe7, 0x03, 0x0a, 0x00, 0xe8, 0x03, 0x0a, 0x00, 0xe9, 0x03, 0x0a, 0x00,
    0xea, 0x03, 0x0a, 0x00, 0xeb, 0x03, 0x0a, 0x00, 0xfb, 0x07, 0x0b, 0x00, 0xfc, 0x07, 0x0b, 0x00,
    0xfd, 0x07, 0x0b, 0x00, 0xfe, 0x07, 0x0b, 0x00, 0xfe, 0x0f, 0x0c, 0x00, 0xff, 0x0f, 0x0c, 0x00,
];

pub const G_A_SPEC_WL6_J: [u8; 1024] = [
    0x00, 0x00, 0x03, 0x00, 0x04, 0x00, 0x04, 0x00, 0x0c, 0x00, 0x05, 0x00, 0x20, 0x00, 0x06, 0x00,
    0x4a, 0x00, 0x07, 0x00, 0xaa, 0x00, 0x08, 0x00, 0x88, 0x01, 0x09, 0x00, 0x89, 0x01, 0x09, 0x00,
    0x8a, 0x01, 0x09, 0x00, 0x96, 0x03, 0x0a, 0x00, 0x97, 0x03, 0x0a, 0x00, 0xc8, 0x07, 0x0b, 0x00,
    0x98, 0x03, 0x0a, 0x00, 0x8b, 0x01, 0x09, 0x00, 0x8c, 0x01, 0x09, 0x00, 0x8d, 0x01, 0x09, 0x00,
    0x01, 0x00, 0x03, 0x00, 0x05, 0x00, 0x04, 0x00, 0x0d, 0x00, 0x05, 0x00, 0x21, 0x00, 0x06, 0x00,
    0x4b, 0x00, 0x07, 0x00, 0x4c, 0x00, 0x07, 0x00, 0xab, 0x00, 0x08, 0x00, 0xac, 0x00, 0x08, 0x00,
    0x8e, 0x01, 0x09, 0x00, 0x8f, 0x01, 0x09, 0x00, 0x90, 0x01, 0x09, 0x00, 0x99, 0x03, 0x0a, 0x00,
    0x91, 0x01, 0x09, 0x00, 0xad, 0x00, 0x08, 0x00, 0xae, 0x00, 0x08, 0x00, 0x92, 0x01, 0x09, 0x00,
    0x0e, 0x00, 0x05, 0x00, 0x0f, 0x00, 0x05, 0x00, 0x22, 0x00, 0x06, 0x00, 0x4d, 0x00, 0x07, 0x00,
    0x4e, 0x00, 0x07, 0x00, 0xaf, 0x00, 0x08, 0x00, 0xb0, 0x00, 0x08, 0x00, 0x93, 0x01, 0x09, 0x00,
    0x94, 0x01, 0x09, 0x00, 0x95, 0x01, 0x09, 0x00, 0x9a, 0x03, 0x0a, 0x00, 0x9b, 0x03, 0x0a, 0x00,
    0x96, 0x01, 0x09, 0x00, 0xb1, 0x00, 0x08, 0x00, 0x97, 0x01, 0x09, 0x00, 0x98, 0x01, 0x09, 0x00,
    0x23, 0x00, 0x06, 0x00, 0x24, 0x00, 0x06, 0x00, 0x4f, 0x00, 0x07, 0x00, 0x50, 0x00, 0x07, 0x00,
    0xb2, 0x00, 0x08, 0x00, 0xb3, 0x00, 0x08, 0x00, 0x99, 0x01, 0x09, 0x00, 0x9a, 0x01, 0x09, 0x00,
    0x9c, 0x03, 0x0a, 0x00, 0x9d, 0x03, 0x0a, 0x00, 0x9e, 0x03, 0x0a, 0x00, 0x9f, 0x03, 0x0a, 0x00,
    0xa0, 0x03, 0x0a, 0x00, 0xb4, 0x00, 0x08, 0x00, 0x9b, 0x01, 0x09, 0x00, 0x9c, 0x01, 0x09, 0x00,
    0x51, 0x00, 0x07, 0x00, 0x52, 0x00, 0x07, 0x00, 0x53, 0x00, 0x07, 0x00, 0xb5, 0x00, 0x08, 0x00,
    0xb6, 0x00, 0x08, 0x00, 0x9d, 0x01, 0x09, 0x00, 0x9e, 0x01, 0x09, 0x00, 0x9f, 0x01, 0x09, 0x00,
    0xa1, 0x03, 0x0a, 0x00, 0xa2, 0x03, 0x0a, 0x00, 0xa3, 0x03, 0x0a, 0x00, 0xc9, 0x07, 0x0b, 0x00,
    0xa4, 0x03, 0x0a, 0x00, 0xa0, 0x01, 0x09, 0x00, 0xa1, 0x01, 0x09, 0x00, 0xa2, 0x01, 0x09, 0x00,
    0xb7, 0x00, 0x08, 0x00, 0x54, 0x00, 0x07, 0x00, 0xb8, 0x00, 0x08, 0x00, 0xb9, 0x00, 0x08, 0x00,
    0xa3, 0x01, 0x09, 0x00, 0xa4, 0x01, 0x09, 0x00, 0xa5, 0x01, 0x09, 0x00, 0xa5, 0x03, 0x0a, 0x00,
    0xa6, 0x03, 0x0a, 0x00, 0xa7, 0x03, 0x0a, 0x00, 0xca, 0x07, 0x0b, 0x00, 0xcb, 0x07, 0x0b, 0x00,
    0xa8, 0x03, 0x0a, 0x00, 0xa6, 0x01, 0x09, 0x00, 0xa7, 0x01, 0x09, 0x00, 0xa8, 0x01, 0x09, 0x00,
    0xba, 0x00, 0x08, 0x00, 0xbb, 0x00, 0x08, 0x00, 0xbc, 0x00, 0x08, 0x00, 0xa9, 0x01, 0x09, 0x00,
    0xaa, 0x01, 0x09, 0x00, 0xab, 0x01, 0x09, 0x00, 0xa9, 0x03, 0x0a, 0x00, 0xaa, 0x03, 0x0a, 0x00,
    0xab, 0x03, 0x0a, 0x00, 0xac, 0x03, 0x0a, 0x00, 0xcc, 0x07, 0x0b, 0x00, 0xcd, 0x07, 0x0b, 0x00,
    0xad, 0x03, 0x0a, 0x00, 0xac, 0x01, 0x09, 0x00, 0xad, 0x01, 0x09, 0x00, 0xae, 0x03, 0x0a, 0x00,
    0xae, 0x01, 0x09, 0x00, 0xbd, 0x00, 0x08, 0x00, 0xaf, 0x01, 0x09, 0x00, 0xb0, 0x01, 0x09, 0x00,
    0xb1, 0x01, 0x09, 0x00, 0xaf, 0x03, 0x0a, 0x00, 0xb0, 0x03, 0x0a, 0x00, 0xb1, 0x03, 0x0a, 0x00,
    0xce, 0x07, 0x0b, 0x00, 0xcf, 0x07, 0x0b, 0x00, 0xd0, 0x07, 0x0b, 0x00, 0xd1, 0x07, 0x0b, 0x00,
    0xd2, 0x07, 0x0b, 0x00, 0xb2, 0x01, 0x09, 0x00, 0xb2, 0x03, 0x0a, 0x00, 0xb3, 0x03, 0x0a, 0x00,
    0xb3, 0x01, 0x09, 0x00, 0xbe, 0x00, 0x08, 0x00, 0xb4, 0x01, 0x09, 0x00, 0xb5, 0x01, 0x09, 0x00,
    0xb4, 0x03, 0x0a, 0x00, 0xb5, 0x03, 0x0a, 0x00, 0xb6, 0x03, 0x0a, 0x00, 0xb7, 0x03, 0x0a, 0x00,
    0xd3, 0x07, 0x0b, 0x00, 0xd4, 0x07, 0x0b, 0x00, 0xd5, 0x07, 0x0b, 0x00, 0xf6, 0x0f, 0x0c, 0x00,
    0xd6, 0x07, 0x0b, 0x00, 0xb8, 0x03, 0x0a, 0x00, 0xb9, 0x03, 0x0a, 0x00, 0xba, 0x03, 0x0a, 0x00,
    0xbb, 0x03, 0x0a, 0x00, 0xb6, 0x01, 0x09, 0x00, 0xb7, 0x01, 0x09, 0x00, 0xbc, 0x03, 0x0a, 0x00,
    0xbd, 0x03, 0x0a, 0x00, 0xbe, 0x03, 0x0a, 0x00, 0xd7, 0x07, 0x0b, 0x00, 0xd8, 0x07, 0x0b, 0x00,
    0xd9, 0x07, 0x0b, 0x00, 0xda, 0x07, 0x0b, 0x00, 0xdb, 0x07, 0x0b, 0x00, 0xf7, 0x0f, 0x0c, 0x00,
    0xdc, 0x07, 0x0b, 0x00, 0xbf, 0x03, 0x0a, 0x00, 0xc0, 0x03, 0x0a, 0x00, 0xc1, 0x03, 0x0a, 0x00,
    0xc2, 0x03, 0x0a, 0x00, 0xb8, 0x01, 0x09, 0x00, 0xc3, 0x03, 0x0a, 0x00, 0xc4, 0x03, 0x0a, 0x00,
    0xc5, 0x03, 0x0a, 0x00, 0xdd, 0x07, 0x0b, 0x00, 0xde, 0x07, 0x0b, 0x00, 0xdf, 0x07, 0x0b, 0x00,
    0xf8, 0x0f, 0x0c, 0x00, 0xe0, 0x07, 0x0b, 0x00, 0xf9, 0x0f, 0x0c, 0x00, 0xfa, 0x0f, 0x0c, 0x00,
    0xe1, 0x07, 0x0b, 0x00, 0xc6, 0x03, 0x0a, 0x00, 0xc7, 0x03, 0x0a, 0x00, 0xe2, 0x07, 0x0b, 0x00,
    0xc8, 0x03, 0x0a, 0x00, 0xb9, 0x01, 0x09, 0x00, 0xc9, 0x03, 0x0a, 0x00, 0xca, 0x03, 0x0a, 0x00,
    0xe3, 0x07, 0x0b, 0x00, 0xe4, 0x07, 0x0b, 0x00, 0xe5, 0x07, 0x0b, 0x00, 0xe6, 0x07, 0x0b, 0x00,
    0xfb, 0x0f, 0x0c, 0x00, 0xfc, 0x0f, 0x0c, 0x00, 0xfd, 0x0f, 0x0c, 0x00, 0xfe, 0x0f, 0x0c, 0x00,
    0xe7, 0x07, 0x0b, 0x00, 0xcb, 0x03, 0x0a, 0x00, 0xcc, 0x03, 0x0a, 0x00, 0xe8, 0x07, 0x0b, 0x00,
    0xcd, 0x03, 0x0a, 0x00, 0xba, 0x01, 0x09, 0x00, 0xbb, 0x01, 0x09, 0x00, 0xce, 0x03, 0x0a, 0x00,
    0xcf, 0x03, 0x0a, 0x00, 0xd0, 0x03, 0x0a, 0x00, 0xd1, 0x03, 0x0a, 0x00, 0xe9, 0x07, 0x0b, 0x00,
    0xea, 0x07, 0x0b, 0x00, 0xeb, 0x07, 0x0b, 0x00, 0xec, 0x07, 0x0b, 0x00, 0xed, 0x07, 0x0b, 0x00,
    0xee, 0x07, 0x0b, 0x00, 0xd2, 0x03, 0x0a, 0x00, 0xef, 0x07, 0x0b, 0x00, 0xf0, 0x07, 0x0b, 0x00,
    0xbc, 0x01, 0x09, 0x00, 0xbf, 0x00, 0x08, 0x00, 0xc0, 0x00, 0x08, 0x00, 0xc1, 0x00, 0x08, 0x00,
    0xbd, 0x01, 0x09, 0x00, 0xbe, 0x01, 0x09, 0x00, 0xbf, 0x01, 0x09, 0x00, 0xc0, 0x01, 0x09, 0x00,
    0xd3, 0x03, 0x0a, 0x00, 0xd4, 0x03, 0x0a, 0x00, 0xd5, 0x03, 0x0a, 0x00, 0xd6, 0x03, 0x0a, 0x00,
    0xd7, 0x03, 0x0a, 0x00, 0xf1, 0x07, 0x0b, 0x00, 0xf2, 0x07, 0x0b, 0x00, 0xf3, 0x07, 0x0b, 0x00,
    0xc1, 0x01, 0x09, 0x00, 0xc2, 0x00, 0x08, 0x00, 0xc3, 0x00, 0x08, 0x00, 0xc2, 0x01, 0x09, 0x00,
    0xc3, 0x01, 0x09, 0x00, 0xc4, 0x01, 0x09, 0x00, 0xc5, 0x01, 0x09, 0x00, 0xd8, 0x03, 0x0a, 0x00,
    0xd9, 0x03, 0x0a, 0x00, 0xda, 0x03, 0x0a, 0x00, 0xdb, 0x03, 0x0a, 0x00, 0xdc, 0x03, 0x0a, 0x00,
    0xdd, 0x03, 0x0a, 0x00, 0xf4, 0x07, 0x0b, 0x00, 0xf5, 0x07, 0x0b, 0x00, 0xf6, 0x07, 0x0b, 0x00,
    0xc6, 0x01, 0x09, 0x00, 0xc7, 0x01, 0x09, 0x00, 0xc8, 0x01, 0x09, 0x00, 0xc9, 0x01, 0x09, 0x00,
    0xca, 0x01, 0x09, 0x00, 0xde, 0x03, 0x0a, 0x00, 0xdf, 0x03, 0x0a, 0x00, 0xe0, 0x03, 0x0a, 0x00,
    0xe1, 0x03, 0x0a, 0x00, 0xe2, 0x03, 0x0a, 0x00, 0xe3, 0x03, 0x0a, 0x00, 0xf7, 0x07, 0x0b, 0x00,
    0xf8, 0x07, 0x0b, 0x00, 0xf9, 0x07, 0x0b, 0x00, 0xfa, 0x07, 0x0b, 0x00, 0xff, 0x0f, 0x0c, 0x00,
];

pub const G_A_SPEC_WL6_K: [u8; 128] = [
    0x00, 0x00, 0x01, 0x00, 0x04, 0x00, 0x03, 0x00, 0x18, 0x00, 0x05, 0x00, 0x34, 0x00, 0x06, 0x00,
    0x35, 0x00, 0x06, 0x00, 0x70, 0x00, 0x07, 0x00, 0x71, 0x00, 0x07, 0x00, 0x72, 0x00, 0x07, 0x00,
    0xf6, 0x00, 0x08, 0x00, 0xf7, 0x00, 0x08, 0x00, 0xfe, 0x01, 0x09, 0x00, 0xff, 0x01, 0x09, 0x00,
    0xf8, 0x00, 0x08, 0x00, 0x36, 0x00, 0x06, 0x00, 0x73, 0x00, 0x07, 0x00, 0x74, 0x00, 0x07, 0x00,
    0x00, 0x00, 0x00, 0x00, 0x75, 0x00, 0x07, 0x00, 0x76, 0x00, 0x07, 0x00, 0x77, 0x00, 0x07, 0x00,
    0xf9, 0x00, 0x08, 0x00, 0xfa, 0x00, 0x08, 0x00, 0xfb, 0x00, 0x08, 0x00, 0xfc, 0x00, 0x08, 0x00,
    0xfd, 0x00, 0x08, 0x00, 0xfe, 0x00, 0x08, 0x00, 0x78, 0x00, 0x07, 0x00, 0x79, 0x00, 0x07, 0x00,
    0x7a, 0x00, 0x07, 0x00, 0x37, 0x00, 0x06, 0x00, 0x19, 0x00, 0x05, 0x00, 0x05, 0x00, 0x03, 0x00,
];

pub const G_A_SPEC_WL6_L: [u8; 1024] = [
    0x00, 0x00, 0x01, 0x00, 0x08, 0x00, 0x04, 0x00, 0x5e, 0x00, 0x07, 0x00, 0xc2, 0x00, 0x08, 0x00,
    0x98, 0x01, 0x09, 0x00, 0x99, 0x01, 0x09, 0x00, 0x9a, 0x01, 0x09, 0x00, 0xaa, 0x07, 0x0b, 0x00,
    0x9b, 0x01, 0x09, 0x00, 0xce, 0x0f, 0x0c, 0x00, 0xcf, 0x0f, 0x0c, 0x00, 0xd0, 0x0f, 0x0c, 0x00,
    0x80, 0x03, 0x0a, 0x00, 0x9c, 0x01, 0x09, 0x00, 0x9d, 0x01, 0x09, 0x00, 0x81, 0x03, 0x0a, 0x00,
    0x09, 0x00, 0x04, 0x00, 0x0a, 0x00, 0x04, 0x00, 0x2c, 0x00, 0x06, 0x00, 0xc3, 0x00, 0x08, 0x00,
    0xc4, 0x00, 0x08, 0x00, 0x9e, 0x01, 0x09, 0x00, 0x9f, 0x01, 0x09, 0x00, 0x82, 0x03, 0x0a, 0x00,
    0x83, 0x03, 0x0a, 0x00, 0x84, 0x03, 0x0a, 0x00, 0xab, 0x07, 0x0b, 0x00, 0xd1, 0x0f, 0x0c, 0x00,
    0x85, 0x03, 0x0a, 0x00, 0xc5, 0x00, 0x08, 0x00, 0xc6, 0x00, 0x08, 0x00, 0xa0, 0x01, 0x09, 0x00,
    0x2d, 0x00, 0x06, 0x00, 0x2e, 0x00, 0x06, 0x00, 0x5f, 0x00, 0x07, 0x00, 0xc7, 0x00, 0x08, 0x00,
    0xa1, 0x01, 0x09, 0x00, 0xc8, 0x00, 0x08, 0x00, 0xa2, 0x01, 0x09, 0x00, 0x86, 0x03, 0x0a, 0x00,
    0x87, 0x03, 0x0a, 0x00, 0x88, 0x03, 0x0a, 0x00, 0xac, 0x07, 0x0b, 0x00, 0x89, 0x03, 0x0a, 0x00,
    0x8a, 0x03, 0x0a, 0x00, 0xa3, 0x01, 0x09, 0x00, 0xa4, 0x01, 0x09, 0x00, 0xa5, 0x01, 0x09, 0x00,
    0xc9, 0x00, 0x08, 0x00, 0x60, 0x00, 0x07, 0x00, 0xca, 0x00, 0x08, 0x00, 0xa6, 0x01, 0x09, 0x00,
    0xa7, 0x01, 0x09, 0x00, 0x8b, 0x03, 0x0a, 0x00, 0x8c, 0x03, 0x0a, 0x00, 0x8d, 0x03, 0x0a, 0x00,
    0xad, 0x07, 0x0b, 0x00, 0x8e, 0x03, 0x0a, 0x00, 0x8f, 0x03, 0x0a, 0x00, 0xae, 0x07, 0x0b, 0x00,
    0xa8, 0x01, 0x09, 0x00, 0xa9, 0x01, 0x09, 0x00, 0xaa, 0x01, 0x09, 0x00, 0x90, 0x03, 0x0a, 0x00,
    0xab, 0x01, 0x09, 0x00, 0xac, 0x01, 0x09, 0x00, 0x91, 0x03, 0x0a, 0x00, 0xaf, 0x07, 0x0b, 0x00,
    0x92, 0x03, 0x0a, 0x00, 0xd2, 0x0f, 0x0c, 0x00, 0x93, 0x03, 0x0a, 0x00, 0xb0, 0x07, 0x0b, 0x00,
    0x94, 0x03, 0x0a, 0x00, 0xd3, 0x0f, 0x0c, 0x00, 0x95, 0x03, 0x0a, 0x00, 0x96, 0x03, 0x0a, 0x00,
    0xb1, 0x07, 0x0b, 0x00, 0xad, 0x01, 0x09, 0x00, 0xb2, 0x07, 0x0b, 0x00, 0xae, 0x01, 0x09, 0x00,
    0x97, 0x03, 0x0a, 0x00, 0x98, 0x03, 0x0a, 0x00, 0xaf, 0x01, 0x09, 0x00, 0xb0, 0x01, 0x09, 0x00,
    0xd4, 0x0f, 0x0c, 0x00, 0xb3, 0x07, 0x0b, 0x00, 0xb4, 0x07, 0x0b, 0x00, 0xd5, 0x0f, 0x0c, 0x00,
    0xb5, 0x07, 0x0b, 0x00, 0x99, 0x03, 0x0a, 0x00, 0xb6, 0x07, 0x0b, 0x00, 0xd6, 0x0f, 0x0c, 0x00,
    0xb7, 0x07, 0x0b, 0x00, 0x9a, 0x03, 0x0a, 0x00, 0xb8, 0x07, 0x0b, 0x00, 0xb9, 0x07, 0x0b, 0x00,
    0x9b, 0x03, 0x0a, 0x00, 0xb1, 0x01, 0x09, 0x00, 0x9c, 0x03, 0x0a, 0x00, 0x9d, 0x03, 0x0a, 0x00,
    0x9e, 0x03, 0x0a, 0x00, 0xba, 0x07, 0x0b, 0x00, 0xbb, 0x07, 0x0b, 0x00, 0xbc, 0x07, 0x0b, 0x00,
    0xbd, 0x07, 0x0b, 0x00, 0x9f, 0x03, 0x0a, 0x00, 0xbe, 0x07, 0x0b, 0x00, 0xd7, 0x0f, 0x0c, 0x00,
    0xbf, 0x07, 0x0b, 0x00, 0xa0, 0x03, 0x0a, 0x00, 0xa1, 0x03, 0x0a, 0x00, 0xa2, 0x03, 0x0a, 0x00,
    0xa3, 0x03, 0x0a, 0x00, 0xb2, 0x01, 0x09, 0x00, 0xa4, 0x03, 0x0a, 0x00, 0xa5, 0x03, 0x0a, 0x00,
    0xd8, 0x0f, 0x0c, 0x00, 0xc0, 0x07, 0x0b, 0x00, 0xc1, 0x07, 0x0b, 0x00, 0xc2, 0x07, 0x0b, 0x00,
    0xd9, 0x0f, 0x0c, 0x00, 0xc3, 0x07, 0x0b, 0x00, 0xc4, 0x07, 0x0b, 0x00, 0xda, 0x0f, 0x0c, 0x00,
    0xdb, 0x0f, 0x0c, 0x00, 0xa6, 0x03, 0x0a, 0x00, 0xa7, 0x03, 0x0a, 0x00, 0xb3, 0x01, 0x09, 0x00,
    0xa8, 0x03, 0x0a, 0x00, 0xa9, 0x03, 0x0a, 0x00, 0xaa, 0x03, 0x0a, 0x00, 0xab, 0x03, 0x0a, 0x00,
    0xc5, 0x07, 0x0b, 0x00, 0xdc, 0x0f, 0x0c, 0x00, 0xdd, 0x0f, 0x0c, 0x00, 0xde, 0x0f, 0x0c, 0x00,
    0xc6, 0x07, 0x0b, 0x00, 0xc7, 0x07, 0x0b, 0x00, 0xdf, 0x0f, 0x0c, 0x00, 0xe0, 0x0f, 0x0c, 0x00,
    0xe1, 0x0f, 0x0c, 0x00, 0xb4, 0x01, 0x09, 0x00, 0xac, 0x03, 0x0a, 0x00, 0xad, 0x03, 0x0a, 0x00,
    0xae, 0x03, 0x0a, 0x00, 0xaf, 0x03, 0x0a, 0x00, 0xb0, 0x03, 0x0a, 0x00, 0xe2, 0x0f, 0x0c, 0x00,
    0xc8, 0x07, 0x0b, 0x00, 0xc9, 0x07, 0x0b, 0x00, 0xe3, 0x0f, 0x0c, 0x00, 0xca, 0x07, 0x0b, 0x00,
    0xe4, 0x0f, 0x0c, 0x00, 0xcb, 0x07, 0x0b, 0x00, 0xe5, 0x0f, 0x0c, 0x00, 0xe6, 0x0f, 0x0c, 0x00,
    0xe7, 0x0f, 0x0c, 0x00, 0xe8, 0x0f, 0x0c, 0x00, 0xb1, 0x03, 0x0a, 0x00, 0xb2, 0x03, 0x0a, 0x00,
    0xb3, 0x03, 0x0a, 0x00, 0xb4, 0x03, 0x0a, 0x00, 0xe9, 0x0f, 0x0c, 0x00, 0xcc, 0x07, 0x0b, 0x00,
    0xcd, 0x07, 0x0b, 0x00, 0xea, 0x0f, 0x0c, 0x00, 0xeb, 0x0f, 0x0c, 0x00, 0xec, 0x0f, 0x0c, 0x00,
    0xce, 0x07, 0x0b, 0x00, 0xed, 0x0f, 0x0c, 0x00, 0xee, 0x0f, 0x0c, 0x00, 0xcf, 0x07, 0x0b, 0x00,
    0xb5, 0x03, 0x0a, 0x00, 0xb6, 0x03, 0x0a, 0x00, 0xb7, 0x03, 0x0a, 0x00, 0xd0, 0x07, 0x0b, 0x00,
    0xb8, 0x03, 0x0a, 0x00, 0xb9, 0x03, 0x0a, 0x00, 0xd1, 0x07, 0x0b, 0x00, 0xef, 0x0f, 0x0c, 0x00,
    0xf0, 0x0f, 0x0c, 0x00, 0xf1, 0x0f, 0x0c, 0x00, 0xf2, 0x0f, 0x0c, 0x00, 0xd2, 0x07, 0x0b, 0x00,
    0xf3, 0x0f, 0x0c, 0x00, 0xf4, 0x0f, 0x0c, 0x00, 0xf5, 0x0f, 0x0c, 0x00, 0xf6, 0x0f, 0x0c, 0x00,
    0xf7, 0x0f, 0x0c, 0x00, 0xba, 0x03, 0x0a, 0x00, 0xbb, 0x03, 0x0a, 0x00, 0xbc, 0x03, 0x0a, 0x00,
    0xd3, 0x07, 0x0b, 0x00, 0xb5, 0x01, 0x09, 0x00, 0xbd, 0x03, 0x0a, 0x00, 0xb6, 0x01, 0x09, 0x00,
    0xbe, 0x03, 0x0a, 0x00, 0xbf, 0x03, 0x0a, 0x00, 0xf8, 0x0f, 0x0c, 0x00, 0xc0, 0x03, 0x0a, 0x00,
    0xc1, 0x03, 0x0a, 0x00, 0xf9, 0x0f, 0x0c, 0x00, 0xd4, 0x07, 0x0b, 0x00, 0xd5, 0x07, 0x0b, 0x00,
    0xd6, 0x07, 0x0b, 0x00, 0xfa, 0x0f, 0x0c, 0x00, 0xd7, 0x07, 0x0b, 0x00, 0xfb, 0x0f, 0x0c, 0x00,
    0xb7, 0x01, 0x09, 0x00, 0xb8, 0x01, 0x09, 0x00, 0xcb, 0x00, 0x08, 0x00, 0xb9, 0x01, 0x09, 0x00,
    0xc2, 0x03, 0x0a, 0x00, 0xba, 0x01, 0x09, 0x00, 0xc3, 0x03, 0x0a, 0x00, 0xd8, 0x07, 0x0b, 0x00,
    0xc4, 0x03, 0x0a, 0x00, 0xc5, 0x03, 0x0a, 0x00, 0xd9, 0x07, 0x0b, 0x00, 0xda, 0x07, 0x0b, 0x00,
    0xfc, 0x0f, 0x0c, 0x00, 0xdb, 0x07, 0x0b, 0x00, 0xfd, 0x0f, 0x0c, 0x00, 0xc6, 0x03, 0x0a, 0x00,
    0xbb, 0x01, 0x09, 0x00, 0xbc, 0x01, 0x09, 0x00, 0xbd, 0x01, 0x09, 0x00, 0xc7, 0x03, 0x0a, 0x00,
    0xdc, 0x07, 0x0b, 0x00, 0xc8, 0x03, 0x0a, 0x00, 0xc9, 0x03, 0x0a, 0x00, 0xbe, 0x01, 0x09, 0x00,
    0xca, 0x03, 0x0a, 0x00, 0xcb, 0x03, 0x0a, 0x00, 0xfe, 0x0f, 0x0c, 0x00, 0xdd, 0x07, 0x0b, 0x00,
    0xde, 0x07, 0x0b, 0x00, 0xff, 0x0f, 0x0c, 0x00, 0xcc, 0x03, 0x0a, 0x00, 0xdf, 0x07, 0x0b, 0x00,
    0xcd, 0x03, 0x0a, 0x00, 0xce, 0x03, 0x0a, 0x00, 0xbf, 0x01, 0x09, 0x00, 0xcf, 0x03, 0x0a, 0x00,
    0xd0, 0x03, 0x0a, 0x00, 0xd1, 0x03, 0x0a, 0x00, 0xd2, 0x03, 0x0a, 0x00, 0xd3, 0x03, 0x0a, 0x00,
    0xe0, 0x07, 0x0b, 0x00, 0xe1, 0x07, 0x0b, 0x00, 0xe2, 0x07, 0x0b, 0x00, 0xe3, 0x07, 0x0b, 0x00,
    0xd4, 0x03, 0x0a, 0x00, 0xe4, 0x07, 0x0b, 0x00, 0xe5, 0x07, 0x0b, 0x00, 0xe6, 0x07, 0x0b, 0x00,
];

pub const G_A_SPEC_WL7_D: [u8; 256] = [
    0x00, 0x00, 0x04, 0x00, 0x01, 0x00, 0x04, 0x00, 0x02, 0x00, 0x04, 0x00, 0x03, 0x00, 0x04, 0x00,
    0x0e, 0x00, 0x05, 0x00, 0x0f, 0x00, 0x05, 0x00, 0x10, 0x00, 0x05, 0x00, 0x28, 0x00, 0x06, 0x00,
    0x29, 0x00, 0x06, 0x00, 0x2a, 0x00, 0x06, 0x00, 0x2b, 0x00, 0x06, 0x00, 0x60, 0x00, 0x07, 0x00,
    0x61, 0x00, 0x07, 0x00, 0x62, 0x00, 0x07, 0x00, 0x63, 0x00, 0x07, 0x00, 0x64, 0x00, 0x07, 0x00,
    0x65, 0x00, 0x07, 0x00, 0xec, 0x00, 0x08, 0x00, 0xed, 0x00, 0x08, 0x00, 0xee, 0x00, 0x08, 0x00,
    0xef, 0x00, 0x08, 0x00, 0xf0, 0x00, 0x08, 0x00, 0xf1, 0x00, 0x08, 0x00, 0xf2, 0x00, 0x08, 0x00,
    0xf3, 0x00, 0x08, 0x00, 0x66, 0x00, 0x07, 0x00, 0x67, 0x00, 0x07, 0x00, 0x68, 0x00, 0x07, 0x00,
    0x69, 0x00, 0x07, 0x00, 0x6a, 0x00, 0x07, 0x00, 0x6b, 0x00, 0x07, 0x00, 0xf4, 0x00, 0x08, 0x00,
    0x00, 0x00, 0x00, 0x00, 0xf5, 0x00, 0x08, 0x00, 0xf6, 0x00, 0x08, 0x00, 0x6c, 0x00, 0x07, 0x00,
    0x6d, 0x00, 0x07, 0x00, 0x6e, 0x00, 0x07, 0x00, 0x6f, 0x00, 0x07, 0x00, 0xf7, 0x00, 0x08, 0x00,
    0xf8, 0x00, 0x08, 0x00, 0xf9, 0x00, 0x08, 0x00, 0xfa, 0x00, 0x08, 0x00, 0xfb, 0x00, 0x08, 0x00,
    0xfc, 0x00, 0x08, 0x00, 0xfd, 0x00, 0x08, 0x00, 0xfe, 0x00, 0x08, 0x00, 0xff, 0x00, 0x08, 0x00,
    0x70, 0x00, 0x07, 0x00, 0x71, 0x00, 0x07, 0x00, 0x72, 0x00, 0x07, 0x00, 0x73, 0x00, 0x07, 0x00,
    0x74, 0x00, 0x07, 0x00, 0x75, 0x00, 0x07, 0x00, 0x2c, 0x00, 0x06, 0x00, 0x2d, 0x00, 0x06, 0x00,
    0x2e, 0x00, 0x06, 0x00, 0x2f, 0x00, 0x06, 0x00, 0x11, 0x00, 0x05, 0x00, 0x12, 0x00, 0x05, 0x00,
    0x13, 0x00, 0x05, 0x00, 0x04, 0x00, 0x04, 0x00, 0x05, 0x00, 0x04, 0x00, 0x06, 0x00, 0x04, 0x00,
];

pub const G_A_SPEC_WL7_E: [u8; 256] = [
    0x00, 0x00, 0x04, 0x00, 0x01, 0x00, 0x04, 0x00, 0x02, 0x00, 0x04, 0x00, 0x0a, 0x00, 0x05, 0x00,
    0x0b, 0x00, 0x05, 0x00, 0x0c, 0x00, 0x05, 0x00, 0x0d, 0x00, 0x05, 0x00, 0x2c, 0x00, 0x06, 0x00,
    0x0e, 0x00, 0x05, 0x00, 0x2d, 0x00, 0x06, 0x00, 0x2e, 0x00, 0x06, 0x00, 0x2f, 0x00, 0x06, 0x00,
    0x30, 0x00, 0x06, 0x00, 0x31, 0x00, 0x06, 0x00, 0x32, 0x00, 0x06, 0x00, 0x6a, 0x00, 0x07, 0x00,
    0x6b, 0x00, 0x07, 0x00, 0x6c, 0x00, 0x07, 0x00, 0x6d, 0x00, 0x07, 0x00, 0x6e, 0x00, 0x07, 0x00,
    0x6f, 0x00, 0x07, 0x00, 0x70, 0x00, 0x07, 0x00, 0xec, 0x00, 0x08, 0x00, 0xf6, 0x01, 0x09, 0x00,
    0xf7, 0x01, 0x09, 0x00, 0xed, 0x00, 0x08, 0x00, 0xf8, 0x01, 0x09, 0x00, 0xf9, 0x01, 0x09, 0x00,
    0xee, 0x00, 0x08, 0x00, 0xfa, 0x01, 0x09, 0x00, 0xfb, 0x01, 0x09, 0x00, 0xfc, 0x01, 0x09, 0x00,
    0x00, 0x00, 0x00, 0x00, 0xfd, 0x01, 0x09, 0x00, 0xfe, 0x01, 0x09, 0x00, 0xef, 0x00, 0x08, 0x00,
    0x71, 0x00, 0x07, 0x00, 0x72, 0x00, 0x07, 0x00, 0xf0, 0x00, 0x08, 0x00, 0x73, 0x00, 0x07, 0x00,
    0xf1, 0x00, 0x08, 0x00, 0xf2, 0x00, 0x08, 0x00, 0x74, 0x00, 0x07, 0x00, 0xf3, 0x00, 0x08, 0x00,
    0xff, 0x01, 0x09, 0x00, 0xf4, 0x00, 0x08, 0x00, 0xf5, 0x00, 0x08, 0x00, 0xf6, 0x00, 0x08, 0x00,
    0xf7, 0x00, 0x08, 0x00, 0xf8, 0x00, 0x08, 0x00, 0xf9, 0x00, 0x08, 0x00, 0xfa, 0x00, 0x08, 0x00,
    0x75, 0x00, 0x07, 0x00, 0x33, 0x00, 0x06, 0x00, 0x0f, 0x00, 0x05, 0x00, 0x34, 0x00, 0x06, 0x00,
    0x10, 0x00, 0x05, 0x00, 0x11, 0x00, 0x05, 0x00, 0x12, 0x00, 0x05, 0x00, 0x13, 0x00, 0x05, 0x00,
    0x14, 0x00, 0x05, 0x00, 0x15, 0x00, 0x05, 0x00, 0x03, 0x00, 0x04, 0x00, 0x04, 0x00, 0x04, 0x00,
];

pub const G_A_SPEC_WL7_F: [u8; 256] = [
    0x00, 0x00, 0x03, 0x00, 0x02, 0x00, 0x04, 0x00, 0x03, 0x00, 0x04, 0x00, 0x0e, 0x00, 0x05, 0x00,
    0x0f, 0x00, 0x05, 0x00, 0x10, 0x00, 0x05, 0x00, 0x11, 0x00, 0x05, 0x00, 0x2a, 0x00, 0x06, 0x00,
    0x2b, 0x00, 0x06, 0x00, 0x2c, 0x00, 0x06, 0x00, 0x2d, 0x00, 0x06, 0x00, 0x64, 0x00, 0x07, 0x00,
    0x65, 0x00, 0x07, 0x00, 0x66, 0x00, 0x07, 0x00, 0x67, 0x00, 0x07, 0x00, 0x68, 0x00, 0x07, 0x00,
    0xe8, 0x00, 0x08, 0x00, 0xe9, 0x00, 0x08, 0x00, 0xea, 0x00, 0x08, 0x00, 0xeb, 0x00, 0x08, 0x00,
    0xec, 0x00, 0x08, 0x00, 0xed, 0x00, 0x08, 0x00, 0xfc, 0x01, 0x09, 0x00, 0xee, 0x00, 0x08, 0x00,
    0xef, 0x00, 0x08, 0x00, 0xf0, 0x00, 0x08, 0x00, 0x69, 0x00, 0x07, 0x00, 0x6a, 0x00, 0x07, 0x00,
    0x6b, 0x00, 0x07, 0x00, 0xf1, 0x00, 0x08, 0x00, 0xf2, 0x00, 0x08, 0x00, 0xf3, 0x00, 0x08, 0x00,
    0x00, 0x00, 0x00, 0x00, 0xf4, 0x00, 0x08, 0x00, 0xf5, 0x00, 0x08, 0x00, 0xf6, 0x00, 0x08, 0x00,
    0x6c, 0x00, 0x07, 0x00, 0x6d, 0x00, 0x07, 0x00, 0x6e, 0x00, 0x07, 0x00, 0xf7, 0x00, 0x08, 0x00,
    0xfd, 0x01, 0x09, 0x00, 0xfe, 0x01, 0x09, 0x00, 0xff, 0x01, 0x09, 0x00, 0xf8, 0x00, 0x08, 0x00,
    0xf9, 0x00, 0x08, 0x00, 0xfa, 0x00, 0x08, 0x00, 0xfb, 0x00, 0x08, 0x00, 0xfc, 0x00, 0x08, 0x00,
    0xfd, 0x00, 0x08, 0x00, 0x6f, 0x00, 0x07, 0x00, 0x70, 0x00, 0x07, 0x00, 0x71, 0x00, 0x07, 0x00,
    0x72, 0x00, 0x07, 0x00, 0x73, 0x00, 0x07, 0x00, 0x2e, 0x00, 0x06, 0x00, 0x2f, 0x00, 0x06, 0x00,
    0x30, 0x00, 0x06, 0x00, 0x31, 0x00, 0x06, 0x00, 0x12, 0x00, 0x05, 0x00, 0x13, 0x00, 0x05, 0x00,
    0x14, 0x00, 0x05, 0x00, 0x04, 0x00, 0x04, 0x00, 0x05, 0x00, 0x04, 0x00, 0x06, 0x00, 0x04, 0x00,
];

pub const G_A_SPEC_WL7_G: [u8; 256] = [
    0x00, 0x00, 0x02, 0x00, 0x02, 0x00, 0x03, 0x00, 0x06, 0x00, 0x04, 0x00, 0x12, 0x00, 0x05, 0x00,
    0x13, 0x00, 0x05, 0x00, 0x2c, 0x00, 0x06, 0x00, 0x2d, 0x00, 0x06, 0x00, 0x2e, 0x00, 0x06, 0x00,
    0x64, 0x00, 0x07, 0x00, 0x65, 0x00, 0x07, 0x00, 0x66, 0x00, 0x07, 0x00, 0x67, 0x00, 0x07, 0x00,
    0x68, 0x00, 0x07, 0x00, 0x69, 0x00, 0x07, 0x00, 0xe2, 0x00, 0x08, 0x00, 0xe3, 0x00, 0x08, 0x00,
    0xe4, 0x00, 0x08, 0x00, 0xe5, 0x00, 0x08, 0x00, 0xe6, 0x00, 0x08, 0x00, 0xe7, 0x00, 0x08, 0x00,
    0xf6, 0x01, 0x09, 0x00, 0xf7, 0x01, 0x09, 0x00, 0xf8, 0x01, 0x09, 0x00, 0xf9, 0x01, 0x09, 0x00,
    0xfa, 0x01, 0x09, 0x00, 0xe8, 0x00, 0x08, 0x00, 0x6a, 0x00, 0x07, 0x00, 0xe9, 0x00, 0x08, 0x00,
    0xea, 0x00, 0x08, 0x00, 0xeb, 0x00, 0x08, 0x00, 0xec, 0x00, 0x08, 0x00, 0xed, 0x00, 0x08, 0x00,
    0x00, 0x00, 0x00, 0x00, 0xee, 0x00, 0x08, 0x00, 0xef, 0x00, 0x08, 0x00, 0xf0, 0x00, 0x08, 0x00,
    0xf1, 0x00, 0x08, 0x00, 0xf2, 0x00, 0x08, 0x00, 0x6b, 0x00, 0x07, 0x00, 0xf3, 0x00, 0x08, 0x00,
    0xfb, 0x01, 0x09, 0x00, 0xfc, 0x01, 0x09, 0x00, 0xfd, 0x01, 0x09, 0x00, 0xfe, 0x01, 0x09, 0x00,
    0xff, 0x01, 0x09, 0x00, 0xf4, 0x00, 0x08, 0x00, 0xf5, 0x00, 0x08, 0x00, 0xf6, 0x00, 0x08, 0x00,
    0xf7, 0x00, 0x08, 0x00, 0xf8, 0x00, 0x08, 0x00, 0xf9, 0x00, 0x08, 0x00, 0xfa, 0x00, 0x08, 0x00,
    0x6c, 0x00, 0x07, 0x00, 0x6d, 0x00, 0x07, 0x00, 0x6e, 0x00, 0x07, 0x00, 0x6f, 0x00, 0x07, 0x00,
    0x70, 0x00, 0x07, 0x00, 0x2f, 0x00, 0x06, 0x00, 0x30, 0x00, 0x06, 0x00, 0x31, 0x00, 0x06, 0x00,
    0x14, 0x00, 0x05, 0x00, 0x15, 0x00, 0x05, 0x00, 0x07, 0x00, 0x04, 0x00, 0x08, 0x00, 0x04, 0x00,
];

pub const G_A_SPEC_WL7_H: [u8; 256] = [
    0x00, 0x00, 0x03, 0x00, 0x01, 0x00, 0x03, 0x00, 0x06, 0x00, 0x04, 0x00, 0x10, 0x00, 0x05, 0x00,
    0x11, 0x00, 0x05, 0x00, 0x28, 0x00, 0x06, 0x00, 0x29, 0x00, 0x06, 0x00, 0x2a, 0x00, 0x06, 0x00,
    0x2b, 0x00, 0x06, 0x00, 0x60, 0x00, 0x07, 0x00, 0x61, 0x00, 0x07, 0x00, 0x62, 0x00, 0x07, 0x00,
    0x63, 0x00, 0x07, 0x00, 0xee, 0x00, 0x08, 0x00, 0xef, 0x00, 0x08, 0x00, 0xf0, 0x00, 0x08, 0x00,
    0xf1, 0x00, 0x08, 0x00, 0xf2, 0x00, 0x08, 0x00, 0xf3, 0x00, 0x08, 0x00, 0xf4, 0x00, 0x08, 0x00,
    0xf6, 0x01, 0x09, 0x00, 0xf7, 0x01, 0x09, 0x00, 0xf8, 0x01, 0x09, 0x00, 0xf9, 0x01, 0x09, 0x00,
    0xfa, 0x01, 0x09, 0x00, 0x64, 0x00, 0x07, 0x00, 0x65, 0x00, 0x07, 0x00, 0x66, 0x00, 0x07, 0x00,
    0x67, 0x00, 0x07, 0x00, 0x68, 0x00, 0x07, 0x00, 0x69, 0x00, 0x07, 0x00, 0x6a, 0x00, 0x07, 0x00,
    0x00, 0x00, 0x00, 0x00, 0x6b, 0x00, 0x07, 0x00, 0x6c, 0x00, 0x07, 0x00, 0x6d, 0x00, 0x07, 0x00,
    0x6e, 0x00, 0x07, 0x00, 0x6f, 0x00, 0x07, 0x00, 0x70, 0x00, 0x07, 0x00, 0x71, 0x00, 0x07, 0x00,
    0xfb, 0x01, 0x09, 0x00, 0xfc, 0x01, 0x09, 0x00, 0xfd, 0x01, 0x09, 0x00, 0xfe, 0x01, 0x09, 0x00,
    0xff, 0x01, 0x09, 0x00, 0xf5, 0x00, 0x08, 0x00, 0xf6, 0x00, 0x08, 0x00, 0xf7, 0x00, 0x08, 0x00,
    0xf8, 0x00, 0x08, 0x00, 0xf9, 0x00, 0x08, 0x00, 0xfa, 0x00, 0x08, 0x00, 0x72, 0x00, 0x07, 0x00,
    0x73, 0x00, 0x07, 0x00, 0x74, 0x00, 0x07, 0x00, 0x75, 0x00, 0x07, 0x00, 0x76, 0x00, 0x07, 0x00,
    0x2c, 0x00, 0x06, 0x00, 0x2d, 0x00, 0x06, 0x00, 0x2e, 0x00, 0x06, 0x00, 0x2f, 0x00, 0x06, 0x00,
    0x12, 0x00, 0x05, 0x00, 0x13, 0x00, 0x05, 0x00, 0x07, 0x00, 0x04, 0x00, 0x02, 0x00, 0x03, 0x00,
];

pub const G_A_SPEC_WL7_I: [u8; 256] = [
    0x00, 0x00, 0x01, 0x00, 0x04, 0x00, 0x03, 0x00, 0x18, 0x00, 0x05, 0x00, 0x34, 0x00, 0x06, 0x00,
    0x6c, 0x00, 0x07, 0x00, 0x6d, 0x00, 0x07, 0x00, 0x6e, 0x00, 0x07, 0x00, 0xe4, 0x00, 0x08, 0x00,
    0xe5, 0x00, 0x08, 0x00, 0xe6, 0x00, 0x08, 0x00, 0xe7, 0x00, 0x08, 0x00, 0xea, 0x01, 0x09, 0x00,
    0xf0, 0x03, 0x0a, 0x00, 0xeb, 0x01, 0x09, 0x00, 0xec, 0x01, 0x09, 0x00, 0xed, 0x01, 0x09, 0x00,
    0xf1, 0x03, 0x0a, 0x00, 0xf2, 0x03, 0x0a, 0x00, 0xf3, 0x03, 0x0a, 0x00, 0xf4, 0x03, 0x0a, 0x00,
    0xfa, 0x07, 0x0b, 0x00, 0xf5, 0x03, 0x0a, 0x00, 0xfb, 0x07, 0x0b, 0x00, 0xfc, 0x07, 0x0b, 0x00,
    0xfd, 0x07, 0x0b, 0x00, 0xe8, 0x00, 0x08, 0x00, 0xe9, 0x00, 0x08, 0x00, 0xea, 0x00, 0x08, 0x00,
    0xeb, 0x00, 0x08, 0x00, 0xec, 0x00, 0x08, 0x00, 0xee, 0x01, 0x09, 0x00, 0xef, 0x01, 0x09, 0x00,
    0x00, 0x00, 0x00, 0x00, 0xf0, 0x01, 0x09, 0x00, 0xed, 0x00, 0x08, 0x00, 0xee, 0x00, 0x08, 0x00,
    0xf1, 0x01, 0x09, 0x00, 0xef, 0x00, 0x08, 0x00, 0xf0, 0x00, 0x08, 0x00, 0xf1, 0x00, 0x08, 0x00,
    0xfe, 0x07, 0x0b, 0x00, 0xf6, 0x03, 0x0a, 0x00, 0xff, 0x07, 0x0b, 0x00, 0xf7, 0x03, 0x0a, 0x00,
    0xf8, 0x03, 0x0a, 0x00, 0xf9, 0x03, 0x0a, 0x00, 0xfa, 0x03, 0x0a, 0x00, 0xfb, 0x03, 0x0a, 0x00,
    0xfc, 0x03, 0x0a, 0x00, 0xf2, 0x01, 0x09, 0x00, 0xf3, 0x01, 0x09, 0x00, 0xf4, 0x01, 0x09, 0x00,
    0xf5, 0x01, 0x09, 0x00, 0xf6, 0x01, 0x09, 0x00, 0xf7, 0x01, 0x09, 0x00, 0xf2, 0x00, 0x08, 0x00,
    0xf3, 0x00, 0x08, 0x00, 0xf4, 0x00, 0x08, 0x00, 0x6f, 0x00, 0x07, 0x00, 0x70, 0x00, 0x07, 0x00,
    0x71, 0x00, 0x07, 0x00, 0x35, 0x00, 0x06, 0x00, 0x19, 0x00, 0x05, 0x00, 0x05, 0x00, 0x03, 0x00,
];

pub const G_A_SPEC_WL7_J: [u8; 256] = [
    0x00, 0x00, 0x02, 0x00, 0x02, 0x00, 0x03, 0x00, 0x06, 0x00, 0x04, 0x00, 0x12, 0x00, 0x05, 0x00,
    0x13, 0x00, 0x05, 0x00, 0x2c, 0x00, 0x06, 0x00, 0x2d, 0x00, 0x06, 0x00, 0x2e, 0x00, 0x06, 0x00,
    0x64, 0x00, 0x07, 0x00, 0x65, 0x00, 0x07, 0x00, 0x66, 0x00, 0x07, 0x00, 0x67, 0x00, 0x07, 0x00,
    0x68, 0x00, 0x07, 0x00, 0xe4, 0x00, 0x08, 0x00, 0xe5, 0x00, 0x08, 0x00, 0xe6, 0x00, 0x08, 0x00,
    0xe7, 0x00, 0x08, 0x00, 0xe8, 0x00, 0x08, 0x00, 0xe9, 0x00, 0x08, 0x00, 0xf4, 0x01, 0x09, 0x00,
    0xf5, 0x01, 0x09, 0x00, 0xf6, 0x01, 0x09, 0x00, 0xf7, 0x01, 0x09, 0x00, 0xf8, 0x01, 0x09, 0x00,
    0xf9, 0x01, 0x09, 0x00, 0xea, 0x00, 0x08, 0x00, 0x69, 0x00, 0x07, 0x00, 0x6a, 0x00, 0x07, 0x00,
    0xeb, 0x00, 0x08, 0x00, 0xec, 0x00, 0x08, 0x00, 0xed, 0x00, 0x08, 0x00, 0xee, 0x00, 0x08, 0x00,
    0x00, 0x00, 0x00, 0x00, 0xef, 0x00, 0x08, 0x00, 0xf0, 0x00, 0x08, 0x00, 0xf1, 0x00, 0x08, 0x00,
    0xf2, 0x00, 0x08, 0x00, 0x6b, 0x00, 0x07, 0x00, 0x6c, 0x00, 0x07, 0x00, 0xf3, 0x00, 0x08, 0x00,
    0xfa, 0x01, 0x09, 0x00, 0xfb, 0x01, 0x09, 0x00, 0xfc, 0x01, 0x09, 0x00, 0xfd, 0x01, 0x09, 0x00,
    0xfe, 0x01, 0x09, 0x00, 0xff, 0x01, 0x09, 0x00, 0xf4, 0x00, 0x08, 0x00, 0xf5, 0x00, 0x08, 0x00,
    0xf6, 0x00, 0x08, 0x00, 0xf7, 0x00, 0x08, 0x00, 0xf8, 0x00, 0x08, 0x00, 0xf9, 0x00, 0x08, 0x00,
    0x6d, 0x00, 0x07, 0x00, 0x6e, 0x00, 0x07, 0x00, 0x6f, 0x00, 0x07, 0x00, 0x70, 0x00, 0x07, 0x00,
    0x71, 0x00, 0x07, 0x00, 0x2f, 0x00, 0x06, 0x00, 0x30, 0x00, 0x06, 0x00, 0x31, 0x00, 0x06, 0x00,
    0x14, 0x00, 0x05, 0x00, 0x15, 0x00, 0x05, 0x00, 0x07, 0x00, 0x04, 0x00, 0x08, 0x00, 0x04, 0x00,
];

pub const G_A_SPEC_WL7_K: [u8; 256] = [
    0x00, 0x00, 0x02, 0x00, 0x02, 0x00, 0x03, 0x00, 0x12, 0x00, 0x05, 0x00, 0x13, 0x00, 0x05, 0x00,
    0x2c, 0x00, 0x06, 0x00, 0x2d, 0x00, 0x06, 0x00, 0x2e, 0x00, 0x06, 0x00, 0x2f, 0x00, 0x06, 0x00,
    0x66, 0x00, 0x07, 0x00, 0x67, 0x00, 0x07, 0x00, 0x68, 0x00, 0x07, 0x00, 0x69, 0x00, 0x07, 0x00,
    0x6a, 0x00, 0x07, 0x00, 0xe0, 0x00, 0x08, 0x00, 0xe1, 0x00, 0x08, 0x00, 0xe2, 0x00, 0x08, 0x00,
    0xe3, 0x00, 0x08, 0x00, 0xe4, 0x00, 0x08, 0x00, 0xe5, 0x00, 0x08, 0x00, 0xf4, 0x01, 0x09, 0x00,
    0xf5, 0x01, 0x09, 0x00, 0xf6, 0x01, 0x09, 0x00, 0xf7, 0x01, 0x09, 0x00, 0xf8, 0x01, 0x09, 0x00,
    0xf9, 0x01, 0x09, 0x00, 0xe6, 0x00, 0x08, 0x00, 0xe7, 0x00, 0x08, 0x00, 0xe8, 0x00, 0x08, 0x00,
    0xe9, 0x00, 0x08, 0x00, 0xea, 0x00, 0x08, 0x00, 0xeb, 0x00, 0x08, 0x00, 0xec, 0x00, 0x08, 0x00,
    0x00, 0x00, 0x00, 0x00, 0xed, 0x00, 0x08, 0x00, 0xee, 0x00, 0x08, 0x00, 0xef, 0x00, 0x08, 0x00,
    0xf0, 0x00, 0x08, 0x00, 0xf1, 0x00, 0x08, 0x00, 0xf2, 0x00, 0x08, 0x00, 0xf3, 0x00, 0x08, 0x00,
    0xfa, 0x01, 0x09, 0x00, 0xfb, 0x01, 0x09, 0x00, 0xfc, 0x01, 0x09, 0x00, 0xfd, 0x01, 0x09, 0x00,
    0xfe, 0x01, 0x09, 0x00, 0xff, 0x01, 0x09, 0x00, 0xf4, 0x00, 0x08, 0x00, 0xf5, 0x00, 0x08, 0x00,
    0xf6, 0x00, 0x08, 0x00, 0xf7, 0x00, 0x08, 0x00, 0xf8, 0x00, 0x08, 0x00, 0xf9, 0x00, 0x08, 0x00,
    0x6b, 0x00, 0x07, 0x00, 0x6c, 0x00, 0x07, 0x00, 0x6d, 0x00, 0x07, 0x00, 0x6e, 0x00, 0x07, 0x00,
    0x6f, 0x00, 0x07, 0x00, 0x30, 0x00, 0x06, 0x00, 0x31, 0x00, 0x06, 0x00, 0x32, 0x00, 0x06, 0x00,
    0x14, 0x00, 0x05, 0x00, 0x15, 0x00, 0x05, 0x00, 0x08, 0x00, 0x04, 0x00, 0x03, 0x00, 0x03, 0x00,
];

pub const G_A_SPEC_WL7_L: [u8; 256] = [
    0x00, 0x00, 0x02, 0x00, 0x04, 0x00, 0x04, 0x00, 0x05, 0x00, 0x04, 0x00, 0x10, 0x00, 0x05, 0x00,
    0x11, 0x00, 0x05, 0x00, 0x12, 0x00, 0x05, 0x00, 0x2c, 0x00, 0x06, 0x00, 0x2d, 0x00, 0x06, 0x00,
    0x2e, 0x00, 0x06, 0x00, 0x2f, 0x00, 0x06, 0x00, 0x30, 0x00, 0x06, 0x00, 0x6c, 0x00, 0x07, 0x00,
    0x6d, 0x00, 0x07, 0x00, 0x6e, 0x00, 0x07, 0x00, 0x6f, 0x00, 0x07, 0x00, 0x70, 0x00, 0x07, 0x00,
    0x71, 0x00, 0x07, 0x00, 0xf0, 0x00, 0x08, 0x00, 0xf1, 0x00, 0x08, 0x00, 0xf2, 0x00, 0x08, 0x00,
    0xf3, 0x00, 0x08, 0x00, 0xee, 0x01, 0x09, 0x00, 0xef, 0x01, 0x09, 0x00, 0xf0, 0x01, 0x09, 0x00,
    0xf1, 0x01, 0x09, 0x00, 0xf2, 0x01, 0x09, 0x00, 0xf3, 0x01, 0x09, 0x00, 0xf4, 0x01, 0x09, 0x00,
    0xfa, 0x03, 0x0a, 0x00, 0xfb, 0x03, 0x0a, 0x00, 0xfc, 0x03, 0x0a, 0x00, 0xfc, 0x07, 0x0b, 0x00,
    0x00, 0x00, 0x00, 0x00, 0xfd, 0x07, 0x0b, 0x00, 0xfe, 0x07, 0x0b, 0x00, 0xfd, 0x03, 0x0a, 0x00,
    0xff, 0x07, 0x0b, 0x00, 0xf5, 0x01, 0x09, 0x00, 0xf6, 0x01, 0x09, 0x00, 0xf7, 0x01, 0x09, 0x00,
    0xf8, 0x01, 0x09, 0x00, 0xf9, 0x01, 0x09, 0x00, 0xfa, 0x01, 0x09, 0x00, 0xfb, 0x01, 0x09, 0x00,
    0xfc, 0x01, 0x09, 0x00, 0xf4, 0x00, 0x08, 0x00, 0xf5, 0x00, 0x08, 0x00, 0x72, 0x00, 0x07, 0x00,
    0xf6, 0x00, 0x08, 0x00, 0x73, 0x00, 0x07, 0x00, 0x74, 0x00, 0x07, 0x00, 0x75, 0x00, 0x07, 0x00,
    0x76, 0x00, 0x07, 0x00, 0x77, 0x00, 0x07, 0x00, 0x31, 0x00, 0x06, 0x00, 0x32, 0x00, 0x06, 0x00,
    0x33, 0x00, 0x06, 0x00, 0x34, 0x00, 0x06, 0x00, 0x35, 0x00, 0x06, 0x00, 0x13, 0x00, 0x05, 0x00,
    0x14, 0x00, 0x05, 0x00, 0x15, 0x00, 0x05, 0x00, 0x06, 0x00, 0x04, 0x00, 0x07, 0x00, 0x04, 0x00,
];

pub const G_A_Y_AT5: [u8; 17] = [
    0x00, 0x08, 0x0c, 0x10, 0x12, 0x14, 0x16, 0x17, 0x18, 0x19, 0x1a, 0x1b, 0x1c, 0x1d, 0x1e, 0x1f,
    0x20,
];

pub const G_A_X_AT5: [u8; 33] = [
    0x00, 0x00, 0x00, 0x00, 0x00, 0x00, 0x00, 0x00, 0x00, 0x01, 0x01, 0x01, 0x01, 0x02, 0x02, 0x02,
    0x02, 0x03, 0x03, 0x04, 0x04, 0x05, 0x05, 0x06, 0x07, 0x08, 0x09, 0x0a, 0x0b, 0x0c, 0x0d, 0x0e,
    0x0f,
];

pub const G_A_SG_SHAPE_INDEX_AT5: [u8; 32] = [
    0x00, 0x00, 0x00, 0x01, 0x01, 0x01, 0x02, 0x02, 0x02, 0x03, 0x03, 0x03, 0x04, 0x04, 0x04, 0x05,
    0x05, 0x05, 0x06, 0x06, 0x06, 0x07, 0x07, 0x07, 0x08, 0x08, 0x08, 0x09, 0x09, 0x09, 0x09, 0x09,
];

pub const G_A_FQF_AT5: [u8; 32] = [
    0x00, 0x00, 0x00, 0x00, 0x00, 0x1e, 0xab, 0x3f, 0x00, 0x98, 0x0e, 0x40, 0x00, 0xa2, 0x47, 0x40,
    0x00, 0xdc, 0x9c, 0x40, 0x00, 0xe6, 0xd5, 0x40, 0x00, 0x06, 0x5d, 0x41, 0x00, 0x98, 0xe0, 0x41,
];

pub const G_AA_TTVAL_AT5: [u8; 512] = [
    0x00, 0x00, 0x00, 0x00, 0x00, 0x00, 0x00, 0x00, 0x00, 0x00, 0x00, 0x00, 0x00, 0x00, 0x00, 0x00,
    0x00, 0x00, 0x00, 0x00, 0x00, 0x00, 0x00, 0x00, 0x00, 0x00, 0x00, 0x00, 0x00, 0x00, 0x00, 0x00,
    0x00, 0x00, 0x00, 0x00, 0x00, 0x00, 0x00, 0x00, 0x00, 0x00, 0x00, 0x00, 0x00, 0x00, 0x00, 0x00,
    0x00, 0x00, 0x00, 0x00, 0x00, 0x00, 0x00, 0x00, 0x00, 0x00, 0x00, 0x00, 0x00, 0x00, 0x00, 0x00,
    0x00, 0x80, 0xbf, 0x3e, 0x00, 0x38, 0xcd, 0x3e, 0x00, 0xf8, 0xdb, 0x3e, 0x00, 0xc0, 0xeb, 0x3e,
    0x00, 0xb0, 0xfc, 0x3e, 0x00, 0x68, 0x07, 0x3f, 0x00, 0x20, 0x11, 0x3f, 0x00, 0x88, 0x1b, 0x3f,
    0x00, 0xb4, 0x26, 0x3f, 0x00, 0xac, 0x32, 0x3f, 0x00, 0x7c, 0x3f, 0x3f, 0x00, 0x3c, 0x4d, 0x3f,
    0x00, 0xf8, 0x5b, 0x3f, 0x00, 0xc0, 0x6b, 0x3f, 0x00, 0xac, 0x7c, 0x3f, 0x00, 0x68, 0x87, 0x3f,
    0x00, 0xd0, 0x65, 0x3e, 0x00, 0x40, 0x76, 0x3e, 0x00, 0xf8, 0x83, 0x3e, 0x00, 0x70, 0x8d, 0x3e,
    0x00, 0x98, 0x97, 0x3e, 0x00, 0x78, 0xa2, 0x3e, 0x00, 0x28, 0xae, 0x3e, 0x00, 0xa8, 0xba, 0x3e,
    0x00, 0x08, 0xc8, 0x3e, 0x00, 0x68, 0xd6, 0x3e, 0x00, 0xc8, 0xe5, 0x3e, 0x00, 0x48, 0xf6, 0x3e,
    0x00, 0xfc, 0x03, 0x3f, 0x00, 0x74, 0x0d, 0x3f, 0x00, 0x9c, 0x17, 0x3f, 0x00, 0x7c, 0x22, 0x3f,
    0x00, 0x20, 0x24, 0x3e, 0x00, 0xf0, 0x2f, 0x3e, 0x00, 0x90, 0x3c, 0x3e, 0x00, 0x10, 0x4a, 0x3e,
    0x00, 0x90, 0x58, 0x3e, 0x00, 0x20, 0x68, 0x3e, 0x00, 0xc0, 0x78, 0x3e, 0x00, 0x50, 0x85, 0x3e,
    0x00, 0xe0, 0x8e, 0x3e, 0x00, 0x28, 0x99, 0x3e, 0x00, 0x20, 0xa4, 0x3e, 0x00, 0xe8, 0xaf, 0x3e,
    0x00, 0x88, 0xbc, 0x3e, 0x00, 0x10, 0xca, 0x3e, 0x00, 0x90, 0xd8, 0x3e, 0x00, 0x20, 0xe8, 0x3e,
    0x00, 0xe0, 0xd0, 0x3d, 0x00, 0xe0, 0xdf, 0x3d, 0x00, 0x00, 0xf0, 0x3d, 0x00, 0x90, 0x00, 0x3e,
    0x00, 0xd0, 0x09, 0x3e, 0x00, 0xb0, 0x13, 0x3e, 0x00, 0x50, 0x1e, 0x3e, 0x00, 0xb0, 0x29, 0x3e,
    0x00, 0xe0, 0x35, 0x3e, 0x00, 0xf0, 0x42, 0x3e, 0x00, 0xe0, 0x50, 0x3e, 0x00, 0xe0, 0x5f, 0x3e,
    0x00, 0xf0, 0x6f, 0x3e, 0x00, 0x98, 0x80, 0x3e, 0x00, 0xd0, 0x89, 0x3e, 0x00, 0xb8, 0x93, 0x3e,
    0x00, 0x40, 0x99, 0x3d, 0x00, 0x20, 0xa4, 0x3d, 0x00, 0x00, 0xb0, 0x3d, 0x00, 0xa0, 0xbc, 0x3d,
    0x00, 0x20, 0xca, 0x3d, 0x00, 0xa0, 0xd8, 0x3d, 0x00, 0x40, 0xe8, 0x3d, 0x00, 0xe0, 0xf8, 0x3d,
    0x00, 0x60, 0x05, 0x3e, 0x00, 0xf0, 0x0e, 0x3e, 0x00, 0x30, 0x19, 0x3e, 0x00, 0x30, 0x24, 0x3e,
    0x00, 0x00, 0x30, 0x3e, 0x00, 0xa0, 0x3c, 0x3e, 0x00, 0x20, 0x4a, 0x3e, 0x00, 0xa0, 0x58, 0x3e,
    0x00, 0x40, 0x14, 0x3d, 0x00, 0x00, 0x1f, 0x3d, 0x00, 0x40, 0x2a, 0x3d, 0x00, 0x80, 0x36, 0x3d,
    0x00, 0x80, 0x43, 0x3d, 0x00, 0xc0, 0x51, 0x3d, 0x00, 0xc0, 0x60, 0x3d, 0x00, 0xc0, 0x70, 0x3d,
    0x00, 0x00, 0x81, 0x3d, 0x00, 0x60, 0x8a, 0x3d, 0x00, 0x40, 0x94, 0x3d, 0x00, 0xe0, 0x9e, 0x3d,
    0x00, 0x40, 0xaa, 0x3d, 0x00, 0x80, 0xb6, 0x3d, 0x00, 0xa0, 0xc3, 0x3d, 0x00, 0xa0, 0xd1, 0x3d,
    0x00, 0x00, 0x92, 0x3c, 0x00, 0x80, 0x9c, 0x3c, 0x00, 0x80, 0xa7, 0x3c, 0x00, 0x80, 0xb3, 0x3c,
    0x00, 0x80, 0xc0, 0x3c, 0x00, 0x80, 0xce, 0x3c, 0x00, 0x00, 0xdd, 0x3c, 0x00, 0x00, 0xed, 0x3c,
    0x00, 0x00, 0xfe, 0x3c, 0x00, 0x40, 0x08, 0x3d, 0x00, 0x00, 0x12, 0x3d, 0x00, 0x40, 0x1c, 0x3d,
    0x00, 0x80, 0x27, 0x3d, 0x00, 0x80, 0x33, 0x3d, 0x00, 0x80, 0x40, 0x3d, 0x00, 0x40, 0x4e, 0x3d,
];

pub const C_II4: [u8; 16] = [
    0x5e, 0x83, 0xec, 0x3f, 0x15, 0xef, 0x43, 0x3f, 0x5e, 0x83, 0xec, 0x3f, 0x15, 0xef, 0x43, 0x3f,
];

pub const C_II2: [u8; 16] = [
    0xf3, 0x04, 0x35, 0x3f, 0xcd, 0x13, 0x54, 0x3e, 0x7a, 0x82, 0x9a, 0x3f, 0x00, 0x00, 0x00, 0x00,
];

pub const C_II16: [u8; 32] = [
    0x6d, 0xc4, 0xfe, 0x3f, 0x0b, 0xfa, 0xf4, 0x3f, 0x98, 0xc5, 0xe1, 0x3f, 0x03, 0xe4, 0xc5, 0x3f,
    0x99, 0x67, 0xa2, 0x3f, 0xea, 0x5a, 0x71, 0x3f, 0x32, 0xa0, 0x14, 0x3f, 0x36, 0xbd, 0x48, 0x3e,
];

pub const C_II8: [u8; 32] = [
    0xbe, 0x14, 0xfb, 0x3f, 0x31, 0xdb, 0xd4, 0x3f, 0xda, 0x39, 0x8e, 0x3f, 0xc2, 0xc5, 0xc7, 0x3e,
    0x00, 0x00, 0x00, 0x00, 0x00, 0x00, 0x00, 0x00, 0x00, 0x00, 0x00, 0x00, 0x00, 0x00, 0x00, 0x00,
];

pub const C_IV16: [u8; 64] = [
    0x0f, 0xb1, 0xff, 0x3f, 0xac, 0x3a, 0xfd, 0x3f, 0xf8, 0x53, 0xf8, 0x3f, 0x08, 0x09, 0xf1, 0x3f,
    0xd8, 0x6b, 0xe7, 0x3f, 0x1a, 0x94, 0xdb, 0x3f, 0x02, 0x9f, 0xcd, 0x3f, 0xf9, 0xae, 0xbd, 0x3f,
    0x4a, 0xeb, 0xab, 0x3f, 0xc0, 0x7f, 0x98, 0x3f, 0x3d, 0x9c, 0x83, 0x3f, 0x80, 0xe8, 0x5a, 0x3f,
    0xd4, 0x7c, 0x2c, 0x3f, 0xcc, 0xcf, 0xf8, 0x3e, 0x84, 0x40, 0x96, 0x3e, 0x30, 0xfb, 0xc8, 0x3d,
];

pub const ANA_COEF: [u8; 2560] = [
    0x56, 0x98, 0x9c, 0xb5, 0xce, 0x5e, 0xd8, 0xb5, 0xcc, 0x83, 0x61, 0xb5, 0xf2, 0xb2, 0xbe, 0xb3,
    0xf6, 0x90, 0x8a, 0x33, 0x2c, 0xa6, 0x97, 0x33, 0xed, 0x80, 0xd9, 0x32, 0x3d, 0x71, 0xb0, 0x37,
    0x6f, 0x4e, 0x8c, 0x35, 0xb6, 0x31, 0xf6, 0x35, 0x80, 0x44, 0x12, 0x36, 0xd0, 0xef, 0xfd, 0x34,
    0xfa, 0x35, 0x15, 0xb5, 0xb9, 0x2a, 0x8d, 0xb5, 0x9c, 0x91, 0x78, 0xb5, 0xb5, 0xe1, 0xb5, 0x37,
    0xb4, 0xb7, 0x99, 0xb7, 0xc3, 0x35, 0xb0, 0xb7, 0xa2, 0xe5, 0x84, 0xb7, 0x5b, 0xf6, 0x0b, 0xb7,
    0xfc, 0xbd, 0xb0, 0xb6, 0x1a, 0x23, 0x4f, 0xb6, 0xf9, 0x75, 0x99, 0xb5, 0x33, 0x18, 0x73, 0x36,
    0x97, 0x6d, 0xa6, 0x37, 0x02, 0x4e, 0xdc, 0x37, 0x5c, 0x20, 0xf8, 0x37, 0xe1, 0x70, 0x26, 0x38,
    0xf0, 0x96, 0x5e, 0x38, 0xfe, 0x09, 0x8e, 0x38, 0xeb, 0x63, 0xae, 0x38, 0x2d, 0xd3, 0xd0, 0x38,
    0x24, 0x31, 0x07, 0xb9, 0x04, 0x40, 0x0f, 0xb9, 0x51, 0x43, 0x19, 0xb9, 0xd4, 0xa6, 0x1f, 0xb9,
    0x31, 0xf9, 0x1c, 0xb9, 0xe8, 0x3c, 0x13, 0xb9, 0x16, 0x9f, 0x02, 0xb9, 0x69, 0x67, 0xf4, 0xb8,
    0xfd, 0x8b, 0x6c, 0x39, 0xce, 0x0c, 0x9a, 0x39, 0x37, 0xf6, 0xbd, 0x39, 0xbf, 0x64, 0xe6, 0x39,
    0x3a, 0x3e, 0x08, 0x3a, 0xb6, 0x4b, 0x1d, 0x3a, 0xf6, 0xde, 0x31, 0x3a, 0x9d, 0xaf, 0x41, 0x3a,
    0xa6, 0xd6, 0x8e, 0xba, 0x23, 0xb9, 0x89, 0xba, 0x1a, 0x5e, 0x82, 0xba, 0x31, 0x02, 0x70, 0xba,
    0x06, 0xed, 0x54, 0xba, 0xcc, 0xd6, 0x33, 0xba, 0x63, 0xdb, 0x0c, 0xba, 0x85, 0x5a, 0xbf, 0xb9,
    0x76, 0x60, 0x00, 0x3b, 0x0d, 0x90, 0x13, 0x3b, 0x63, 0x45, 0x26, 0x3b, 0x96, 0x1d, 0x38, 0x3b,
    0xe1, 0xcf, 0x48, 0x3b, 0x52, 0x05, 0x58, 0x3b, 0x04, 0x66, 0x65, 0x3b, 0xbb, 0xeb, 0x70, 0x3b,
    0xb3, 0x9c, 0x41, 0xbb, 0xf4, 0x31, 0x28, 0xbb, 0x5e, 0x80, 0x0a, 0xbb, 0xf0, 0x23, 0xd1, 0xba,
    0x7f, 0x1f, 0x85, 0xba, 0xf5, 0xb7, 0xc5, 0xb9, 0x63, 0x60, 0xa5, 0x39, 0xfb, 0x54, 0x8a, 0x3a,
    0x06, 0xff, 0x0a, 0x3c, 0x94, 0x99, 0x16, 0x3c, 0x14, 0x0b, 0x21, 0x3c, 0x18, 0x1d, 0x2a, 0x3c,
    0xee, 0x95, 0x31, 0x3c, 0x30, 0x3d, 0x37, 0x3c, 0xcc, 0xdc, 0x3a, 0x3c, 0x15, 0x3d, 0x3c, 0x3c,
    0x72, 0xb3, 0x96, 0xbb, 0x5e, 0x35, 0x3d, 0xbb, 0x3c, 0x26, 0x81, 0xba, 0x2c, 0x5c, 0x90, 0x3a,
    0x96, 0x94, 0x5c, 0x3b, 0xf8, 0x01, 0xbe, 0x3b, 0x77, 0x70, 0x09, 0x3c, 0x06, 0x3d, 0x36, 0x3c,
    0x52, 0x23, 0x21, 0x3d, 0x7a, 0x0c, 0x2e, 0x3d, 0xd7, 0xa0, 0x3a, 0x3d, 0x25, 0xc8, 0x46, 0x3d,
    0x7d, 0x6a, 0x52, 0x3d, 0xac, 0x70, 0x5d, 0x3d, 0x87, 0xc4, 0x67, 0x3d, 0x31, 0x51, 0x71, 0x3d,
    0x93, 0x02, 0x8d, 0xbd, 0xb1, 0x6a, 0x8c, 0xbd, 0x3b, 0x3c, 0x8b, 0xbd, 0x9e, 0x79, 0x89, 0xbd,
    0x92, 0x26, 0x87, 0xbd, 0x00, 0x48, 0x84, 0xbd, 0xec, 0xe3, 0x80, 0xbd, 0xc7, 0x02, 0x7a, 0xbd,
    0x2b, 0xfe, 0x13, 0xbd, 0xa8, 0xb5, 0x06, 0xbd, 0x4c, 0xc4, 0xf2, 0xbc, 0xb1, 0x37, 0xd8, 0xbc,
    0x2e, 0xf4, 0xbd, 0xbc, 0x94, 0x26, 0xa4, 0xbc, 0x95, 0xf9, 0x8a, 0xbc, 0xd5, 0x29, 0x65, 0xbc,
    0x18, 0x74, 0xc8, 0xbb, 0x9f, 0xd0, 0xf3, 0xbb, 0x61, 0x67, 0x0c, 0xbc, 0xdb, 0xbe, 0x1b, 0xbc,
    0xfb, 0xfe, 0x27, 0xbc, 0x38, 0x3f, 0x31, 0xbc, 0xec, 0x9c, 0x37, 0xbc, 0xb2, 0x3e, 0x3b, 0xbc,
    0x95, 0xe9, 0xfc, 0xbb, 0x44, 0x6c, 0xe2, 0xbb, 0xb4, 0xeb, 0xc6, 0xbb, 0x51, 0xd6, 0xaa, 0xbb,
    0x8a, 0x92, 0x8e, 0xbb, 0xdc, 0xf9, 0x64, 0xbb, 0x28, 0xd9, 0x2d, 0xbb, 0xb1, 0xcf, 0xf0, 0xba,
    0xa2, 0xa7, 0x56, 0xbb, 0xf2, 0x5d, 0x67, 0xbb, 0x9c, 0xe7, 0x73, 0xbb, 0x77, 0x57, 0x7c, 0xbb,
    0xed, 0x68, 0x80, 0xbb, 0x8d, 0xcc, 0x80, 0xbb, 0x72, 0xf1, 0x7e, 0xbb, 0x07, 0xe8, 0x78, 0xbb,
    0x3f, 0xd3, 0xd9, 0xba, 0xcf, 0x5d, 0xb3, 0xba, 0xc5, 0x5e, 0x8d, 0xba, 0x59, 0x6d, 0x51, 0xba,
    0xf6, 0xb8, 0x0b, 0xba, 0xeb, 0x38, 0x94, 0xb9, 0x60, 0x65, 0x52, 0xb8, 0x79, 0xce, 0x30, 0x39,
    0x0a, 0x50, 0x91, 0xba, 0x40, 0x6b, 0x91, 0xba, 0x8f, 0x9c, 0x8f, 0xba, 0x89, 0xa9, 0x8b, 0xba,
    0xa6, 0x0c, 0x86, 0xba, 0x0c, 0x1a, 0x7e, 0xba, 0xb9, 0xcf, 0x6d, 0xba, 0x1e, 0xd2, 0x5e, 0xba,
    0xd7, 0x70, 0x29, 0xb9, 0xaa, 0xf6, 0xdf, 0xb8, 0xee, 0xfd, 0x5a, 0xb8, 0x3b, 0x92, 0x5f, 0xb6,
    0x31, 0x77, 0x1b, 0x38, 0xaa, 0x61, 0x95, 0x38, 0xb4, 0x3f, 0xd1, 0x38, 0xb9, 0x1f, 0xec, 0x38,
    0xde, 0x86, 0x06, 0xb9, 0x12, 0x7f, 0x01, 0xb9, 0x98, 0x9d, 0xe3, 0xb8, 0x8f, 0xb1, 0xc5, 0xb8,
    0x24, 0x0d, 0xb4, 0xb8, 0x70, 0x94, 0xa5, 0xb8, 0x94, 0x6c, 0x98, 0xb8, 0x75, 0x09, 0x79, 0xb8,
    0x5f, 0xc8, 0xcb, 0xb8, 0x50, 0x1f, 0xc1, 0xb8, 0x24, 0x29, 0xbe, 0xb8, 0x7a, 0x61, 0xae, 0xb8,
    0x13, 0x0f, 0x9b, 0xb8, 0x5b, 0x7c, 0x87, 0xb8, 0x1d, 0x40, 0x69, 0xb8, 0x1e, 0x64, 0x45, 0xb8,
    0x2d, 0x5c, 0x53, 0xb7, 0xe8, 0xf1, 0x73, 0xb7, 0x1c, 0x0f, 0xc9, 0xb7, 0xb9, 0x86, 0x11, 0xb8,
    0x2f, 0xfe, 0x26, 0xb8, 0x24, 0x16, 0x33, 0xb8, 0xf6, 0x3a, 0x38, 0xb8, 0xf6, 0xbd, 0xcc, 0xb7,
    0xcb, 0xe5, 0x6b, 0xb7, 0xc0, 0x64, 0x56, 0xb7, 0xfd, 0xfe, 0x1a, 0xb7, 0x64, 0x92, 0xda, 0xb6,
    0x6b, 0x14, 0x9b, 0xb6, 0x67, 0x62, 0x40, 0xb6, 0xb8, 0x34, 0xa1, 0xb5, 0x7a, 0x9e, 0xc6, 0x37,
    0xcb, 0xe5, 0x6b, 0x37, 0xc0, 0x64, 0x56, 0x37, 0xfd, 0xfe, 0x1a, 0x37, 0x64, 0x92, 0xda, 0x36,
    0x6b, 0x14, 0x9b, 0x36, 0x67, 0x62, 0x40, 0x36, 0xb8, 0x34, 0xa1, 0x35, 0x7a, 0x9e, 0xc6, 0xb7,
    0x2d, 0x5c, 0x53, 0xb7, 0xe8, 0xf1, 0x73, 0xb7, 0x1c, 0x0f, 0xc9, 0xb7, 0xb9, 0x86, 0x11, 0xb8,
    0x2f, 0xfe, 0x26, 0xb8, 0x24, 0x16, 0x33, 0xb8, 0xf6, 0x3a, 0x38, 0xb8, 0xf6, 0xbd, 0xcc, 0xb7,
    0x5f, 0xc8, 0xcb, 0x38, 0x50, 0x1f, 0xc1, 0x38, 0x24, 0x29, 0xbe, 0x38, 0x7a, 0x61, 0xae, 0x38,
    0x13, 0x0f, 0x9b, 0x38, 0x5b, 0x7c, 0x87, 0x38, 0x1d, 0x40, 0x69, 0x38, 0x1e, 0x64, 0x45, 0x38,
    0xde, 0x86, 0x06, 0xb9, 0x12, 0x7f, 0x01, 0xb9, 0x98, 0x9d, 0xe3, 0xb8, 0x8f, 0xb1, 0xc5, 0xb8,
    0x24, 0x0d, 0xb4, 0xb8, 0x70, 0x94, 0xa5, 0xb8, 0x94, 0x6c, 0x98, 0xb8, 0x75, 0x09, 0x79, 0xb8,
    0xd7, 0x70, 0x29, 0x39, 0xaa, 0xf6, 0xdf, 0x38, 0xee, 0xfd, 0x5a, 0x38, 0x3b, 0x92, 0x5f, 0x36,
    0x31, 0x77, 0x1b, 0xb8, 0xaa, 0x61, 0x95, 0xb8, 0xb4, 0x3f, 0xd1, 0xb8, 0xb9, 0x1f, 0xec, 0xb8,
    0x0a, 0x50, 0x91, 0xba, 0x40, 0x6b, 0x91, 0xba, 0x8f, 0x9c, 0x8f, 0xba, 0x89, 0xa9, 0x8b, 0xba,
    0xa6, 0x0c, 0x86, 0xba, 0x0c, 0x1a, 0x7e, 0xba, 0xb9, 0xcf, 0x6d, 0xba, 0x1e, 0xd2, 0x5e, 0xba,
    0x3f, 0xd3, 0xd9, 0x3a, 0xcf, 0x5d, 0xb3, 0x3a, 0xc5, 0x5e, 0x8d, 0x3a, 0x59, 0x6d, 0x51, 0x3a,
    0xf6, 0xb8, 0x0b, 0x3a, 0xeb, 0x38, 0x94, 0x39, 0x60, 0x65, 0x52, 0x38, 0x79, 0xce, 0x30, 0xb9,
    0xa2, 0xa7, 0x56, 0xbb, 0xf2, 0x5d, 0x67, 0xbb, 0x9c, 0xe7, 0x73, 0xbb, 0x77, 0x57, 0x7c, 0xbb,
    0xed, 0x68, 0x80, 0xbb, 0x8d, 0xcc, 0x80, 0xbb, 0x72, 0xf1, 0x7e, 0xbb, 0x07, 0xe8, 0x78, 0xbb,
    0x95, 0xe9, 0xfc, 0x3b, 0x44, 0x6c, 0xe2, 0x3b, 0xb4, 0xeb, 0xc6, 0x3b, 0x51, 0xd6, 0xaa, 0x3b,
    0x8a, 0x92, 0x8e, 0x3b, 0xdc, 0xf9, 0x64, 0x3b, 0x28, 0xd9, 0x2d, 0x3b, 0xb1, 0xcf, 0xf0, 0x3a,
    0x18, 0x74, 0xc8, 0xbb, 0x9f, 0xd0, 0xf3, 0xbb, 0x61, 0x67, 0x0c, 0xbc, 0xdb, 0xbe, 0x1b, 0xbc,
    0xfb, 0xfe, 0x27, 0xbc, 0x38, 0x3f, 0x31, 0xbc, 0xec, 0x9c, 0x37, 0xbc, 0xb2, 0x3e, 0x3b, 0xbc,
    0x2b, 0xfe, 0x13, 0x3d, 0xa8, 0xb5, 0x06, 0x3d, 0x4c, 0xc4, 0xf2, 0x3c, 0xb1, 0x37, 0xd8, 0x3c,
    0x2e, 0xf4, 0xbd, 0x3c, 0x94, 0x26, 0xa4, 0x3c, 0x95, 0xf9, 0x8a, 0x3c, 0xd5, 0x29, 0x65, 0x3c,
    0x93, 0x02, 0x8d, 0xbd, 0xb1, 0x6a, 0x8c, 0xbd, 0x3b, 0x3c, 0x8b, 0xbd, 0x9e, 0x79, 0x89, 0xbd,
    0x92, 0x26, 0x87, 0xbd, 0x00, 0x48, 0x84, 0xbd, 0xec, 0xe3, 0x80, 0xbd, 0xc7, 0x02, 0x7a, 0xbd,
    0x52, 0x23, 0x21, 0xbd, 0x7a, 0x0c, 0x2e, 0xbd, 0xd7, 0xa0, 0x3a, 0xbd, 0x25, 0xc8, 0x46, 0xbd,
    0x7d, 0x6a, 0x52, 0xbd, 0xac, 0x70, 0x5d, 0xbd, 0x87, 0xc4, 0x67, 0xbd, 0x31, 0x51, 0x71, 0xbd,
    0x72, 0xb3, 0x96, 0xbb, 0x5e, 0x35, 0x3d, 0xbb, 0x3c, 0x26, 0x81, 0xba, 0x2c, 0x5c, 0x90, 0x3a,
    0x96, 0x94, 0x5c, 0x3b, 0xf8, 0x01, 0xbe, 0x3b, 0x77, 0x70, 0x09, 0x3c, 0x06, 0x3d, 0x36, 0x3c,
    0x06, 0xff, 0x0a, 0xbc, 0x94, 0x99, 0x16, 0xbc, 0x14, 0x0b, 0x21, 0xbc, 0x18, 0x1d, 0x2a, 0xbc,
    0xee, 0x95, 0x31, 0xbc, 0x30, 0x3d, 0x37, 0xbc, 0xcc, 0xdc, 0x3a, 0xbc, 0x15, 0x3d, 0x3c, 0xbc,
    0xb3, 0x9c, 0x41, 0xbb, 0xf4, 0x31, 0x28, 0xbb, 0x5e, 0x80, 0x0a, 0xbb, 0xf0, 0x23, 0xd1, 0xba,
    0x7f, 0x1f, 0x85, 0xba, 0xf5, 0xb7, 0xc5, 0xb9, 0x63, 0x60, 0xa5, 0x39, 0xfb, 0x54, 0x8a, 0x3a,
    0x76, 0x60, 0x00, 0xbb, 0x0d, 0x90, 0x13, 0xbb, 0x63, 0x45, 0x26, 0xbb, 0x96, 0x1d, 0x38, 0xbb,
    0xe1, 0xcf, 0x48, 0xbb, 0x52, 0x05, 0x58, 0xbb, 0x04, 0x66, 0x65, 0xbb, 0xbb, 0xeb, 0x70, 0xbb,
    0xa6, 0xd6, 0x8e, 0xba, 0x23, 0xb9, 0x89, 0xba, 0x1a, 0x5e, 0x82, 0xba, 0x31, 0x02, 0x70, 0xba,
    0x06, 0xed, 0x54, 0xba, 0xcc, 0xd6, 0x33, 0xba, 0x63, 0xdb, 0x0c, 0xba, 0x85, 0x5a, 0xbf, 0xb9,
    0xfd, 0x8b, 0x6c, 0xb9, 0xce, 0x0c, 0x9a, 0xb9, 0x37, 0xf6, 0xbd, 0xb9, 0xbf, 0x64, 0xe6, 0xb9,
    0x3a, 0x3e, 0x08, 0xba, 0xb6, 0x4b, 0x1d, 0xba, 0xf6, 0xde, 0x31, 0xba, 0x9d, 0xaf, 0x41, 0xba,
    0x24, 0x31, 0x07, 0xb9, 0x04, 0x40, 0x0f, 0xb9, 0x51, 0x43, 0x19, 0xb9, 0xd4, 0xa6, 0x1f, 0xb9,
    0x31, 0xf9, 0x1c, 0xb9, 0xe8, 0x3c, 0x13, 0xb9, 0x16, 0x9f, 0x02, 0xb9, 0x69, 0x67, 0xf4, 0xb8,
    0x97, 0x6d, 0xa6, 0xb7, 0x02, 0x4e, 0xdc, 0xb7, 0x5c, 0x20, 0xf8, 0xb7, 0xe1, 0x70, 0x26, 0xb8,
    0xf0, 0x96, 0x5e, 0xb8, 0xfe, 0x09, 0x8e, 0xb8, 0xeb, 0x63, 0xae, 0xb8, 0x2d, 0xd3, 0xd0, 0xb8,
    0xb4, 0xb7, 0x99, 0xb7, 0xc3, 0x35, 0xb0, 0xb7, 0xa2, 0xe5, 0x84, 0xb7, 0x5b, 0xf6, 0x0b, 0xb7,
    0xfc, 0xbd, 0xb0, 0xb6, 0x1a, 0x23, 0x4f, 0xb6, 0xf9, 0x75, 0x99, 0xb5, 0x33, 0x18, 0x73, 0x36,
    0x6f, 0x4e, 0x8c, 0xb5, 0xb6, 0x31, 0xf6, 0xb5, 0x80, 0x44, 0x12, 0xb6, 0xd0, 0xef, 0xfd, 0xb4,
    0xfa, 0x35, 0x15, 0x35, 0xb9, 0x2a, 0x8d, 0x35, 0x9c, 0x91, 0x78, 0x35, 0xb5, 0xe1, 0xb5, 0xb7,
    0x56, 0x98, 0x9c, 0xb5, 0xce, 0x5e, 0xd8, 0xb5, 0xcc, 0x83, 0x61, 0xb5, 0xf2, 0xb2, 0xbe, 0xb3,
    0xf6, 0x90, 0x8a, 0x33, 0x2c, 0xa6, 0x97, 0x33, 0xed, 0x80, 0xd9, 0x32, 0x3d, 0x71, 0xb0, 0x37,
    0xf9, 0xae, 0x3d, 0x40, 0x02, 0x9f, 0x4d, 0x40, 0x1a, 0x94, 0x5b, 0x40, 0xd8, 0x6b, 0x67, 0x40,
    0x08, 0x09, 0x71, 0x40, 0xf8, 0x53, 0x78, 0x40, 0xac, 0x3a, 0x7d, 0x40, 0x0f, 0xb1, 0x7f, 0x40,
    0x4a, 0xeb, 0x2b, 0x40, 0xc0, 0x7f, 0x18, 0x40, 0x3d, 0x9c, 0x03, 0x40, 0x80, 0xe8, 0xda, 0x3f,
    0xd4, 0x7c, 0xac, 0x3f, 0xcc, 0xcf, 0x78, 0x3f, 0x83, 0x40, 0x16, 0x3f, 0x30, 0xfb, 0x48, 0x3e,
    0xc0, 0x7f, 0x18, 0xc0, 0xd4, 0x7c, 0xac, 0xbf, 0x30, 0xfb, 0x48, 0xbe, 0xcc, 0xcf, 0x78, 0x3f,
    0x3d, 0x9c, 0x03, 0x40, 0xf9, 0xae, 0x3d, 0x40, 0xd8, 0x6b, 0x67, 0x40, 0xac, 0x3a, 0x7d, 0x40,
    0x02, 0x9f, 0x4d, 0xc0, 0x08, 0x09, 0x71, 0xc0, 0x0f, 0xb1, 0x7f, 0xc0, 0xf8, 0x53, 0x78, 0xc0,
    0x1a, 0x94, 0x5b, 0xc0, 0x4a, 0xeb, 0x2b, 0xc0, 0x80, 0xe8, 0xda, 0xbf, 0x83, 0x40, 0x16, 0xbf,
    0x1a, 0x94, 0x5b, 0xc0, 0x0f, 0xb1, 0x7f, 0xc0, 0xd8, 0x6b, 0x67, 0xc0, 0xc0, 0x7f, 0x18, 0xc0,
    0x83, 0x40, 0x16, 0xbf, 0xd4, 0x7c, 0xac, 0x3f, 0xf9, 0xae, 0x3d, 0x40, 0xf8, 0x53, 0x78, 0x40,
    0x3d, 0x9c, 0x03, 0xc0, 0x30, 0xfb, 0x48, 0xbe, 0x80, 0xe8, 0xda, 0x3f, 0x02, 0x9f, 0x4d, 0x40,
    0xac, 0x3a, 0x7d, 0x40, 0x08, 0x09, 0x71, 0x40, 0x4a, 0xeb, 0x2b, 0x40, 0xcc, 0xcf, 0x78, 0x3f,
    0x80, 0xe8, 0xda, 0x3f, 0xcc, 0xcf, 0x78, 0xbf, 0x02, 0x9f, 0x4d, 0xc0, 0x0f, 0xb1, 0x7f, 0xc0,
    0xf9, 0xae, 0x3d, 0xc0, 0x83, 0x40, 0x16, 0xbf, 0x3d, 0x9c, 0x03, 0x40, 0x08, 0x09, 0x71, 0x40,
    0xd8, 0x6b, 0x67, 0x40, 0xf8, 0x53, 0x78, 0x40, 0xc0, 0x7f, 0x18, 0x40, 0x30, 0xfb, 0x48, 0xbe,
    0x4a, 0xeb, 0x2b, 0xc0, 0xac, 0x3a, 0x7d, 0xc0, 0x1a, 0x94, 0x5b, 0xc0, 0xd4, 0x7c, 0xac, 0xbf,
    0x08, 0x09, 0x71, 0x40, 0x1a, 0x94, 0x5b, 0x40, 0x83, 0x40, 0x16, 0x3f, 0x4a, 0xeb, 0x2b, 0xc0,
    0x0f, 0xb1, 0x7f, 0xc0, 0xc0, 0x7f, 0x18, 0xc0, 0xcc, 0xcf, 0x78, 0x3f, 0xd8, 0x6b, 0x67, 0x40,
    0xd4, 0x7c, 0xac, 0x3f, 0x3d, 0x9c, 0x03, 0xc0, 0xac, 0x3a, 0x7d, 0xc0, 0xf9, 0xae, 0x3d, 0xc0,
    0x30, 0xfb, 0x48, 0x3e, 0x02, 0x9f, 0x4d, 0x40, 0xf8, 0x53, 0x78, 0x40, 0x80, 0xe8, 0xda, 0x3f,
    0xcc, 0xcf, 0x78, 0xbf, 0xf9, 0xae, 0x3d, 0x40, 0x08, 0x09, 0x71, 0x40, 0x83, 0x40, 0x16, 0x3f,
    0x02, 0x9f, 0x4d, 0xc0, 0xd8, 0x6b, 0x67, 0xc0, 0x30, 0xfb, 0x48, 0xbe, 0x1a, 0x94, 0x5b, 0x40,
    0xf8, 0x53, 0x78, 0xc0, 0x4a, 0xeb, 0x2b, 0xc0, 0xd4, 0x7c, 0xac, 0x3f, 0xac, 0x3a, 0x7d, 0x40,
    0xc0, 0x7f, 0x18, 0x40, 0x80, 0xe8, 0xda, 0xbf, 0x0f, 0xb1, 0x7f, 0xc0, 0x3d, 0x9c, 0x03, 0xc0,
    0xac, 0x3a, 0x7d, 0xc0, 0x80, 0xe8, 0xda, 0xbf, 0xf9, 0xae, 0x3d, 0x40, 0x1a, 0x94, 0x5b, 0x40,
    0xcc, 0xcf, 0x78, 0xbf, 0x0f, 0xb1, 0x7f, 0xc0, 0xd4, 0x7c, 0xac, 0xbf, 0x02, 0x9f, 0x4d, 0x40,
    0x83, 0x40, 0x16, 0xbf, 0xd8, 0x6b, 0x67, 0x40, 0x4a, 0xeb, 0x2b, 0x40, 0x3d, 0x9c, 0x03, 0xc0,
    0xf8, 0x53, 0x78, 0xc0, 0x30, 0xfb, 0x48, 0xbe, 0x08, 0x09, 0x71, 0x40, 0xc0, 0x7f, 0x18, 0x40,
    0x30, 0xfb, 0x48, 0x3e, 0xac, 0x3a, 0x7d, 0xc0, 0xcc, 0xcf, 0x78, 0xbf, 0x08, 0x09, 0x71, 0x40,
    0x80, 0xe8, 0xda, 0x3f, 0x1a, 0x94, 0x5b, 0xc0, 0xc0, 0x7f, 0x18, 0xc0, 0xf9, 0xae, 0x3d, 0x40,
    0x0f, 0xb1, 0x7f, 0x40, 0x83, 0x40, 0x16, 0x3f, 0xf8, 0x53, 0x78, 0xc0, 0xd4, 0x7c, 0xac, 0xbf,
    0xd8, 0x6b, 0x67, 0x40, 0x3d, 0x9c, 0x03, 0x40, 0x02, 0x9f, 0x4d, 0xc0, 0x4a, 0xeb, 0x2b, 0xc0,
    0x0f, 0xb1, 0x7f, 0x40, 0x83, 0x40, 0x16, 0xbf, 0xf8, 0x53, 0x78, 0xc0, 0xd4, 0x7c, 0xac, 0x3f,
    0xd8, 0x6b, 0x67, 0x40, 0x3d, 0x9c, 0x03, 0xc0, 0x02, 0x9f, 0x4d, 0xc0, 0x4a, 0xeb, 0x2b, 0x40,
    0x30, 0xfb, 0x48, 0xbe, 0xac, 0x3a, 0x7d, 0xc0, 0xcc, 0xcf, 0x78, 0x3f, 0x08, 0x09, 0x71, 0x40,
    0x80, 0xe8, 0xda, 0xbf, 0x1a, 0x94, 0x5b, 0xc0, 0xc0, 0x7f, 0x18, 0x40, 0xf9, 0xae, 0x3d, 0x40,
    0x83, 0x40, 0x16, 0x3f, 0xd8, 0x6b, 0x67, 0x40, 0x4a, 0xeb, 0x2b, 0xc0, 0x3d, 0x9c, 0x03, 0xc0,
    0xf8, 0x53, 0x78, 0x40, 0x30, 0xfb, 0x48, 0xbe, 0x08, 0x09, 0x71, 0xc0, 0xc0, 0x7f, 0x18, 0x40,
    0xac, 0x3a, 0x7d, 0xc0, 0x80, 0xe8, 0xda, 0x3f, 0xf9, 0xae, 0x3d, 0x40, 0x1a, 0x94, 0x5b, 0xc0,
    0xcc, 0xcf, 0x78, 0xbf, 0x0f, 0xb1, 0x7f, 0x40, 0xd4, 0x7c, 0xac, 0xbf, 0x02, 0x9f, 0x4d, 0xc0,
    0xf8, 0x53, 0x78, 0xc0, 0x4a, 0xeb, 0x2b, 0x40, 0xd4, 0x7c, 0xac, 0x3f, 0xac, 0x3a, 0x7d, 0xc0,
    0xc0, 0x7f, 0x18, 0x40, 0x80, 0xe8, 0xda, 0x3f, 0x0f, 0xb1, 0x7f, 0xc0, 0x3d, 0x9c, 0x03, 0x40,
    0xcc, 0xcf, 0x78, 0x3f, 0xf9, 0xae, 0x3d, 0x40, 0x08, 0x09, 0x71, 0xc0, 0x83, 0x40, 0x16, 0x3f,
    0x02, 0x9f, 0x4d, 0x40, 0xd8, 0x6b, 0x67, 0xc0, 0x30, 0xfb, 0x48, 0x3e, 0x1a, 0x94, 0x5b, 0x40,
    0xd4, 0x7c, 0xac, 0xbf, 0x3d, 0x9c, 0x03, 0xc0, 0xac, 0x3a, 0x7d, 0x40, 0xf9, 0xae, 0x3d, 0xc0,
    0x30, 0xfb, 0x48, 0xbe, 0x02, 0x9f, 0x4d, 0x40, 0xf8, 0x53, 0x78, 0xc0, 0x80, 0xe8, 0xda, 0x3f,
    0x08, 0x09, 0x71, 0x40, 0x1a, 0x94, 0x5b, 0xc0, 0x83, 0x40, 0x16, 0x3f, 0x4a, 0xeb, 0x2b, 0x40,
    0x0f, 0xb1, 0x7f, 0xc0, 0xc0, 0x7f, 0x18, 0x40, 0xcc, 0xcf, 0x78, 0x3f, 0xd8, 0x6b, 0x67, 0xc0,
    0xd8, 0x6b, 0x67, 0x40, 0xf8, 0x53, 0x78, 0xc0, 0xc0, 0x7f, 0x18, 0x40, 0x30, 0xfb, 0x48, 0x3e,
    0x4a, 0xeb, 0x2b, 0xc0, 0xac, 0x3a, 0x7d, 0x40, 0x1a, 0x94, 0x5b, 0xc0, 0xd4, 0x7c, 0xac, 0x3f,
    0x80, 0xe8, 0xda, 0xbf, 0xcc, 0xcf, 0x78, 0xbf, 0x02, 0x9f, 0x4d, 0x40, 0x0f, 0xb1, 0x7f, 0xc0,
    0xf9, 0xae, 0x3d, 0x40, 0x83, 0x40, 0x16, 0xbf, 0x3d, 0x9c, 0x03, 0xc0, 0x08, 0x09, 0x71, 0x40,
    0x3d, 0x9c, 0x03, 0x40, 0x30, 0xfb, 0x48, 0xbe, 0x80, 0xe8, 0xda, 0xbf, 0x02, 0x9f, 0x4d, 0x40,
    0xac, 0x3a, 0x7d, 0xc0, 0x08, 0x09, 0x71, 0x40, 0x4a, 0xeb, 0x2b, 0xc0, 0xcc, 0xcf, 0x78, 0x3f,
    0x1a, 0x94, 0x5b, 0xc0, 0x0f, 0xb1, 0x7f, 0x40, 0xd8, 0x6b, 0x67, 0xc0, 0xc0, 0x7f, 0x18, 0x40,
    0x83, 0x40, 0x16, 0xbf, 0xd4, 0x7c, 0xac, 0xbf, 0xf9, 0xae, 0x3d, 0x40, 0xf8, 0x53, 0x78, 0xc0,
    0x02, 0x9f, 0x4d, 0xc0, 0x08, 0x09, 0x71, 0x40, 0x0f, 0xb1, 0x7f, 0xc0, 0xf8, 0x53, 0x78, 0x40,
    0x1a, 0x94, 0x5b, 0xc0, 0x4a, 0xeb, 0x2b, 0x40, 0x80, 0xe8, 0xda, 0xbf, 0x83, 0x40, 0x16, 0x3f,
    0xc0, 0x7f, 0x18, 0x40, 0xd4, 0x7c, 0xac, 0xbf, 0x30, 0xfb, 0x48, 0x3e, 0xcc, 0xcf, 0x78, 0x3f,
    0x3d, 0x9c, 0x03, 0xc0, 0xf9, 0xae, 0x3d, 0x40, 0xd8, 0x6b, 0x67, 0xc0, 0xac, 0x3a, 0x7d, 0x40,
    0x4a, 0xeb, 0x2b, 0xc0, 0xc0, 0x7f, 0x18, 0x40, 0x3d, 0x9c, 0x03, 0xc0, 0x80, 0xe8, 0xda, 0x3f,
    0xd4, 0x7c, 0xac, 0xbf, 0xcc, 0xcf, 0x78, 0x3f, 0x83, 0x40, 0x16, 0xbf, 0x30, 0xfb, 0x48, 0x3e,
    0xf9, 0xae, 0x3d, 0x40, 0x02, 0x9f, 0x4d, 0xc0, 0x1a, 0x94, 0x5b, 0x40, 0xd8, 0x6b, 0x67, 0xc0,
    0x08, 0x09, 0x71, 0x40, 0xf8, 0x53, 0x78, 0xc0, 0xac, 0x3a, 0x7d, 0x40, 0x0f, 0xb1, 0x7f, 0xc0,
];

pub const SAA_MASK: [u8; 16] = [
    0x00, 0x03, 0x07, 0x07, 0x0f, 0x0f, 0x1f, 0x3f, 0x00, 0x01, 0x03, 0x03, 0x07, 0x07, 0x0f, 0x00,
];

pub const SAA_WL: [u8; 16] = [
    0x00, 0x02, 0x03, 0x03, 0x04, 0x04, 0x05, 0x06, 0x00, 0x01, 0x02, 0x02, 0x03, 0x03, 0x04, 0x00,
];

pub const SA_NGC_3: [u8; 8] = [0x00, 0x01, 0x02, 0x02, 0x03, 0x03, 0x03, 0x03];

pub const SA_IDLEV_3: [u8; 32] = [
    0x00, 0x00, 0x01, 0x00, 0x02, 0x00, 0x02, 0x00, 0x03, 0x00, 0x03, 0x00, 0x03, 0x00, 0x03, 0x00,
    0x00, 0x40, 0x00, 0x40, 0x00, 0x40, 0x00, 0x40, 0x00, 0x40, 0x00, 0x40, 0x00, 0x40, 0x00, 0x40,
];

pub const SA_IDLOC_0: [u8; 31] = [
    0x05, 0x05, 0x05, 0x05, 0x05, 0x05, 0x05, 0x05, 0x05, 0x05, 0x05, 0x05, 0x05, 0x05, 0x05, 0x04,
    0x04, 0x04, 0x04, 0x04, 0x04, 0x04, 0x04, 0x03, 0x03, 0x03, 0x03, 0x02, 0x02, 0x01, 0x00,
];

pub const SA_IDLOC_3: [u8; 64] = [
    0x01, 0x00, 0x01, 0x00, 0x02, 0x00, 0x02, 0x00, 0x03, 0x00, 0x03, 0x00, 0x03, 0x00, 0x03, 0x00,
    0x04, 0x00, 0x04, 0x00, 0x04, 0x00, 0x04, 0x00, 0x04, 0x00, 0x04, 0x00, 0x04, 0x00, 0x04, 0x00,
    0x00, 0x40, 0x00, 0x40, 0x00, 0x40, 0x00, 0x40, 0x00, 0x40, 0x00, 0x40, 0x00, 0x40, 0x00, 0x40,
    0x00, 0x40, 0x00, 0x40, 0x00, 0x40, 0x00, 0x40, 0x00, 0x40, 0x00, 0x40, 0x00, 0x40, 0x00, 0x40,
];

pub const G_A_IDSPCBANDS_AT5: [u8; 16] = [
    0x00, 0x01, 0x01, 0x02, 0x02, 0x02, 0x03, 0x03, 0x03, 0x03, 0x03, 0x04, 0x04, 0x04, 0x04, 0x04,
];

pub const SA_TLEV_THRED_064: [u8; 64] = [
    0x66, 0x66, 0xe6, 0x3f, 0x66, 0x66, 0xe6, 0x3f, 0x00, 0x00, 0x00, 0x40, 0x66, 0x66, 0x06, 0x40,
    0xcd, 0xcc, 0x0c, 0x40, 0x33, 0x33, 0x13, 0x40, 0x9a, 0x99, 0x19, 0x40, 0x00, 0x00, 0x20, 0x40,
    0x66, 0x66, 0x26, 0x40, 0xcd, 0xcc, 0x2c, 0x40, 0x33, 0x33, 0x33, 0x40, 0x9a, 0x99, 0x39, 0x40,
    0x00, 0x00, 0x40, 0x40, 0x00, 0x00, 0x40, 0x40, 0x00, 0x00, 0x40, 0x40, 0x00, 0x00, 0x40, 0x40,
];

pub const SA_TLEV_THRED_096: [u8; 64] = [
    0x00, 0x00, 0x20, 0x40, 0x00, 0x00, 0x20, 0x40, 0x00, 0x00, 0x20, 0x40, 0x00, 0x00, 0x20, 0x40,
    0x00, 0x00, 0x20, 0x40, 0x00, 0x00, 0x20, 0x40, 0x00, 0x00, 0x20, 0x40, 0x00, 0x00, 0x20, 0x40,
    0x00, 0x00, 0x20, 0x40, 0x00, 0x00, 0x20, 0x40, 0x00, 0x00, 0x20, 0x40, 0x00, 0x00, 0x20, 0x40,
    0x00, 0x00, 0x20, 0x40, 0x00, 0x00, 0x20, 0x40, 0x00, 0x00, 0x20, 0x40, 0x00, 0x00, 0x20, 0x40,
];

pub const SA_WCFX_BR_S064_M032: [u8; 128] = [
    0xcd, 0xcc, 0xcc, 0x3d, 0xcd, 0xcc, 0xcc, 0x3d, 0xcd, 0xcc, 0xcc, 0x3d, 0xcd, 0xcc, 0xcc, 0x3d,
    0xcd, 0xcc, 0xcc, 0x3d, 0xcd, 0xcc, 0xcc, 0x3d, 0xcd, 0xcc, 0xcc, 0x3d, 0xcd, 0xcc, 0xcc, 0x3d,
    0x8c, 0x2e, 0xba, 0x3d, 0x8c, 0x2e, 0xba, 0x3d, 0x8c, 0x2e, 0xba, 0x3d, 0x8c, 0x2e, 0xba, 0x3d,
    0xab, 0xaa, 0xaa, 0x3d, 0xab, 0xaa, 0xaa, 0x3d, 0xd9, 0x89, 0x9d, 0x3d, 0xd9, 0x89, 0x9d, 0x3d,
    0x25, 0x49, 0x92, 0x3d, 0x25, 0x49, 0x92, 0x3d, 0x89, 0x88, 0x88, 0x3d, 0x89, 0x88, 0x88, 0x3d,
    0x00, 0x00, 0x80, 0x3d, 0x00, 0x00, 0x80, 0x3d, 0xf1, 0xf0, 0x70, 0x3d, 0xf1, 0xf0, 0x70, 0x3d,
    0x39, 0x8e, 0x63, 0x3d, 0x39, 0x8e, 0x63, 0x3d, 0x39, 0x8e, 0x63, 0x3d, 0x39, 0x8e, 0x63, 0x3d,
    0x36, 0x94, 0x57, 0x3d, 0xcd, 0xcc, 0x4c, 0x3d, 0xab, 0xaa, 0x2a, 0x3d, 0x25, 0x49, 0x12, 0x3d,
];

pub const SA_WCFX_BR_S096_M064: [u8; 128] = [
    0xcd, 0xcc, 0xcc, 0x3d, 0xcd, 0xcc, 0xcc, 0x3d, 0xcd, 0xcc, 0xcc, 0x3d, 0xcd, 0xcc, 0xcc, 0x3d,
    0xcd, 0xcc, 0xcc, 0x3d, 0xcd, 0xcc, 0xcc, 0x3d, 0xcd, 0xcc, 0xcc, 0x3d, 0xcd, 0xcc, 0xcc, 0x3d,
    0x8c, 0x2e, 0xba, 0x3d, 0x8c, 0x2e, 0xba, 0x3d, 0x8c, 0x2e, 0xba, 0x3d, 0x8c, 0x2e, 0xba, 0x3d,
    0x8c, 0x2e, 0xba, 0x3d, 0x8c, 0x2e, 0xba, 0x3d, 0x8c, 0x2e, 0xba, 0x3d, 0x8c, 0x2e, 0xba, 0x3d,
    0x8c, 0x2e, 0xba, 0x3d, 0x8c, 0x2e, 0xba, 0x3d, 0xd9, 0x89, 0x9d, 0x3d, 0x89, 0x88, 0x88, 0x3d,
    0x00, 0x00, 0x80, 0x3d, 0x00, 0x00, 0x80, 0x3d, 0xf1, 0xf0, 0x70, 0x3d, 0xf1, 0xf0, 0x70, 0x3d,
    0x39, 0x8e, 0x63, 0x3d, 0x39, 0x8e, 0x63, 0x3d, 0x39, 0x8e, 0x63, 0x3d, 0x39, 0x8e, 0x63, 0x3d,
    0x36, 0x94, 0x57, 0x3d, 0xcd, 0xcc, 0x4c, 0x3d, 0xab, 0xaa, 0x2a, 0x3d, 0x25, 0x49, 0x12, 0x3d,
];

pub const SA_WCFX_BR_S128_M096: [u8; 128] = [
    0xcd, 0xcc, 0xcc, 0x3d, 0xcd, 0xcc, 0xcc, 0x3d, 0xcd, 0xcc, 0xcc, 0x3d, 0xcd, 0xcc, 0xcc, 0x3d,
    0xcd, 0xcc, 0xcc, 0x3d, 0xcd, 0xcc, 0xcc, 0x3d, 0xcd, 0xcc, 0xcc, 0x3d, 0xcd, 0xcc, 0xcc, 0x3d,
    0x8c, 0x2e, 0xba, 0x3d, 0x8c, 0x2e, 0xba, 0x3d, 0x8c, 0x2e, 0xba, 0x3d, 0x8c, 0x2e, 0xba, 0x3d,
    0x8c, 0x2e, 0xba, 0x3d, 0x8c, 0x2e, 0xba, 0x3d, 0x8c, 0x2e, 0xba, 0x3d, 0x8c, 0x2e, 0xba, 0x3d,
    0x8c, 0x2e, 0xba, 0x3d, 0x8c, 0x2e, 0xba, 0x3d, 0xab, 0xaa, 0xaa, 0x3d, 0xab, 0xaa, 0xaa, 0x3d,
    0xd9, 0x89, 0x9d, 0x3d, 0xd9, 0x89, 0x9d, 0x3d, 0x25, 0x49, 0x92, 0x3d, 0x89, 0x88, 0x88, 0x3d,
    0x00, 0x00, 0x80, 0x3d, 0xf1, 0xf0, 0x70, 0x3d, 0x39, 0x8e, 0x63, 0x3d, 0x39, 0x8e, 0x63, 0x3d,
    0x36, 0x94, 0x57, 0x3d, 0xcd, 0xcc, 0x4c, 0x3d, 0xab, 0xaa, 0x2a, 0x3d, 0x25, 0x49, 0x12, 0x3d,
];

pub const SA_WCFX_BR_S256_M128: [u8; 128] = [
    0xcd, 0xcc, 0xcc, 0x3d, 0xcd, 0xcc, 0xcc, 0x3d, 0xcd, 0xcc, 0xcc, 0x3d, 0xcd, 0xcc, 0xcc, 0x3d,
    0xcd, 0xcc, 0xcc, 0x3d, 0xcd, 0xcc, 0xcc, 0x3d, 0xcd, 0xcc, 0xcc, 0x3d, 0xcd, 0xcc, 0xcc, 0x3d,
    0xcd, 0xcc, 0xcc, 0x3d, 0xcd, 0xcc, 0xcc, 0x3d, 0xcd, 0xcc, 0xcc, 0x3d, 0xcd, 0xcc, 0xcc, 0x3d,
    0xcd, 0xcc, 0xcc, 0x3d, 0xcd, 0xcc, 0xcc, 0x3d, 0xcd, 0xcc, 0xcc, 0x3d, 0xcd, 0xcc, 0xcc, 0x3d,
    0xcd, 0xcc, 0xcc, 0x3d, 0xcd, 0xcc, 0xcc, 0x3d, 0xcd, 0xcc, 0xcc, 0x3d, 0xcd, 0xcc, 0xcc, 0x3d,
    0xcd, 0xcc, 0xcc, 0x3d, 0xcd, 0xcc, 0xcc, 0x3d, 0xcd, 0xcc, 0xcc, 0x3d, 0xcd, 0xcc, 0xcc, 0x3d,
    0x8c, 0x2e, 0xba, 0x3d, 0xab, 0xaa, 0xaa, 0x3d, 0xd9, 0x89, 0x9d, 0x3d, 0x25, 0x49, 0x92, 0x3d,
    0x00, 0x00, 0x80, 0x3d, 0xcd, 0xcc, 0x4c, 0x3d, 0xab, 0xaa, 0x2a, 0x3d, 0x25, 0x49, 0x12, 0x3d,
];

pub const SA_MM_032: [u8; 128] = [
    0x06, 0x00, 0x00, 0x00, 0x06, 0x00, 0x00, 0x00, 0x06, 0x00, 0x00, 0x00, 0x06, 0x00, 0x00, 0x00,
    0x06, 0x00, 0x00, 0x00, 0x06, 0x00, 0x00, 0x00, 0x06, 0x00, 0x00, 0x00, 0x06, 0x00, 0x00, 0x00,
    0x03, 0x00, 0x00, 0x00, 0x03, 0x00, 0x00, 0x00, 0x03, 0x00, 0x00, 0x00, 0x03, 0x00, 0x00, 0x00,
    0x03, 0x00, 0x00, 0x00, 0x03, 0x00, 0x00, 0x00, 0x03, 0x00, 0x00, 0x00, 0x03, 0x00, 0x00, 0x00,
    0x03, 0x00, 0x00, 0x00, 0x03, 0x00, 0x00, 0x00, 0x03, 0x00, 0x00, 0x00, 0x03, 0x00, 0x00, 0x00,
    0x03, 0x00, 0x00, 0x00, 0x03, 0x00, 0x00, 0x00, 0x03, 0x00, 0x00, 0x00, 0x03, 0x00, 0x00, 0x00,
    0x03, 0x00, 0x00, 0x00, 0x03, 0x00, 0x00, 0x00, 0x03, 0x00, 0x00, 0x00, 0x03, 0x00, 0x00, 0x00,
    0x03, 0x00, 0x00, 0x00, 0x03, 0x00, 0x00, 0x00, 0x03, 0x00, 0x00, 0x00, 0x03, 0x00, 0x00, 0x00,
];

pub const SA_TC_032: [u8; 64] = [
    0x00, 0x00, 0x20, 0x42, 0x00, 0x00, 0xf0, 0x41, 0x00, 0x00, 0xa0, 0x41, 0x00, 0x00, 0xa0, 0x41,
    0x00, 0x00, 0xa0, 0x41, 0x00, 0x00, 0xa0, 0x41, 0x00, 0x00, 0xa0, 0x41, 0x00, 0x00, 0xa0, 0x41,
    0x00, 0x00, 0xa0, 0x41, 0x00, 0x00, 0xa0, 0x41, 0x00, 0x00, 0xa0, 0x41, 0x00, 0x00, 0xa0, 0x41,
    0x00, 0x00, 0xa0, 0x41, 0x00, 0x00, 0xa0, 0x41, 0x00, 0x00, 0xa0, 0x41, 0x00, 0x00, 0xa0, 0x41,
];

pub const SA_MM_064: [u8; 128] = [
    0x0a, 0x00, 0x00, 0x00, 0x0a, 0x00, 0x00, 0x00, 0x0a, 0x00, 0x00, 0x00, 0x0a, 0x00, 0x00, 0x00,
    0x0a, 0x00, 0x00, 0x00, 0x0a, 0x00, 0x00, 0x00, 0x0a, 0x00, 0x00, 0x00, 0x0a, 0x00, 0x00, 0x00,
    0x06, 0x00, 0x00, 0x00, 0x06, 0x00, 0x00, 0x00, 0x06, 0x00, 0x00, 0x00, 0x06, 0x00, 0x00, 0x00,
    0x05, 0x00, 0x00, 0x00, 0x05, 0x00, 0x00, 0x00, 0x05, 0x00, 0x00, 0x00, 0x05, 0x00, 0x00, 0x00,
    0x04, 0x00, 0x00, 0x00, 0x04, 0x00, 0x00, 0x00, 0x03, 0x00, 0x00, 0x00, 0x03, 0x00, 0x00, 0x00,
    0x03, 0x00, 0x00, 0x00, 0x03, 0x00, 0x00, 0x00, 0x03, 0x00, 0x00, 0x00, 0x03, 0x00, 0x00, 0x00,
    0x03, 0x00, 0x00, 0x00, 0x03, 0x00, 0x00, 0x00, 0x03, 0x00, 0x00, 0x00, 0x03, 0x00, 0x00, 0x00,
    0x03, 0x00, 0x00, 0x00, 0x03, 0x00, 0x00, 0x00, 0x03, 0x00, 0x00, 0x00, 0x03, 0x00, 0x00, 0x00,
];

pub const SA_TC_064: [u8; 64] = [
    0x00, 0x00, 0x48, 0x42, 0x00, 0x00, 0x20, 0x42, 0x00, 0x00, 0xf0, 0x41, 0x00, 0x00, 0xa0, 0x41,
    0x00, 0x00, 0xa0, 0x41, 0x00, 0x00, 0xa0, 0x41, 0x00, 0x00, 0xa0, 0x41, 0x00, 0x00, 0xa0, 0x41,
    0x00, 0x00, 0xa0, 0x41, 0x00, 0x00, 0xa0, 0x41, 0x00, 0x00, 0xa0, 0x41, 0x00, 0x00, 0xa0, 0x41,
    0x00, 0x00, 0xa0, 0x41, 0x00, 0x00, 0xa0, 0x41, 0x00, 0x00, 0xa0, 0x41, 0x00, 0x00, 0xa0, 0x41,
];

pub const SA_MM_096: [u8; 128] = [
    0x1e, 0x00, 0x00, 0x00, 0x1e, 0x00, 0x00, 0x00, 0x1e, 0x00, 0x00, 0x00, 0x1e, 0x00, 0x00, 0x00,
    0x1e, 0x00, 0x00, 0x00, 0x1e, 0x00, 0x00, 0x00, 0x1e, 0x00, 0x00, 0x00, 0x1e, 0x00, 0x00, 0x00,
    0x1b, 0x00, 0x00, 0x00, 0x1b, 0x00, 0x00, 0x00, 0x1b, 0x00, 0x00, 0x00, 0x1b, 0x00, 0x00, 0x00,
    0x18, 0x00, 0x00, 0x00, 0x18, 0x00, 0x00, 0x00, 0x18, 0x00, 0x00, 0x00, 0x18, 0x00, 0x00, 0x00,
    0x15, 0x00, 0x00, 0x00, 0x15, 0x00, 0x00, 0x00, 0x12, 0x00, 0x00, 0x00, 0x12, 0x00, 0x00, 0x00,
    0x0f, 0x00, 0x00, 0x00, 0x0c, 0x00, 0x00, 0x00, 0x09, 0x00, 0x00, 0x00, 0x09, 0x00, 0x00, 0x00,
    0x09, 0x00, 0x00, 0x00, 0x09, 0x00, 0x00, 0x00, 0x09, 0x00, 0x00, 0x00, 0x09, 0x00, 0x00, 0x00,
    0x06, 0x00, 0x00, 0x00, 0x06, 0x00, 0x00, 0x00, 0x06, 0x00, 0x00, 0x00, 0x06, 0x00, 0x00, 0x00,
];

pub const SA_TC_096: [u8; 64] = [
    0x00, 0x00, 0x70, 0x42, 0x00, 0x00, 0x48, 0x42, 0x00, 0x00, 0x48, 0x42, 0x00, 0x00, 0x48, 0x42,
    0x00, 0x00, 0x20, 0x42, 0x00, 0x00, 0x20, 0x42, 0x00, 0x00, 0x20, 0x42, 0x00, 0x00, 0x20, 0x42,
    0x00, 0x00, 0xf0, 0x41, 0x00, 0x00, 0xf0, 0x41, 0x00, 0x00, 0xf0, 0x41, 0x00, 0x00, 0xf0, 0x41,
    0x00, 0x00, 0xa0, 0x41, 0x00, 0x00, 0xa0, 0x41, 0x00, 0x00, 0xa0, 0x41, 0x00, 0x00, 0xa0, 0x41,
];

pub const SA_MM_256: [u8; 128] = [
    0x1e, 0x00, 0x00, 0x00, 0x1e, 0x00, 0x00, 0x00, 0x1e, 0x00, 0x00, 0x00, 0x1e, 0x00, 0x00, 0x00,
    0x1e, 0x00, 0x00, 0x00, 0x1e, 0x00, 0x00, 0x00, 0x1e, 0x00, 0x00, 0x00, 0x1e, 0x00, 0x00, 0x00,
    0x1e, 0x00, 0x00, 0x00, 0x1e, 0x00, 0x00, 0x00, 0x1e, 0x00, 0x00, 0x00, 0x1e, 0x00, 0x00, 0x00,
    0x1e, 0x00, 0x00, 0x00, 0x1e, 0x00, 0x00, 0x00, 0x1e, 0x00, 0x00, 0x00, 0x1e, 0x00, 0x00, 0x00,
    0x1e, 0x00, 0x00, 0x00, 0x1e, 0x00, 0x00, 0x00, 0x1e, 0x00, 0x00, 0x00, 0x1e, 0x00, 0x00, 0x00,
    0x1e, 0x00, 0x00, 0x00, 0x1e, 0x00, 0x00, 0x00, 0x1e, 0x00, 0x00, 0x00, 0x1e, 0x00, 0x00, 0x00,
    0x1e, 0x00, 0x00, 0x00, 0x1e, 0x00, 0x00, 0x00, 0x1b, 0x00, 0x00, 0x00, 0x1b, 0x00, 0x00, 0x00,
    0x18, 0x00, 0x00, 0x00, 0x18, 0x00, 0x00, 0x00, 0x15, 0x00, 0x00, 0x00, 0x15, 0x00, 0x00, 0x00,
];

pub const SA_TC_256: [u8; 64] = [
    0x00, 0x00, 0x70, 0x42, 0x00, 0x00, 0x70, 0x42, 0x00, 0x00, 0x70, 0x42, 0x00, 0x00, 0x70, 0x42,
    0x00, 0x00, 0x70, 0x42, 0x00, 0x00, 0x70, 0x42, 0x00, 0x00, 0x70, 0x42, 0x00, 0x00, 0x70, 0x42,
    0x00, 0x00, 0x70, 0x42, 0x00, 0x00, 0x70, 0x42, 0x00, 0x00, 0x5c, 0x42, 0x00, 0x00, 0x48, 0x42,
    0x00, 0x00, 0x20, 0x42, 0x00, 0x00, 0xf0, 0x41, 0x00, 0x00, 0xa0, 0x41, 0x00, 0x00, 0xa0, 0x41,
];

pub const SA_NENCODETBLS: [u8; 8] = [0x04, 0x00, 0x00, 0x00, 0x08, 0x00, 0x00, 0x00];

pub const SA_PCFX: [u8; 128] = [
    0x00, 0x00, 0x80, 0x3f, 0x00, 0x00, 0x80, 0x3f, 0x00, 0x00, 0x80, 0x3f, 0x00, 0x00, 0x80, 0x3f,
    0x00, 0x00, 0x80, 0x3f, 0x00, 0x00, 0x80, 0x3f, 0x00, 0x00, 0x80, 0x3f, 0x00, 0x00, 0x80, 0x3f,
    0x66, 0x66, 0x66, 0x3f, 0x66, 0x66, 0x66, 0x3f, 0x66, 0x66, 0x66, 0x3f, 0x66, 0x66, 0x66, 0x3f,
    0xcd, 0xcc, 0x4c, 0x3f, 0xcd, 0xcc, 0x4c, 0x3f, 0xcd, 0xcc, 0x4c, 0x3f, 0xcd, 0xcc, 0x4c, 0x3f,
    0x33, 0x33, 0x33, 0x3f, 0x33, 0x33, 0x33, 0x3f, 0x9a, 0x99, 0x19, 0x3f, 0x9a, 0x99, 0x19, 0x3f,
    0x9a, 0x99, 0x19, 0x3f, 0x9a, 0x99, 0x19, 0x3f, 0x9a, 0x99, 0x19, 0x3f, 0x9a, 0x99, 0x19, 0x3f,
    0x00, 0x00, 0x00, 0x3f, 0x00, 0x00, 0x00, 0x3f, 0x00, 0x00, 0x00, 0x3f, 0x00, 0x00, 0x00, 0x3f,
    0x00, 0x00, 0x00, 0x3f, 0x00, 0x00, 0x00, 0x3f, 0x00, 0x00, 0x00, 0x3f, 0x00, 0x00, 0x00, 0x3f,
];

pub const SA_MCFX_LBR: [u8; 128] = [
    0x9a, 0x99, 0x19, 0x3f, 0x9a, 0x99, 0x19, 0x3f, 0x9a, 0x99, 0x19, 0x3f, 0x9a, 0x99, 0x19, 0x3f,
    0x9a, 0x99, 0x19, 0x3f, 0x9a, 0x99, 0x19, 0x3f, 0x9a, 0x99, 0x19, 0x3f, 0x9a, 0x99, 0x19, 0x3f,
    0x33, 0x33, 0x33, 0x3f, 0x33, 0x33, 0x33, 0x3f, 0x33, 0x33, 0x33, 0x3f, 0x33, 0x33, 0x33, 0x3f,
    0xcd, 0xcc, 0x4c, 0x3f, 0xcd, 0xcc, 0x4c, 0x3f, 0xcd, 0xcc, 0x4c, 0x3f, 0xcd, 0xcc, 0x4c, 0x3f,
    0x66, 0x66, 0x66, 0x3f, 0x66, 0x66, 0x66, 0x3f, 0x00, 0x00, 0x80, 0x3f, 0x00, 0x00, 0x80, 0x3f,
    0x00, 0x00, 0x80, 0x3f, 0x00, 0x00, 0x80, 0x3f, 0x00, 0x00, 0x80, 0x3f, 0x00, 0x00, 0x80, 0x3f,
    0xcd, 0xcc, 0x8c, 0x3f, 0xcd, 0xcc, 0x8c, 0x3f, 0xcd, 0xcc, 0x8c, 0x3f, 0xcd, 0xcc, 0x8c, 0x3f,
    0x9a, 0x99, 0x99, 0x3f, 0x9a, 0x99, 0x99, 0x3f, 0x9a, 0x99, 0x99, 0x3f, 0x9a, 0x99, 0x99, 0x3f,
];

pub const SA_MCFX_HBR: [u8; 128] = [
    0x00, 0x00, 0x00, 0x3f, 0x00, 0x00, 0x00, 0x3f, 0x00, 0x00, 0x00, 0x3f, 0x00, 0x00, 0x00, 0x3f,
    0x00, 0x00, 0x00, 0x3f, 0x00, 0x00, 0x00, 0x3f, 0x00, 0x00, 0x00, 0x3f, 0x00, 0x00, 0x00, 0x3f,
    0x9a, 0x99, 0x19, 0x3f, 0x9a, 0x99, 0x19, 0x3f, 0x9a, 0x99, 0x19, 0x3f, 0x9a, 0x99, 0x19, 0x3f,
    0x9a, 0x99, 0x19, 0x3f, 0x9a, 0x99, 0x19, 0x3f, 0x9a, 0x99, 0x19, 0x3f, 0x9a, 0x99, 0x19, 0x3f,
    0x9a, 0x99, 0x19, 0x3f, 0x9a, 0x99, 0x19, 0x3f, 0x33, 0x33, 0x33, 0x3f, 0x33, 0x33, 0x33, 0x3f,
    0x33, 0x33, 0x33, 0x3f, 0x33, 0x33, 0x33, 0x3f, 0x33, 0x33, 0x33, 0x3f, 0xcd, 0xcc, 0x4c, 0x3f,
    0xcd, 0xcc, 0x4c, 0x3f, 0xcd, 0xcc, 0x4c, 0x3f, 0xcd, 0xcc, 0x4c, 0x3f, 0xcd, 0xcc, 0x4c, 0x3f,
    0x66, 0x66, 0x66, 0x3f, 0x66, 0x66, 0x66, 0x3f, 0x00, 0x00, 0x80, 0x3f, 0x00, 0x00, 0x80, 0x3f,
];

pub const SA_ADJSCL_STARTQU: [u8; 32] = [
    0x08, 0x08, 0x08, 0x08, 0x08, 0x08, 0x08, 0x08, 0x0a, 0x0a, 0x0a, 0x0c, 0x0c, 0x0c, 0x0c, 0x12,
    0x12, 0x12, 0x12, 0x12, 0x12, 0x12, 0x12, 0x12, 0x12, 0x12, 0x12, 0x12, 0x12, 0x12, 0x12, 0x12,
];

pub const SA_LIMIT_IDTF_STEREO: [u8; 32] = [
    0x0f, 0x0f, 0x0f, 0x0f, 0x0f, 0x0f, 0x0f, 0x0f, 0x0c, 0x0c, 0x0c, 0x0c, 0x0c, 0x0c, 0x09, 0x09,
    0x09, 0x06, 0x06, 0x06, 0x03, 0x03, 0x03, 0x03, 0x03, 0x03, 0x03, 0x0a, 0x00, 0x00, 0x00, 0x00,
];

pub const SA_ADJUST_IQT_0TH_STEREO: [u8; 32] = [
    0x00, 0x00, 0x00, 0x00, 0x00, 0x00, 0x00, 0x00, 0x08, 0x08, 0x08, 0x08, 0x08, 0x08, 0x0c, 0x10,
    0x10, 0x10, 0x10, 0x10, 0x18, 0x18, 0x18, 0x18, 0x18, 0x18, 0x18, 0x18, 0x18, 0x18, 0x18, 0x18,
];

pub const SAA_IDTF_STEREO: [u8; 1024] = [
    0x04, 0x04, 0x04, 0x04, 0x08, 0x08, 0x08, 0x08, 0x08, 0x08, 0x08, 0x08, 0x08, 0x08, 0x08, 0x08,
    0x08, 0x08, 0x08, 0x08, 0x08, 0x08, 0x08, 0x08, 0x08, 0x08, 0x08, 0x08, 0x08, 0x08, 0x08, 0x08,
    0x04, 0x04, 0x04, 0x04, 0x08, 0x08, 0x08, 0x08, 0x08, 0x08, 0x08, 0x08, 0x08, 0x08, 0x08, 0x08,
    0x08, 0x08, 0x08, 0x08, 0x08, 0x08, 0x08, 0x08, 0x08, 0x08, 0x08, 0x08, 0x08, 0x08, 0x08, 0x08,
    0x04, 0x04, 0x04, 0x04, 0x08, 0x08, 0x08, 0x08, 0x08, 0x08, 0x08, 0x08, 0x08, 0x08, 0x08, 0x08,
    0x08, 0x08, 0x08, 0x08, 0x08, 0x08, 0x08, 0x08, 0x08, 0x08, 0x08, 0x08, 0x08, 0x08, 0x08, 0x08,
    0x04, 0x04, 0x04, 0x04, 0x08, 0x08, 0x08, 0x08, 0x08, 0x08, 0x08, 0x08, 0x08, 0x08, 0x08, 0x08,
    0x08, 0x08, 0x08, 0x08, 0x08, 0x08, 0x08, 0x08, 0x08, 0x08, 0x08, 0x08, 0x08, 0x08, 0x08, 0x08,
    0x04, 0x04, 0x04, 0x04, 0x08, 0x08, 0x08, 0x08, 0x08, 0x08, 0x08, 0x08, 0x08, 0x08, 0x08, 0x08,
    0x08, 0x08, 0x08, 0x08, 0x08, 0x08, 0x08, 0x08, 0x08, 0x08, 0x08, 0x08, 0x08, 0x08, 0x08, 0x08,
    0x04, 0x04, 0x04, 0x04, 0x08, 0x08, 0x08, 0x08, 0x08, 0x08, 0x08, 0x08, 0x08, 0x08, 0x08, 0x08,
    0x08, 0x08, 0x08, 0x08, 0x08, 0x08, 0x08, 0x08, 0x08, 0x08, 0x08, 0x08, 0x08, 0x08, 0x08, 0x08,
    0x04, 0x04, 0x04, 0x04, 0x08, 0x08, 0x08, 0x08, 0x08, 0x08, 0x08, 0x08, 0x08, 0x08, 0x08, 0x08,
    0x08, 0x08, 0x08, 0x08, 0x08, 0x08, 0x08, 0x08, 0x08, 0x08, 0x08, 0x08, 0x08, 0x08, 0x08, 0x08,
    0x04, 0x04, 0x04, 0x04, 0x04, 0x04, 0x04, 0x04, 0x06, 0x06, 0x06, 0x06, 0x07, 0x07, 0x07, 0x07,
    0x07, 0x07, 0x07, 0x07, 0x07, 0x07, 0x07, 0x07, 0x08, 0x08, 0x08, 0x08, 0x08, 0x08, 0x08, 0x08,
    0x04, 0x04, 0x04, 0x04, 0x04, 0x04, 0x04, 0x04, 0x06, 0x06, 0x06, 0x06, 0x07, 0x07, 0x07, 0x07,
    0x07, 0x07, 0x07, 0x07, 0x07, 0x07, 0x07, 0x07, 0x08, 0x08, 0x08, 0x08, 0x08, 0x08, 0x08, 0x08,
    0x04, 0x04, 0x04, 0x04, 0x04, 0x04, 0x04, 0x04, 0x06, 0x06, 0x06, 0x06, 0x07, 0x07, 0x07, 0x07,
    0x07, 0x07, 0x07, 0x07, 0x07, 0x07, 0x07, 0x07, 0x08, 0x08, 0x08, 0x08, 0x08, 0x08, 0x08, 0x08,
    0x04, 0x04, 0x04, 0x04, 0x04, 0x04, 0x04, 0x04, 0x06, 0x06, 0x06, 0x06, 0x07, 0x07, 0x07, 0x07,
    0x07, 0x07, 0x07, 0x07, 0x07, 0x07, 0x07, 0x07, 0x08, 0x08, 0x08, 0x08, 0x08, 0x08, 0x08, 0x08,
    0x00, 0x00, 0x00, 0x00, 0x00, 0x00, 0x00, 0x00, 0x01, 0x01, 0x02, 0x02, 0x02, 0x02, 0x03, 0x03,
    0x03, 0x03, 0x04, 0x05, 0x06, 0x07, 0x08, 0x08, 0x08, 0x08, 0x08, 0x08, 0x08, 0x08, 0x08, 0x08,
    0x00, 0x00, 0x00, 0x00, 0x00, 0x00, 0x00, 0x00, 0x01, 0x01, 0x01, 0x01, 0x03, 0x03, 0x03, 0x03,
    0x04, 0x04, 0x04, 0x04, 0x04, 0x04, 0x04, 0x04, 0x04, 0x04, 0x04, 0x04, 0x04, 0x04, 0x04, 0x04,
    0x00, 0x00, 0x00, 0x00, 0x00, 0x00, 0x00, 0x00, 0x00, 0x00, 0x00, 0x00, 0x01, 0x01, 0x01, 0x01,
    0x01, 0x01, 0x03, 0x04, 0x05, 0x06, 0x07, 0x07, 0x07, 0x07, 0x08, 0x08, 0x08, 0x08, 0x08, 0x08,
    0x00, 0x00, 0x00, 0x00, 0x00, 0x00, 0x00, 0x00, 0x00, 0x00, 0x00, 0x00, 0x01, 0x01, 0x01, 0x01,
    0x01, 0x01, 0x01, 0x01, 0x01, 0x01, 0x02, 0x02, 0x03, 0x03, 0x03, 0x03, 0x03, 0x03, 0x03, 0x03,
    0x00, 0x00, 0x00, 0x00, 0x00, 0x00, 0x00, 0x00, 0x00, 0x00, 0x00, 0x00, 0x00, 0x00, 0x00, 0x00,
    0x00, 0x00, 0x01, 0x01, 0x02, 0x02, 0x03, 0x04, 0x05, 0x05, 0x05, 0x05, 0x05, 0x05, 0x05, 0x05,
    0x00, 0x00, 0x00, 0x00, 0x00, 0x00, 0x00, 0x00, 0x00, 0x00, 0x00, 0x00, 0x00, 0x00, 0x00, 0x00,
    0x00, 0x00, 0x01, 0x01, 0x01, 0x01, 0x03, 0x03, 0x04, 0x04, 0x04, 0x04, 0x04, 0x04, 0x04, 0x04,
    0x00, 0x00, 0x00, 0x00, 0x00, 0x00, 0x00, 0x00, 0x00, 0x00, 0x00, 0x00, 0x00, 0x00, 0x00, 0x00,
    0x00, 0x00, 0x00, 0x00, 0x01, 0x01, 0x03, 0x03, 0x03, 0x03, 0x03, 0x03, 0x03, 0x03, 0x03, 0x03,
    0x00, 0x00, 0x00, 0x00, 0x00, 0x00, 0x00, 0x00, 0x00, 0x00, 0x00, 0x00, 0x00, 0x00, 0x00, 0x00,
    0x00, 0x00, 0x00, 0x00, 0x01, 0x01, 0x02, 0x03, 0x03, 0x03, 0x03, 0x03, 0x03, 0x03, 0x03, 0x03,
    0x00, 0x00, 0x00, 0x00, 0x00, 0x00, 0x00, 0x00, 0x00, 0x00, 0x00, 0x00, 0x00, 0x00, 0x00, 0x00,
    0x00, 0x00, 0x00, 0x00, 0x01, 0x01, 0x02, 0x03, 0x03, 0x03, 0x03, 0x03, 0x03, 0x03, 0x03, 0x03,
    0x00, 0x00, 0x00, 0x00, 0x00, 0x00, 0x00, 0x00, 0x00, 0x00, 0x00, 0x00, 0x00, 0x00, 0x00, 0x00,
    0x00, 0x00, 0x00, 0x00, 0x01, 0x01, 0x01, 0x01, 0x02, 0x02, 0x02, 0x02, 0x03, 0x03, 0x03, 0x03,
    0x00, 0x00, 0x00, 0x00, 0x00, 0x00, 0x00, 0x00, 0x00, 0x00, 0x00, 0x00, 0x00, 0x00, 0x00, 0x00,
    0x00, 0x00, 0x00, 0x00, 0x00, 0x00, 0x01, 0x01, 0x01, 0x01, 0x02, 0x02, 0x03, 0x03, 0x03, 0x03,
    0x00, 0x00, 0x00, 0x00, 0x00, 0x00, 0x00, 0x00, 0x00, 0x00, 0x00, 0x00, 0x00, 0x00, 0x00, 0x00,
    0x00, 0x00, 0x00, 0x00, 0x00, 0x00, 0x00, 0x01, 0x01, 0x01, 0x02, 0x02, 0x03, 0x03, 0x03, 0x03,
    0x00, 0x00, 0x00, 0x00, 0x00, 0x00, 0x00, 0x00, 0x00, 0x00, 0x00, 0x00, 0x00, 0x00, 0x00, 0x00,
    0x00, 0x00, 0x00, 0x00, 0x00, 0x00, 0x00, 0x00, 0x01, 0x01, 0x02, 0x02, 0x03, 0x03, 0x03, 0x03,
    0x00, 0x00, 0x00, 0x00, 0x00, 0x00, 0x00, 0x00, 0x00, 0x00, 0x00, 0x00, 0x00, 0x00, 0x00, 0x00,
    0x00, 0x00, 0x00, 0x00, 0x00, 0x00, 0x00, 0x00, 0x01, 0x01, 0x02, 0x02, 0x03, 0x03, 0x03, 0x03,
    0x00, 0x00, 0x00, 0x00, 0x00, 0x00, 0x00, 0x00, 0x00, 0x00, 0x00, 0x00, 0x00, 0x00, 0x00, 0x00,
    0x00, 0x00, 0x00, 0x00, 0x00, 0x00, 0x00, 0x00, 0x01, 0x01, 0x02, 0x02, 0x03, 0x03, 0x03, 0x03,
    0x00, 0x00, 0x00, 0x00, 0x00, 0x00, 0x00, 0x00, 0x00, 0x00, 0x00, 0x00, 0x00, 0x00, 0x00, 0x00,
    0x00, 0x00, 0x00, 0x00, 0x00, 0x00, 0x00, 0x00, 0x00, 0x00, 0x00, 0x00, 0x00, 0x00, 0x00, 0x00,
    0x00, 0x00, 0x00, 0x00, 0x00, 0x00, 0x00, 0x00, 0x00, 0x00, 0x00, 0x00, 0x00, 0x00, 0x00, 0x00,
    0x00, 0x00, 0x00, 0x00, 0x00, 0x00, 0x00, 0x00, 0x01, 0x01, 0x02, 0x02, 0x05, 0x05, 0x0a, 0x0a,
    0x00, 0x00, 0x00, 0x00, 0x00, 0x00, 0x00, 0x00, 0x00, 0x00, 0x00, 0x00, 0x00, 0x00, 0x00, 0x00,
    0x00, 0x00, 0x00, 0x00, 0x00, 0x00, 0x00, 0x00, 0x00, 0x00, 0x00, 0x00, 0x00, 0x00, 0x00, 0x00,
    0x00, 0x00, 0x00, 0x00, 0x00, 0x00, 0x00, 0x00, 0x00, 0x00, 0x00, 0x00, 0x00, 0x00, 0x00, 0x00,
    0x00, 0x00, 0x00, 0x00, 0x00, 0x00, 0x00, 0x00, 0x00, 0x00, 0x00, 0x00, 0x00, 0x00, 0x00, 0x00,
    0x00, 0x00, 0x00, 0x00, 0x00, 0x00, 0x00, 0x00, 0x00, 0x00, 0x00, 0x00, 0x00, 0x00, 0x00, 0x00,
    0x00, 0x00, 0x00, 0x00, 0x00, 0x00, 0x00, 0x00, 0x00, 0x00, 0x00, 0x00, 0x00, 0x00, 0x00, 0x00,
    0x00, 0x00, 0x00, 0x00, 0x00, 0x00, 0x00, 0x00, 0x00, 0x00, 0x00, 0x00, 0x00, 0x00, 0x00, 0x00,
    0x00, 0x00, 0x00, 0x00, 0x00, 0x00, 0x00, 0x00, 0x00, 0x00, 0x00, 0x00, 0x00, 0x00, 0x00, 0x00,
];

pub const SA_LIMIT_IDTF_MONO: [u8; 32] = [
    0x0f, 0x0f, 0x0f, 0x0f, 0x0f, 0x0f, 0x0f, 0x0e, 0x0e, 0x09, 0x09, 0x09, 0x09, 0x09, 0x06, 0x06,
    0x03, 0x03, 0x03, 0x03, 0x03, 0x03, 0x03, 0x0a, 0x00, 0x00, 0x00, 0x00, 0x00, 0x00, 0x00, 0x00,
];

pub const SA_ADJUST_IQT_0TH_MONO: [u8; 32] = [
    0x00, 0x00, 0x00, 0x00, 0x00, 0x00, 0x04, 0x08, 0x08, 0x08, 0x08, 0x08, 0x0c, 0x10, 0x10, 0x10,
    0x18, 0x18, 0x18, 0x18, 0x18, 0x18, 0x18, 0x18, 0x20, 0x20, 0x20, 0x20, 0x20, 0x20, 0x20, 0x20,
];

pub const SAA_IDTF_MONO: [u8; 1024] = [
    0x00, 0x04, 0x04, 0x04, 0x08, 0x08, 0x08, 0x08, 0x08, 0x08, 0x08, 0x08, 0x08, 0x08, 0x08, 0x08,
    0x08, 0x08, 0x08, 0x08, 0x08, 0x08, 0x08, 0x08, 0x08, 0x08, 0x08, 0x08, 0x08, 0x08, 0x08, 0x08,
    0x04, 0x04, 0x04, 0x04, 0x08, 0x08, 0x08, 0x08, 0x08, 0x08, 0x08, 0x08, 0x08, 0x08, 0x08, 0x08,
    0x08, 0x08, 0x08, 0x08, 0x08, 0x08, 0x08, 0x08, 0x08, 0x08, 0x08, 0x08, 0x08, 0x08, 0x08, 0x08,
    0x04, 0x04, 0x04, 0x04, 0x08, 0x08, 0x08, 0x08, 0x08, 0x08, 0x08, 0x08, 0x08, 0x08, 0x08, 0x08,
    0x08, 0x08, 0x08, 0x08, 0x08, 0x08, 0x08, 0x08, 0x08, 0x08, 0x08, 0x08, 0x08, 0x08, 0x08, 0x08,
    0x04, 0x04, 0x04, 0x04, 0x08, 0x08, 0x08, 0x08, 0x08, 0x08, 0x08, 0x08, 0x08, 0x08, 0x08, 0x08,
    0x08, 0x08, 0x08, 0x08, 0x08, 0x08, 0x08, 0x08, 0x08, 0x08, 0x08, 0x08, 0x08, 0x08, 0x08, 0x08,
    0x04, 0x04, 0x04, 0x04, 0x08, 0x08, 0x08, 0x08, 0x08, 0x08, 0x08, 0x08, 0x08, 0x08, 0x08, 0x08,
    0x08, 0x08, 0x08, 0x08, 0x08, 0x08, 0x08, 0x08, 0x08, 0x08, 0x08, 0x08, 0x08, 0x08, 0x08, 0x08,
    0x04, 0x04, 0x04, 0x04, 0x08, 0x08, 0x08, 0x08, 0x08, 0x08, 0x08, 0x08, 0x08, 0x08, 0x08, 0x08,
    0x08, 0x08, 0x08, 0x08, 0x08, 0x08, 0x08, 0x08, 0x08, 0x08, 0x08, 0x08, 0x08, 0x08, 0x08, 0x08,
    0x00, 0x00, 0x00, 0x00, 0x04, 0x04, 0x04, 0x04, 0x04, 0x04, 0x08, 0x08, 0x08, 0x08, 0x08, 0x08,
    0x08, 0x08, 0x08, 0x08, 0x08, 0x08, 0x08, 0x08, 0x08, 0x08, 0x08, 0x08, 0x08, 0x08, 0x08, 0x08,
    0x00, 0x00, 0x00, 0x00, 0x01, 0x01, 0x01, 0x01, 0x02, 0x02, 0x02, 0x02, 0x03, 0x03, 0x04, 0x04,
    0x05, 0x06, 0x07, 0x08, 0x09, 0x09, 0x09, 0x09, 0x09, 0x09, 0x09, 0x09, 0x09, 0x09, 0x09, 0x09,
    0x00, 0x00, 0x00, 0x00, 0x00, 0x00, 0x00, 0x00, 0x00, 0x00, 0x00, 0x00, 0x03, 0x03, 0x03, 0x03,
    0x05, 0x05, 0x05, 0x05, 0x05, 0x05, 0x05, 0x05, 0x05, 0x05, 0x05, 0x05, 0x05, 0x05, 0x05, 0x05,
    0x00, 0x00, 0x00, 0x00, 0x00, 0x00, 0x00, 0x00, 0x00, 0x00, 0x00, 0x00, 0x00, 0x00, 0x01, 0x02,
    0x03, 0x03, 0x04, 0x04, 0x05, 0x05, 0x06, 0x06, 0x06, 0x06, 0x06, 0x06, 0x07, 0x07, 0x08, 0x08,
    0x00, 0x00, 0x00, 0x00, 0x00, 0x00, 0x00, 0x00, 0x00, 0x00, 0x00, 0x00, 0x00, 0x00, 0x00, 0x00,
    0x02, 0x02, 0x02, 0x02, 0x03, 0x03, 0x04, 0x04, 0x04, 0x04, 0x04, 0x04, 0x04, 0x04, 0x04, 0x04,
    0x00, 0x00, 0x00, 0x00, 0x00, 0x00, 0x00, 0x00, 0x00, 0x00, 0x00, 0x00, 0x01, 0x01, 0x01, 0x01,
    0x01, 0x01, 0x03, 0x04, 0x05, 0x06, 0x07, 0x07, 0x07, 0x07, 0x08, 0x08, 0x08, 0x08, 0x08, 0x08,
    0x00, 0x00, 0x00, 0x00, 0x00, 0x00, 0x00, 0x00, 0x00, 0x00, 0x00, 0x00, 0x00, 0x00, 0x00, 0x00,
    0x01, 0x01, 0x02, 0x02, 0x03, 0x03, 0x03, 0x03, 0x04, 0x04, 0x04, 0x04, 0x04, 0x04, 0x04, 0x04,
    0x00, 0x00, 0x00, 0x00, 0x00, 0x00, 0x00, 0x00, 0x00, 0x00, 0x00, 0x00, 0x00, 0x00, 0x00, 0x00,
    0x00, 0x00, 0x01, 0x01, 0x02, 0x02, 0x03, 0x03, 0x04, 0x04, 0x04, 0x04, 0x04, 0x04, 0x04, 0x04,
    0x00, 0x00, 0x00, 0x00, 0x00, 0x00, 0x00, 0x00, 0x00, 0x00, 0x00, 0x00, 0x00, 0x00, 0x00, 0x00,
    0x00, 0x00, 0x00, 0x00, 0x01, 0x02, 0x03, 0x03, 0x03, 0x03, 0x03, 0x03, 0x03, 0x03, 0x03, 0x03,
    0x00, 0x00, 0x00, 0x00, 0x00, 0x00, 0x00, 0x00, 0x00, 0x00, 0x00, 0x00, 0x00, 0x00, 0x00, 0x00,
    0x00, 0x00, 0x00, 0x00, 0x01, 0x01, 0x02, 0x03, 0x03, 0x03, 0x03, 0x03, 0x03, 0x03, 0x03, 0x03,
    0x00, 0x00, 0x00, 0x00, 0x00, 0x00, 0x00, 0x00, 0x00, 0x00, 0x00, 0x00, 0x00, 0x00, 0x00, 0x00,
    0x00, 0x00, 0x00, 0x00, 0x00, 0x00, 0x01, 0x01, 0x01, 0x01, 0x02, 0x02, 0x03, 0x03, 0x03, 0x03,
    0x00, 0x00, 0x00, 0x00, 0x00, 0x00, 0x00, 0x00, 0x00, 0x00, 0x00, 0x00, 0x00, 0x00, 0x00, 0x00,
    0x00, 0x00, 0x00, 0x00, 0x00, 0x00, 0x00, 0x00, 0x01, 0x01, 0x02, 0x02, 0x03, 0x03, 0x03, 0x03,
    0x00, 0x00, 0x00, 0x00, 0x00, 0x00, 0x00, 0x00, 0x00, 0x00, 0x00, 0x00, 0x00, 0x00, 0x00, 0x00,
    0x00, 0x00, 0x00, 0x00, 0x00, 0x00, 0x00, 0x00, 0x01, 0x01, 0x02, 0x02, 0x03, 0x03, 0x03, 0x03,
    0x00, 0x00, 0x00, 0x00, 0x00, 0x00, 0x00, 0x00, 0x00, 0x00, 0x00, 0x00, 0x00, 0x00, 0x00, 0x00,
    0x00, 0x00, 0x00, 0x00, 0x00, 0x00, 0x00, 0x00, 0x01, 0x01, 0x02, 0x02, 0x03, 0x03, 0x03, 0x03,
    0x00, 0x00, 0x00, 0x00, 0x00, 0x00, 0x00, 0x00, 0x00, 0x00, 0x00, 0x00, 0x00, 0x00, 0x00, 0x00,
    0x00, 0x00, 0x00, 0x00, 0x00, 0x00, 0x00, 0x00, 0x01, 0x01, 0x02, 0x02, 0x03, 0x03, 0x03, 0x03,
    0x00, 0x00, 0x00, 0x00, 0x00, 0x00, 0x00, 0x00, 0x00, 0x00, 0x00, 0x00, 0x00, 0x00, 0x00, 0x00,
    0x00, 0x00, 0x00, 0x00, 0x00, 0x00, 0x00, 0x00, 0x00, 0x00, 0x00, 0x00, 0x00, 0x00, 0x00, 0x00,
    0x00, 0x00, 0x00, 0x00, 0x00, 0x00, 0x00, 0x00, 0x00, 0x00, 0x00, 0x00, 0x00, 0x00, 0x00, 0x00,
    0x00, 0x00, 0x00, 0x00, 0x00, 0x00, 0x00, 0x00, 0x00, 0x00, 0x00, 0x00, 0x00, 0x00, 0x00, 0x00,
    0x00, 0x00, 0x00, 0x00, 0x00, 0x00, 0x00, 0x00, 0x00, 0x00, 0x00, 0x00, 0x00, 0x00, 0x00, 0x00,
    0x00, 0x00, 0x00, 0x00, 0x00, 0x00, 0x00, 0x00, 0x01, 0x01, 0x02, 0x02, 0x05, 0x05, 0x0a, 0x0a,
    0x00, 0x00, 0x00, 0x00, 0x00, 0x00, 0x00, 0x00, 0x00, 0x00, 0x00, 0x00, 0x00, 0x00, 0x00, 0x00,
    0x00, 0x00, 0x00, 0x00, 0x00, 0x00, 0x00, 0x00, 0x00, 0x00, 0x00, 0x00, 0x00, 0x00, 0x00, 0x00,
    0x00, 0x00, 0x00, 0x00, 0x00, 0x00, 0x00, 0x00, 0x00, 0x00, 0x00, 0x00, 0x00, 0x00, 0x00, 0x00,
    0x00, 0x00, 0x00, 0x00, 0x00, 0x00, 0x00, 0x00, 0x00, 0x00, 0x00, 0x00, 0x00, 0x00, 0x00, 0x00,
    0x00, 0x00, 0x00, 0x00, 0x00, 0x00, 0x00, 0x00, 0x00, 0x00, 0x00, 0x00, 0x00, 0x00, 0x00, 0x00,
    0x00, 0x00, 0x00, 0x00, 0x00, 0x00, 0x00, 0x00, 0x00, 0x00, 0x00, 0x00, 0x00, 0x00, 0x00, 0x00,
    0x00, 0x00, 0x00, 0x00, 0x00, 0x00, 0x00, 0x00, 0x00, 0x00, 0x00, 0x00, 0x00, 0x00, 0x00, 0x00,
    0x00, 0x00, 0x00, 0x00, 0x00, 0x00, 0x00, 0x00, 0x00, 0x00, 0x00, 0x00, 0x00, 0x00, 0x00, 0x00,
    0x00, 0x00, 0x00, 0x00, 0x00, 0x00, 0x00, 0x00, 0x00, 0x00, 0x00, 0x00, 0x00, 0x00, 0x00, 0x00,
    0x00, 0x00, 0x00, 0x00, 0x00, 0x00, 0x00, 0x00, 0x00, 0x00, 0x00, 0x00, 0x00, 0x00, 0x00, 0x00,
    0x00, 0x00, 0x00, 0x00, 0x00, 0x00, 0x00, 0x00, 0x00, 0x00, 0x00, 0x00, 0x00, 0x00, 0x00, 0x00,
    0x00, 0x00, 0x00, 0x00, 0x00, 0x00, 0x00, 0x00, 0x00, 0x00, 0x00, 0x00, 0x00, 0x00, 0x00, 0x00,
    0x00, 0x00, 0x00, 0x00, 0x00, 0x00, 0x00, 0x00, 0x00, 0x00, 0x00, 0x00, 0x00, 0x00, 0x00, 0x00,
    0x00, 0x00, 0x00, 0x00, 0x00, 0x00, 0x00, 0x00, 0x00, 0x00, 0x00, 0x00, 0x00, 0x00, 0x00, 0x00,
    0x00, 0x00, 0x00, 0x00, 0x00, 0x00, 0x00, 0x00, 0x00, 0x00, 0x00, 0x00, 0x00, 0x00, 0x00, 0x00,
    0x00, 0x00, 0x00, 0x00, 0x00, 0x00, 0x00, 0x00, 0x00, 0x00, 0x00, 0x00, 0x00, 0x00, 0x00, 0x00,
];

pub const SA_SPC_FLOOR: [u8; 32] = [
    0x00, 0x00, 0x02, 0x02, 0x02, 0x02, 0x02, 0x02, 0x08, 0x08, 0x08, 0x08, 0x08, 0x08, 0x08, 0x08,
    0x10, 0x10, 0x10, 0x10, 0x10, 0x10, 0x16, 0x16, 0x16, 0x16, 0x16, 0x1b, 0x1b, 0x1b, 0x1b, 0x1b,
];

pub const SA_POS_WEIGHT: [u8; 32] = [
    0x80, 0x00, 0x00, 0x00, 0xc0, 0x00, 0x00, 0x00, 0x20, 0x01, 0x00, 0x00, 0xb0, 0x01, 0x00, 0x00,
    0x88, 0x02, 0x00, 0x00, 0xcc, 0x03, 0x00, 0x00, 0xb2, 0x05, 0x00, 0x00, 0x8b, 0x08, 0x00, 0x00,
];

pub const SA_SPC_STARTQU: [u8; 32] = [
    0x08, 0x08, 0x08, 0x08, 0x08, 0x08, 0x08, 0x08, 0x08, 0x08, 0x08, 0x08, 0x08, 0x08, 0x08, 0x10,
    0x10, 0x10, 0x10, 0x16, 0x16, 0x16, 0x16, 0x16, 0x16, 0x16, 0x1b, 0x1b, 0x1b, 0x1b, 0x1b, 0x1b,
];

pub const SA_INTENSITY_BAND_44KHZ: [u8; 128] = [
    0x00, 0x00, 0x00, 0x00, 0x00, 0x00, 0x00, 0x00, 0x00, 0x00, 0x00, 0x00, 0x00, 0x00, 0x00, 0x00,
    0x00, 0x00, 0x00, 0x00, 0x00, 0x00, 0x00, 0x00, 0x00, 0x00, 0x00, 0x00, 0x01, 0x00, 0x00, 0x00,
    0x01, 0x00, 0x00, 0x00, 0x02, 0x00, 0x00, 0x00, 0x02, 0x00, 0x00, 0x00, 0x02, 0x00, 0x00, 0x00,
    0x03, 0x00, 0x00, 0x00, 0x03, 0x00, 0x00, 0x00, 0x04, 0x00, 0x00, 0x00, 0x04, 0x00, 0x00, 0x00,
    0x06, 0x00, 0x00, 0x00, 0x07, 0x00, 0x00, 0x00, 0x07, 0x00, 0x00, 0x00, 0x07, 0x00, 0x00, 0x00,
    0x08, 0x00, 0x00, 0x00, 0x08, 0x00, 0x00, 0x00, 0x09, 0x00, 0x00, 0x00, 0x09, 0x00, 0x00, 0x00,
    0x0a, 0x00, 0x00, 0x00, 0x0b, 0x00, 0x00, 0x00, 0x0c, 0x00, 0x00, 0x00, 0x0e, 0x00, 0x00, 0x00,
    0x0f, 0x00, 0x00, 0x00, 0x0f, 0x00, 0x00, 0x00, 0x10, 0x00, 0x00, 0x00, 0x10, 0x00, 0x00, 0x00,
];

pub const SA_INTENSITY_BAND_48KHZ: [u8; 128] = [
    0x00, 0x00, 0x00, 0x00, 0x00, 0x00, 0x00, 0x00, 0x00, 0x00, 0x00, 0x00, 0x00, 0x00, 0x00, 0x00,
    0x00, 0x00, 0x00, 0x00, 0x00, 0x00, 0x00, 0x00, 0x00, 0x00, 0x00, 0x00, 0x01, 0x00, 0x00, 0x00,
    0x01, 0x00, 0x00, 0x00, 0x02, 0x00, 0x00, 0x00, 0x02, 0x00, 0x00, 0x00, 0x02, 0x00, 0x00, 0x00,
    0x03, 0x00, 0x00, 0x00, 0x03, 0x00, 0x00, 0x00, 0x04, 0x00, 0x00, 0x00, 0x04, 0x00, 0x00, 0x00,
    0x06, 0x00, 0x00, 0x00, 0x06, 0x00, 0x00, 0x00, 0x06, 0x00, 0x00, 0x00, 0x06, 0x00, 0x00, 0x00,
    0x07, 0x00, 0x00, 0x00, 0x07, 0x00, 0x00, 0x00, 0x08, 0x00, 0x00, 0x00, 0x08, 0x00, 0x00, 0x00,
    0x09, 0x00, 0x00, 0x00, 0x0a, 0x00, 0x00, 0x00, 0x0b, 0x00, 0x00, 0x00, 0x0b, 0x00, 0x00, 0x00,
    0x0d, 0x00, 0x00, 0x00, 0x0e, 0x00, 0x00, 0x00, 0x0f, 0x00, 0x00, 0x00, 0x10, 0x00, 0x00, 0x00,
];

pub const SA_SINTBL: [u8; 260] = [
    0x00, 0x00, 0x00, 0x00, 0xb0, 0x0a, 0xc9, 0x3c, 0x30, 0xfb, 0x48, 0x3d, 0x05, 0xa9, 0x96, 0x3d,
    0x36, 0xbd, 0xc8, 0x3d, 0x73, 0xb2, 0xfa, 0x3d, 0x83, 0x40, 0x16, 0x3e, 0xa2, 0x10, 0x2f, 0x3e,
    0xc2, 0xc5, 0x47, 0x3e, 0x13, 0x5c, 0x60, 0x3e, 0xcc, 0xcf, 0x78, 0x3e, 0x93, 0x8e, 0x88, 0x3e,
    0x31, 0xa0, 0x94, 0x3e, 0xe5, 0x9a, 0xa0, 0x3e, 0xd4, 0x7c, 0xac, 0x3e, 0x2a, 0x44, 0xb8, 0x3e,
    0x15, 0xef, 0xc3, 0x3e, 0xca, 0x7b, 0xcf, 0x3e, 0x80, 0xe8, 0xda, 0x3e, 0x75, 0x33, 0xe6, 0x3e,
    0xea, 0x5a, 0xf1, 0x3e, 0x27, 0x5d, 0xfc, 0x3e, 0x3d, 0x9c, 0x03, 0x3f, 0x9b, 0xf5, 0x08, 0x3f,
    0xda, 0x39, 0x0e, 0x3f, 0x2a, 0x68, 0x13, 0x3f, 0xc0, 0x7f, 0x18, 0x3f, 0xd1, 0x7f, 0x1d, 0x3f,
    0x99, 0x67, 0x22, 0x3f, 0x56, 0x36, 0x27, 0x3f, 0x4a, 0xeb, 0x2b, 0x3f, 0xbb, 0x85, 0x30, 0x3f,
    0xf3, 0x04, 0x35, 0x3f, 0x42, 0x68, 0x39, 0x3f, 0xf9, 0xae, 0x3d, 0x3f, 0x70, 0xd8, 0x41, 0x3f,
    0x03, 0xe4, 0x45, 0x3f, 0x12, 0xd1, 0x49, 0x3f, 0x02, 0x9f, 0x4d, 0x3f, 0x3d, 0x4d, 0x51, 0x3f,
    0x31, 0xdb, 0x54, 0x3f, 0x53, 0x48, 0x58, 0x3f, 0x1a, 0x94, 0x5b, 0x3f, 0x05, 0xbe, 0x5e, 0x3f,
    0x98, 0xc5, 0x61, 0x3f, 0x59, 0xaa, 0x64, 0x3f, 0xd8, 0x6b, 0x67, 0x3f, 0xa7, 0x09, 0x6a, 0x3f,
    0x5e, 0x83, 0x6c, 0x3f, 0x9e, 0xd8, 0x6e, 0x3f, 0x08, 0x09, 0x71, 0x3f, 0x47, 0x14, 0x73, 0x3f,
    0x0b, 0xfa, 0x74, 0x3f, 0x07, 0xba, 0x76, 0x3f, 0xf8, 0x53, 0x78, 0x3f, 0x9d, 0xc7, 0x79, 0x3f,
    0xbe, 0x14, 0x7b, 0x3f, 0x28, 0x3b, 0x7c, 0x3f, 0xac, 0x3a, 0x7d, 0x3f, 0x24, 0x13, 0x7e, 0x3f,
    0x6d, 0xc4, 0x7e, 0x3f, 0x6d, 0x4e, 0x7f, 0x3f, 0x0f, 0xb1, 0x7f, 0x3f, 0x43, 0xec, 0x7f, 0x3f,
    0x00, 0x00, 0x80, 0x3f,
];

pub const SA_SINTBL3: [u8; 260] = [
    0x00, 0x00, 0x00, 0x00, 0xb0, 0x0a, 0xc9, 0x3c, 0x30, 0xfb, 0x48, 0x3d, 0x05, 0xa9, 0x96, 0x3d,
    0x36, 0xbd, 0xc8, 0x3d, 0x73, 0xb2, 0xfa, 0x3d, 0x83, 0x40, 0x16, 0x3e, 0xa2, 0x10, 0x2f, 0x3e,
    0xc2, 0xc5, 0x47, 0x3e, 0x13, 0x5c, 0x60, 0x3e, 0xcc, 0xcf, 0x78, 0x3e, 0x93, 0x8e, 0x88, 0x3e,
    0x31, 0xa0, 0x94, 0x3e, 0xe5, 0x9a, 0xa0, 0x3e, 0xd4, 0x7c, 0xac, 0x3e, 0x2a, 0x44, 0xb8, 0x3e,
    0x15, 0xef, 0xc3, 0x3e, 0xca, 0x7b, 0xcf, 0x3e, 0x80, 0xe8, 0xda, 0x3e, 0x75, 0x33, 0xe6, 0x3e,
    0xea, 0x5a, 0xf1, 0x3e, 0x27, 0x5d, 0xfc, 0x3e, 0x3d, 0x9c, 0x03, 0x3f, 0x9b, 0xf5, 0x08, 0x3f,
    0xda, 0x39, 0x0e, 0x3f, 0x2a, 0x68, 0x13, 0x3f, 0xc0, 0x7f, 0x18, 0x3f, 0xd1, 0x7f, 0x1d, 0x3f,
    0x99, 0x67, 0x22, 0x3f, 0x56, 0x36, 0x27, 0x3f, 0x4a, 0xeb, 0x2b, 0x3f, 0xbb, 0x85, 0x30, 0x3f,
    0xf3, 0x04, 0x35, 0x3f, 0x42, 0x68, 0x39, 0x3f, 0xf9, 0xae, 0x3d, 0x3f, 0x70, 0xd8, 0x41, 0x3f,
    0x03, 0xe4, 0x45, 0x3f, 0x12, 0xd1, 0x49, 0x3f, 0x02, 0x9f, 0x4d, 0x3f, 0x3d, 0x4d, 0x51, 0x3f,
    0x31, 0xdb, 0x54, 0x3f, 0x53, 0x48, 0x58, 0x3f, 0x1a, 0x94, 0x5b, 0x3f, 0x05, 0xbe, 0x5e, 0x3f,
    0x98, 0xc5, 0x61, 0x3f, 0x59, 0xaa, 0x64, 0x3f, 0xd8, 0x6b, 0x67, 0x3f, 0xa7, 0x09, 0x6a, 0x3f,
    0x5e, 0x83, 0x6c, 0x3f, 0x9e, 0xd8, 0x6e, 0x3f, 0x08, 0x09, 0x71, 0x3f, 0x47, 0x14, 0x73, 0x3f,
    0x0b, 0xfa, 0x74, 0x3f, 0x07, 0xba, 0x76, 0x3f, 0xf8, 0x53, 0x78, 0x3f, 0x9d, 0xc7, 0x79, 0x3f,
    0xbe, 0x14, 0x7b, 0x3f, 0x28, 0x3b, 0x7c, 0x3f, 0xac, 0x3a, 0x7d, 0x3f, 0x24, 0x13, 0x7e, 0x3f,
    0x6d, 0xc4, 0x7e, 0x3f, 0x6d, 0x4e, 0x7f, 0x3f, 0x0f, 0xb1, 0x7f, 0x3f, 0x43, 0xec, 0x7f, 0x3f,
    0x00, 0x00, 0x80, 0x3f,
];

pub const SA_SINTBL2: [u8; 132] = [
    0x00, 0x00, 0x00, 0x00, 0x30, 0xfb, 0x48, 0x3d, 0x36, 0xbd, 0xc8, 0x3d, 0x83, 0x40, 0x16, 0x3e,
    0xc2, 0xc5, 0x47, 0x3e, 0xcc, 0xcf, 0x78, 0x3e, 0x31, 0xa0, 0x94, 0x3e, 0xd4, 0x7c, 0xac, 0x3e,
    0x15, 0xef, 0xc3, 0x3e, 0x80, 0xe8, 0xda, 0x3e, 0xea, 0x5a, 0xf1, 0x3e, 0x3d, 0x9c, 0x03, 0x3f,
    0xda, 0x39, 0x0e, 0x3f, 0xc0, 0x7f, 0x18, 0x3f, 0x99, 0x67, 0x22, 0x3f, 0x4a, 0xeb, 0x2b, 0x3f,
    0xf3, 0x04, 0x35, 0x3f, 0xf9, 0xae, 0x3d, 0x3f, 0x03, 0xe4, 0x45, 0x3f, 0x02, 0x9f, 0x4d, 0x3f,
    0x31, 0xdb, 0x54, 0x3f, 0x1a, 0x94, 0x5b, 0x3f, 0x98, 0xc5, 0x61, 0x3f, 0xd8, 0x6b, 0x67, 0x3f,
    0x5e, 0x83, 0x6c, 0x3f, 0x08, 0x09, 0x71, 0x3f, 0x0b, 0xfa, 0x74, 0x3f, 0xf8, 0x53, 0x78, 0x3f,
    0xbe, 0x14, 0x7b, 0x3f, 0xac, 0x3a, 0x7d, 0x3f, 0x6d, 0xc4, 0x7e, 0x3f, 0x0f, 0xb1, 0x7f, 0x3f,
    0x00, 0x00, 0x80, 0x3f,
];

pub const SA_SINTBL1: [u8; 68] = [
    0x00, 0x00, 0x00, 0x00, 0x36, 0xbd, 0xc8, 0x3d, 0xc2, 0xc5, 0x47, 0x3e, 0x31, 0xa0, 0x94, 0x3e,
    0x15, 0xef, 0xc3, 0x3e, 0xea, 0x5a, 0xf1, 0x3e, 0xda, 0x39, 0x0e, 0x3f, 0x99, 0x67, 0x22, 0x3f,
    0xf3, 0x04, 0x35, 0x3f, 0x03, 0xe4, 0x45, 0x3f, 0x31, 0xdb, 0x54, 0x3f, 0x98, 0xc5, 0x61, 0x3f,
    0x5e, 0x83, 0x6c, 0x3f, 0x0b, 0xfa, 0x74, 0x3f, 0xbe, 0x14, 0x7b, 0x3f, 0x6d, 0xc4, 0x7e, 0x3f,
    0x00, 0x00, 0x80, 0x3f,
];

pub const SA_SINTBL0: [u8; 36] = [
    0x00, 0x00, 0x00, 0x00, 0xc2, 0xc5, 0x47, 0x3e, 0x15, 0xef, 0xc3, 0x3e, 0xda, 0x39, 0x0e, 0x3f,
    0xf3, 0x04, 0x35, 0x3f, 0x31, 0xdb, 0x54, 0x3f, 0x5e, 0x83, 0x6c, 0x3f, 0xbe, 0x14, 0x7b, 0x3f,
    0x00, 0x00, 0x80, 0x3f,
];

pub const GENERATED_TABLES: &[(&str, usize)] = &[
    ("g_a_sftbl_at5", 256),
    ("g_a_sftbl_gha_at5", 256),
    ("g_a_isps_at5", 66),
    ("g_a_nsps_at5", 32),
    ("g_a_nsteps_at5", 8),
    ("g_a_ifqf_at5", 32),
    ("g_a_spclev_at5", 64),
    ("g_a_rndtbl_at5", 2048),
    ("g_hc_gc_ngc_A", 24),
    ("g_a_ngc_pack_A", 32),
    ("g_hc_gc_ngc_B", 24),
    ("g_a_ngc_pack_B", 32),
    ("g_hc_gc_idlev_A", 24),
    ("g_a_idlev_pack_A", 64),
    ("g_hc_gc_idlev_B", 24),
    ("g_a_idlev_pack_B", 64),
    ("g_hc_gc_idlev_C", 24),
    ("g_a_idlev_pack_C", 64),
    ("g_hc_gc_idlev_D", 24),
    ("g_a_idlev_pack_D", 64),
    ("g_hc_gc_idloc_A_atk", 24),
    ("g_a_idloc_pack_A_atk", 128),
    ("g_hc_gc_idloc_A_rel", 24),
    ("g_a_idloc_pack_A_rel", 128),
    ("g_hc_gc_idloc_B_atk", 24),
    ("g_a_idloc_pack_B_atk", 128),
    ("g_hc_gc_idloc_B_rel", 24),
    ("g_a_idloc_pack_B_rel", 128),
    ("g_hc_gc_idloc_C_atk", 24),
    ("g_a_idloc_pack_C_atk", 128),
    ("g_hc_ghpc_nwavs_B", 24),
    ("g_a_nwavs_pack_B", 32),
    ("g_hc_ghpc_nwavs_A", 24),
    ("g_a_nwavs_pack_A", 32),
    ("g_hc_ghpc_freq_A", 24),
    ("g_a_freq_pack_A", 1024),
    ("g_hc_ghpc_idsf_AA", 24),
    ("g_a_idsf_pack_AA", 128),
    ("g_hc_ghpc_idsf_AB", 24),
    ("g_a_idsf_pack_AB", 128),
    ("g_hc_ghpc_idsf_B", 24),
    ("g_a_idsf_pack_B", 128),
    ("g_hc_ghpc_idam_AA", 24),
    ("g_a_idam_pack_AA", 64),
    ("g_hc_ghpc_idam_AB", 24),
    ("g_a_idam_pack_AB", 64),
    ("g_hc_ghpc_idam_C", 24),
    ("g_a_idam_pack_C", 32),
    ("g_a_mask_q_at5", 28),
    ("g_a_idct_fixbits_at5", 2),
    ("g_a_idspcqus_at5", 32),
    ("g_a_n2_under128_at5", 256),
    ("g_a_coef_c_at5", 512),
    ("g_a_coef_s_at5", 512),
    ("g_a_matrix_at5", 256),
    ("g_a_wind3_at5", 1024),
    ("g_a_wind2_at5", 1024),
    ("g_a_wind1_at5", 1024),
    ("g_a_wind0_at5", 1024),
    ("g_a_rev_at5", 16),
    ("g_a_ip016_at5", 8),
    ("g_a_ip032_at5", 8),
    ("g_a_ip064_at5", 16),
    ("g_a_ip128_at5", 16),
    ("g_a_ip256_at5", 32),
    ("g_a_sc016_at5", 32),
    ("g_a_sc032_at5", 64),
    ("g_a_sc064_at5", 128),
    ("g_a_sc128_at5", 256),
    ("g_a_sc256_at5", 512),
    ("g_a_sc_at5", 512),
    ("g_a_lngain_at5", 32),
    ("sa_half_hannwin", 32),
    ("sa_amtbl_gha", 64),
    ("g_hc_ct_A", 24),
    ("g_a_ct_pack_A", 16),
    ("g_hc_ct_B", 24),
    ("g_a_ct_pack_B", 32),
    ("g_hc_ct_C", 24),
    ("g_a_ct_pack_C", 32),
    ("g_hc_ct_D", 24),
    ("g_a_ct_pack_D", 32),
    ("g_a_hc_wl", 96),
    ("g_aa_wlc_pack", 128),
    ("g_a_hc_sf", 96),
    ("g_aa_sfc_pack", 1024),
    ("g_a_hc_sf_sg", 96),
    ("g_aa_sfc_sg_pack", 256),
    ("g_aaa_hcspec", 2688),
    ("g_a_spec_wl1_H", 16),
    ("g_a_spec_wl2_B", 684),
    ("g_a_spec_wl2_C", 256),
    ("g_a_spec_wl3_A", 256),
    ("g_a_spec_wl4_A", 24),
    ("g_a_spec_wl4_D", 24),
    ("g_a_spec_wl4_E", 1024),
    ("g_a_spec_wl4_F", 1024),
    ("g_a_spec_wl5_B", 1024),
    ("g_a_spec_wl5_E", 32),
    ("g_a_spec_wl6_A", 64),
    ("g_a_spec_wl6_C", 1024),
    ("g_a_spec_wl6_E", 1024),
    ("g_a_spec_wl6_F", 128),
    ("g_a_spec_wl7_A", 256),
    ("g_a_spec_wl7_B", 256),
    ("g_a_spec_wl7_C", 256),
    ("g_a_spec_wl1_A", 1024),
    ("g_a_spec_wl1_B", 1024),
    ("g_a_spec_wl1_C", 1024),
    ("g_a_spec_wl1_D", 64),
    ("g_a_spec_wl1_E", 1024),
    ("g_a_spec_wl1_F", 1024),
    ("g_a_spec_wl1_G", 1024),
    ("g_a_spec_wl1_I", 1024),
    ("g_a_spec_wl1_J", 1024),
    ("g_a_spec_wl1_K", 1024),
    ("g_a_spec_wl2_A", 684),
    ("g_a_spec_wl2_D", 684),
    ("g_a_spec_wl2_E", 684),
    ("g_a_spec_wl2_F", 256),
    ("g_a_spec_wl2_G", 256),
    ("g_a_spec_wl2_H", 684),
    ("g_a_spec_wl2_I", 684),
    ("g_a_spec_wl2_J", 684),
    ("g_a_spec_wl2_K", 684),
    ("g_a_spec_wl2_L", 256),
    ("g_a_spec_wl2_M", 256),
    ("g_a_spec_wl2_N", 684),
    ("g_a_spec_wl3_B", 256),
    ("g_a_spec_wl3_C", 256),
    ("g_a_spec_wl3_D", 1024),
    ("g_a_spec_wl3_E", 32),
    ("g_a_spec_wl3_F", 32),
    ("g_a_spec_wl3_G", 1024),
    ("g_a_spec_wl3_H", 256),
    ("g_a_spec_wl3_I", 256),
    ("g_a_spec_wl3_J", 1024),
    ("g_a_spec_wl3_K", 256),
    ("g_a_spec_wl3_L", 32),
    ("g_a_spec_wl3_M", 32),
    ("g_a_spec_wl3_N", 1024),
    ("g_a_spec_wl4_B", 1024),
    ("g_a_spec_wl4_C", 24),
    ("g_a_spec_wl4_G", 1024),
    ("g_a_spec_wl4_H", 1024),
    ("g_a_spec_wl4_I", 1024),
    ("g_a_spec_wl4_J", 1024),
    ("g_a_spec_wl4_K", 24),
    ("g_a_spec_wl4_L", 64),
    ("g_a_spec_wl5_A", 1024),
    ("g_a_spec_wl5_C", 32),
    ("g_a_spec_wl5_D", 1024),
    ("g_a_spec_wl5_F", 32),
    ("g_a_spec_wl5_G", 64),
    ("g_a_spec_wl5_H", 64),
    ("g_a_spec_wl5_I", 1024),
    ("g_a_spec_wl5_J", 1024),
    ("g_a_spec_wl5_K", 1024),
    ("g_a_spec_wl5_L", 1024),
    ("g_a_spec_wl6_B", 1024),
    ("g_a_spec_wl6_D", 1024),
    ("g_a_spec_wl6_G", 128),
    ("g_a_spec_wl6_H", 1024),
    ("g_a_spec_wl6_I", 1024),
    ("g_a_spec_wl6_J", 1024),
    ("g_a_spec_wl6_K", 128),
    ("g_a_spec_wl6_L", 1024),
    ("g_a_spec_wl7_D", 256),
    ("g_a_spec_wl7_E", 256),
    ("g_a_spec_wl7_F", 256),
    ("g_a_spec_wl7_G", 256),
    ("g_a_spec_wl7_H", 256),
    ("g_a_spec_wl7_I", 256),
    ("g_a_spec_wl7_J", 256),
    ("g_a_spec_wl7_K", 256),
    ("g_a_spec_wl7_L", 256),
    ("g_a_y_at5", 17),
    ("g_a_x_at5", 33),
    ("g_a_sg_shape_index_at5", 32),
    ("g_a_fqf_at5", 32),
    ("g_aa_ttval_at5", 512),
    ("c_ii4", 16),
    ("c_ii2", 16),
    ("c_ii16", 32),
    ("c_ii8", 32),
    ("c_iv16", 64),
    ("ana_coef", 2560),
    ("saa_mask", 16),
    ("saa_wl", 16),
    ("sa_ngc_3", 8),
    ("sa_idlev_3", 32),
    ("sa_idloc_0", 31),
    ("sa_idloc_3", 64),
    ("g_a_idspcbands_at5", 16),
    ("sa_tlev_thred_064", 64),
    ("sa_tlev_thred_096", 64),
    ("sa_wcfx_br_s064_m032", 128),
    ("sa_wcfx_br_s096_m064", 128),
    ("sa_wcfx_br_s128_m096", 128),
    ("sa_wcfx_br_s256_m128", 128),
    ("sa_mm_032", 128),
    ("sa_tc_032", 64),
    ("sa_mm_064", 128),
    ("sa_tc_064", 64),
    ("sa_mm_096", 128),
    ("sa_tc_096", 64),
    ("sa_mm_256", 128),
    ("sa_tc_256", 64),
    ("sa_nencodetbls", 8),
    ("sa_pcfx", 128),
    ("sa_mcfx_lbr", 128),
    ("sa_mcfx_hbr", 128),
    ("sa_adjscl_startqu", 32),
    ("sa_limit_idtf_stereo", 32),
    ("sa_adjust_iqt_0th_stereo", 32),
    ("saa_idtf_stereo", 1024),
    ("sa_limit_idtf_mono", 32),
    ("sa_adjust_iqt_0th_mono", 32),
    ("saa_idtf_mono", 1024),
    ("sa_spc_floor", 32),
    ("sa_pos_weight", 32),
    ("sa_spc_startqu", 32),
    ("sa_intensity_band_44kHz", 128),
    ("sa_intensity_band_48kHz", 128),
    ("sa_sintbl", 260),
    ("sa_sintbl3", 260),
    ("sa_sintbl2", 132),
    ("sa_sintbl1", 68),
    ("sa_sintbl0", 36),
];
